<Glyph name="equal_equal.liga" lsb="-468" width="550">
    <CharString>
        126 22 201 22 hstem
        -498 906 vstem
        510 379 {a61c4392} callsubr
        892 -223 {a61c4392} callsubr
        endchar
    </CharString>
    <Subrs>
        <CharString index="0" fingerprint="a61c4392">
            {053ace07} callsubr
            -936 {50f87708} callgsubr
            return
        </CharString>
        <CharString index="1" fingerprint="053ace07">
            rmoveto
            {9b1a6feb} callsubr
            return
        </CharString>
        <CharString index="2" fingerprint="9b1a6feb">
            11 52 rlineto
            return
        </CharString>
        <CharString index="3" fingerprint="a61c4392">
            {053ace07} callsubr
            -936 {50f87708} callgsubr
            return
        </CharString>
    </Subrs>
    <GlobalSubrs>
        <CharString index="0" fingerprint="50f87708">
            hlineto
            -10 -52 rlineto
            return
        </CharString>
        <CharString index="1" fingerprint="50f87708">
            hlineto
            -10 -52 rlineto
            return
        </CharString>
    </GlobalSubrs>
</Glyph>