<Glyph name="equal_equal_equal.liga" lsb="-1018" width="550">
    <CharString>
        {e06728d3} callsubr
        563 511 {ef3b9a97} callsubr
        -247 {ef3b9a97} callsubr
        -248 rmoveto
        13 61 rlineto
        -1486 hlineto
        -12 -61 rlineto
        endchar
    </CharString>
    <Subrs>
        <CharString index="0" fingerprint="e06728d3">
            16 61 187 60 187 60 hstem
            return
        </CharString>
        <CharString index="1" fingerprint="ef3b9a97">
            rmoveto
            13 60 rlineto
            -1486 hlineto
            -12 -60 rlineto
            1437 return
        </CharString>
    </Subrs>
    <GlobalSubrs/>
</Glyph>