<Glyph name="equal_equal_greater.liga" lsb="-1018" width="550">
    <CharString>
        {17e5c391} callgsubr
        -1018 1478 -393 {9772cd75} callsubr
        {e0be236e} callsubr
        -1249 {50f87708} callgsubr
        1310 {34bb5356} callsubr
        -1327 {50f87708} callgsubr
        1264 {a374cd37} callsubr
        {b821e20e} callsubr
        endchar
    </CharString>
    <Subrs>
        <CharString index="0" fingerprint="9772cd75">
            417 hintmask 11100000
            return
        </CharString>
        <CharString index="1" fingerprint="e0be236e">
            {9e664772} callgsubr
            119 -120 rlineto
            return
        </CharString>
        <CharString index="2" fingerprint="34bb5356">
            hlineto
            89 -90 -2 -8 -103 -73 rlineto
            return
        </CharString>
        <CharString index="3" fingerprint="a374cd37">
            hlineto
            hintmask 11010000
            return
        </CharString>
        <CharString index="4" fingerprint="b821e20e">
            -179 -127 {2f89f84b} callgsubr
            return
        </CharString>
        <CharString index="5" fingerprint="1c31358f">
            27 -46 380 271 10 52 return
        </CharString>
    </Subrs>
    <GlobalSubrs>
        <CharString index="0" fingerprint="17e5c391">
            {a926ac67} callgsubr
            hstemhm
            return
        </CharString>
        <CharString index="1" fingerprint="a926ac67">
            156 52 171 52 return
        </CharString>
        <CharString index="2" fingerprint="9e664772">
            206 591 rmoveto
            -41 -40 return
        </CharString>
        <CharString index="3" fingerprint="50f87708">
            hlineto
            -10 -52 rlineto
            return
        </CharString>
        <CharString index="4" fingerprint="2f89f84b">
            {1c31358f} callsubr
            rlineto
            return
        </CharString>
    </GlobalSubrs>
</Glyph>