<Glyph name="exclam_equal.liga" lsb="-468" width="550">
    <CharString>
        126 22 201 22 hstemhm
        -498 906 -768 665 hintmask 11100000
        510 379 {053ace07} callsubr
        -398 {a374cd37} callsubr
        182 258 -47 23 -198 -281 rlineto
        -475 {50f87708} callgsubr
        448 hlineto
        -121 -171 rlineto
        -360 {50f87708} callgsubr
        334 hlineto
        -226 -320 53 -14 236 334 rlineto
        538 hlineto
        {9b1a6feb} callsubr
        -513 hlineto
        121 171 rlineto
        endchar
    </CharString>
    <Subrs>
        <CharString index="0" fingerprint="053ace07">
            rmoveto
            {9b1a6feb} callsubr
            return
        </CharString>
        <CharString index="1" fingerprint="9b1a6feb">
            11 52 rlineto
            return
        </CharString>
        <CharString index="2" fingerprint="a374cd37">
            hlineto
            hintmask 11010000
            return
        </CharString>
    </Subrs>
    <GlobalSubrs>
        <CharString index="0" fingerprint="50f87708">
            hlineto
            -10 -52 rlineto
            return
        </CharString>
        <CharString index="1" fingerprint="50f87708">
            hlineto
            -10 -52 rlineto
            return
        </CharString>
    </GlobalSubrs>
</Glyph>