<Glyph name="greater_equal_greater.liga" lsb="-1033" width="550">
    <CharString>
        {17e5c391} callgsubr
        -1033 417 -394 1469 -392 417 hintmask 11010000
        {e0be236e} callsubr
        -1022 {4a0409a4} callgsubr
        hintmask 11100000
        {ebacf4f0} callsubr
        1009 hlineto
        hintmask 11001000
        {9521edfd} callgsubr
        -1010 hlineto
        65 46 rlineto
        hintmask 11100000
        10 52 -71 73 rlineto
        1022 hlineto
        89 -90 rlineto
        endchar
    </CharString>
    <Subrs>
        <CharString index="0" fingerprint="e0be236e">
            {9e664772} callgsubr
            119 -120 rlineto
            return
        </CharString>
        <CharString index="1" fingerprint="ebacf4f0">
            -355 -252 27 -46 243 173 rlineto
            return
        </CharString>
        <CharString index="2" fingerprint="b821e20e">
            -179 -127 {2f89f84b} callgsubr
            return
        </CharString>
        <CharString index="3" fingerprint="1c31358f">
            27 -46 380 271 10 52 return
        </CharString>
    </Subrs>
    <GlobalSubrs>
        <CharString index="0" fingerprint="17e5c391">
            {a926ac67} callgsubr
            hstemhm
            return
        </CharString>
        <CharString index="1" fingerprint="a926ac67">
            156 52 171 52 return
        </CharString>
        <CharString index="2" fingerprint="9e664772">
            206 591 rmoveto
            -41 -40 return
        </CharString>
        <CharString index="3" fingerprint="4a0409a4">
            hlineto
            -156 160 {5a2c4896} callgsubr
            rlineto
            return
        </CharString>
        <CharString index="4" fingerprint="5a2c4896">
            -41 -40 259 -262 -2 -8 return
        </CharString>
        <CharString index="5" fingerprint="9521edfd">
            {b821e20e} callsubr
            -62 -25 rmoveto
            -103 -73 rlineto
            return
        </CharString>
        <CharString index="6" fingerprint="2f89f84b">
            {1c31358f} callsubr
            rlineto
            return
        </CharString>
    </GlobalSubrs>
</Glyph>