<Glyph name="less_equal_equal.liga" lsb="-1007" width="550">
    <CharString>
        {17e5c391} callgsubr
        -1010 1478 -1475 {9772cd75} callsubr
        -825 379 rmoveto
        1335 hlineto
        {9b1a6feb} callsubr
        -1273 {a374cd37} callsubr
        {c18f7f36} callgsubr
        hintmask 11100000
        1285 hlineto
        {9b1a6feb} callsubr
        -1348 hlineto
        -77 78 2 8 rlineto
        endchar
    </CharString>
    <Subrs>
        <CharString index="0" fingerprint="9772cd75">
            417 hintmask 11100000
            return
        </CharString>
        <CharString index="1" fingerprint="9b1a6feb">
            11 52 rlineto
            return
        </CharString>
        <CharString index="2" fingerprint="a374cd37">
            hlineto
            hintmask 11010000
            return
        </CharString>
        <CharString index="3" fingerprint="502a035d">
            {46d990e9} callgsubr
            278 -286 41 41 return
        </CharString>
    </Subrs>
    <GlobalSubrs>
        <CharString index="0" fingerprint="17e5c391">
            {a926ac67} callgsubr
            hstemhm
            return
        </CharString>
        <CharString index="1" fingerprint="a926ac67">
            156 52 171 52 return
        </CharString>
        <CharString index="2" fingerprint="c18f7f36">
            162 115 {502a035d} callsubr
            {13fcb190} callgsubr
            rlineto
            return
        </CharString>
        <CharString index="3" fingerprint="46d990e9">
            -27 45 -381 -270 -9 -52 return
        </CharString>
        <CharString index="4" fingerprint="13fcb190">
            -130 132 return
        </CharString>
    </GlobalSubrs>
</Glyph>