<Glyph name="less_exclam_hyphen_hyphen.liga" lsb="-1557" width="550">
    <CharString>
        0 96 168 52 hstem
        -1557 417 213 225 vstem
        -852 {1df71722} callsubr
        -288 320 rmoveto
        {e6467a83} callgsubr
        446 hlineto
        13 52 rlineto
        -448 hlineto
        861 hmoveto
        -10 -52 rlineto
        1044 hlineto
        13 52 rlineto
        -1371 -316 {2f3e5c58} callsubr
    </CharString>
    <Subrs>
        <CharString index="0" fingerprint="1df71722">
            226 rmoveto
            39 hlineto
            25 116 56 211 30 122 rrcurveto
            -78 hlineto
            -21 -122 -29 -211 -22 -116 rrcurveto
            return
        </CharString>
        <CharString index="1" fingerprint="502a035d">
            {46d990e9} callgsubr
            278 -286 41 41 return
        </CharString>
        <CharString index="2" fingerprint="2f3e5c58">
            rmoveto
            90 hlineto
            20 96 rlineto
            -90 hlineto
            endchar
        </CharString>
    </Subrs>
    <GlobalSubrs>
        <CharString index="0" fingerprint="e6467a83">
            {502a035d} callsubr
            -237 240 rlineto
            return
        </CharString>
        <CharString index="1" fingerprint="46d990e9">
            -27 45 -381 -270 -9 -52 return
        </CharString>
    </GlobalSubrs>
</Glyph>