<Glyph name="less_equal_less.liga" lsb="-1007" width="550">
    <CharString>
        {17e5c391} callgsubr
        -1010 1469 -1466 417 683 {9772cd75} callsubr
        155 294 rmoveto
        hintmask 11001000
        {ba93ac95} callgsubr
        -1009 {a374cd37} callsubr
        {c18f7f36} callgsubr
        1021 {a556ddda} callgsubr
        -1023 -78 rmoveto
        {553b793e} callgsubr
        1009 hlineto
        -82 -58 rlineto
        hintmask 11001000
        -9 -52 59 -61 rlineto
        endchar
    </CharString>
    <Subrs>
        <CharString index="0" fingerprint="9772cd75">
            417 hintmask 11100000
            return
        </CharString>
        <CharString index="1" fingerprint="a374cd37">
            hlineto
            hintmask 11010000
            return
        </CharString>
        <CharString index="2" fingerprint="502a035d">
            {46d990e9} callgsubr
            278 -286 41 41 return
        </CharString>
    </Subrs>
    <GlobalSubrs>
        <CharString index="0" fingerprint="17e5c391">
            {a926ac67} callgsubr
            hstemhm
            return
        </CharString>
        <CharString index="1" fingerprint="a926ac67">
            156 52 171 52 return
        </CharString>
        <CharString index="2" fingerprint="ba93ac95">
            355 252 -27 45 -226 -160 rlineto
            return
        </CharString>
        <CharString index="3" fingerprint="c18f7f36">
            162 115 {502a035d} callsubr
            {13fcb190} callgsubr
            rlineto
            return
        </CharString>
        <CharString index="4" fingerprint="46d990e9">
            -27 45 -381 -270 -9 -52 return
        </CharString>
        <CharString index="5" fingerprint="13fcb190">
            -130 132 return
        </CharString>
        <CharString index="6" fingerprint="a556ddda">
            hlineto
            168 -173 41 41 -259 262 rlineto
            return
        </CharString>
        <CharString index="7" fingerprint="553b793e">
            -77 78 2 8 120 85 rlineto
            return
        </CharString>
    </GlobalSubrs>
</Glyph>