<Glyph name="equal_equal_greater.liga" lsb="-1199" width="625">
    <CharString>
        {d60c0b36} callsubr
        -1199 1758 {cf96d680} callgsubr
        -1327 {fdbdf28a} callsubr
        1486 {094a6dd1} callgsubr
        -1539 {ebe0bd64} callsubr
        1355 hlineto
        -93 -58 {9d6990a4} callsubr
    </CharString>
    <Subrs>
        <CharString index="0" fingerprint="d60c0b36">
            {1deed8a2} callsubr
            hstem
            return
        </CharString>
        <CharString index="1" fingerprint="1deed8a2">
            152 {145d2e17} callgsubr
            return
        </CharString>
        <CharString index="2" fingerprint="ed114548">
            246 693 rmoveto
            -107 -104 return
        </CharString>
        <CharString index="3" fingerprint="fdbdf28a">
            hlineto
            -27 -131 rlineto
            return
        </CharString>
        <CharString index="4" fingerprint="ebe0bd64">
            hlineto
            -27 -132 rlineto
            return
        </CharString>
        <CharString index="5" fingerprint="9d6990a4">
            {0a376d15} callsubr
            endchar
        </CharString>
        <CharString index="6" fingerprint="0a376d15">
            {ce9611a3} callsubr
            rlineto
            return
        </CharString>
        <CharString index="7" fingerprint="ce9611a3">
            {9ffb92b0} callsubr
            24 130 return
        </CharString>
        <CharString index="8" fingerprint="9ffb92b0">
            63 -122 409 264 return
        </CharString>
    </Subrs>
    <GlobalSubrs>
        <CharString index="0" fingerprint="145d2e17">
            132 111 131 return
        </CharString>
        <CharString index="1" fingerprint="cf96d680">
            vstem
            {ed114548} callsubr
            64 -63 rlineto
            return
        </CharString>
        <CharString index="2" fingerprint="094a6dd1">
            hlineto
            74 -73 -2 -13 -40 -25 rlineto
            return
        </CharString>
    </GlobalSubrs>
</Glyph>