<Glyph name="equal_less_less.liga" lsb="-1199" width="625">
    <CharString>
        {1deed8a2} callsubr
        hstemhm
        -1199 1783 -916 496 -76 496 hintmask 11010000
        -180 {ed539986} callsubr
        -967 {fdbdf28a} callsubr
        836 hlineto
        -17 -96 14 -15 rlineto
        -854 hlineto
        hintmask 11100000
        -27 -132 rlineto
        1008 hlineto
        172 -180 rlineto
        hintmask 11001000
        107 103 -270 268 rlineto
        422 13 rmoveto
        344 215 {acd73580} callgsubr
        -270 268 rlineto
        endchar
    </CharString>
    <Subrs>
        <CharString index="0" fingerprint="1deed8a2">
            152 {145d2e17} callgsubr
            return
        </CharString>
        <CharString index="1" fingerprint="ed539986">
            356 {a922991d} callsubr
            -258 -167 rlineto
            return
        </CharString>
        <CharString index="2" fingerprint="a922991d">
            rmoveto
            344 215 -63 122 return
        </CharString>
        <CharString index="3" fingerprint="fdbdf28a">
            hlineto
            -27 -131 rlineto
            return
        </CharString>
        <CharString index="4" fingerprint="e26cb4f3">
            -63 122 -410 -265 -23 -129 313 -327 return
        </CharString>
    </Subrs>
    <GlobalSubrs>
        <CharString index="0" fingerprint="145d2e17">
            132 111 131 return
        </CharString>
        <CharString index="1" fingerprint="acd73580">
            {e26cb4f3} callsubr
            107 103 return
        </CharString>
    </GlobalSubrs>
</Glyph>