<Glyph name="less_equal_greater.liga" lsb="-1162" width="625">
    <CharString>
        {d60c0b36} callsubr
        -1162 1721 {cf96d680} callgsubr
        -941 {d494bf67} callsubr
        976 hlineto
        -93 -58 {0a376d15} callsubr
        -152 -57 rmoveto
        -40 -25 rlineto
        -1320 hlineto
        -59 59 2 13 62 39 rlineto
        1283 hlineto
        74 -73 rlineto
        endchar
    </CharString>
    <Subrs>
        <CharString index="0" fingerprint="d60c0b36">
            {1deed8a2} callsubr
            hstem
            return
        </CharString>
        <CharString index="1" fingerprint="1deed8a2">
            152 {145d2e17} callgsubr
            return
        </CharString>
        <CharString index="2" fingerprint="ed114548">
            246 693 rmoveto
            -107 -104 return
        </CharString>
        <CharString index="3" fingerprint="d494bf67">
            hlineto
            72 45 {acd73580} callgsubr
            -78 77 rlineto
            return
        </CharString>
        <CharString index="4" fingerprint="e26cb4f3">
            -63 122 -410 -265 -23 -129 313 -327 return
        </CharString>
        <CharString index="5" fingerprint="0a376d15">
            {ce9611a3} callsubr
            rlineto
            return
        </CharString>
        <CharString index="6" fingerprint="ce9611a3">
            {9ffb92b0} callsubr
            24 130 return
        </CharString>
        <CharString index="7" fingerprint="9ffb92b0">
            63 -122 409 264 return
        </CharString>
    </Subrs>
    <GlobalSubrs>
        <CharString index="0" fingerprint="145d2e17">
            132 111 131 return
        </CharString>
        <CharString index="1" fingerprint="cf96d680">
            vstem
            {ed114548} callsubr
            64 -63 rlineto
            return
        </CharString>
        <CharString index="2" fingerprint="acd73580">
            {e26cb4f3} callsubr
            107 103 return
        </CharString>
    </GlobalSubrs>
</Glyph>