<Glyph name="equal_equal_equal.liga" lsb="-1018" width="550">
    <CharString>
        16 61 187 60 187 60 hstem
        467 511 {39bc6f61} callgsubr
        -247 {39bc6f61} callgsubr
        -248 rmoveto
        1 61 rlineto
        -1486 -61 hlineto
        endchar
    </CharString>
    <Subrs/>
    <GlobalSubrs>
        <CharString index="0" fingerprint="39bc6f61">
            rmoveto
            1 60 rlineto
            -1486 -60 hlineto
            1485 return
        </CharString>
        <CharString index="1" fingerprint="39bc6f61">
            rmoveto
            1 60 rlineto
            -1486 -60 hlineto
            1485 return
        </CharString>
    </GlobalSubrs>
</Glyph>