<Glyph name="exclam_equal.liga" lsb="-468" width="550">
    <CharString>
        {36aee12c} callsubr
        -561 52 171 52 hstemhm
        -468 936 -755 520 hintmask 00110000
        66 379 rmoveto
        401 {91954767} callsubr
        -375 hlineto
        hintmask 00101000
        140 262 rlineto
        hintmask 10001000
        -51 24 rlineto
        hintmask 00101000
        -153 -286 rlineto
        -497 -52 470 hlineto
        hintmask 01101000
        -92 -171 rlineto
        -378 -52 351 hlineto
        -170 -318 rlineto
        hintmask 10001000
        54 -19 rlineto
        hintmask 01101000
        180 337 rlineto
        520 {91954767} callsubr
        -494 hlineto
        endchar
    </CharString>
    <Subrs>
        <CharString index="0" fingerprint="36aee12c">
            -181 898 return
        </CharString>
        <CharString index="1" fingerprint="91954767">
            hlineto
            {c7138596} callgsubr
            return
        </CharString>
    </Subrs>
    <GlobalSubrs>
        <CharString index="0" fingerprint="c7138596">
            1 52 rlineto
            return
        </CharString>
    </GlobalSubrs>
</Glyph>