<Glyph name="greater_equal_greater.liga" lsb="-1009" width="550">
    <CharString>
        {0b3c1f4e} callsubr
        1469 -1156 57 1043 {076e1c46} callsubr
        -1015 {75fc0322} callsubr
        hintmask 11010000
        {7d351c1f} callgsubr
        208 176 rlineto
        1015 hlineto
        -158 -134 {c7af96e2} callgsubr
        hintmask 11001000
        -57 -31 rmoveto
        -92 -78 rlineto
        -1016 hlineto
        hintmask 11010000
        65 55 rlineto
        54 vlineto
        -73 62 rlineto
        1015 hlineto
        hintmask 11001000
        101 -85 rlineto
        endchar
    </CharString>
    <Subrs>
        <CharString index="0" fingerprint="0b3c1f4e">
            {17e5c391} callgsubr
            -1010 return
        </CharString>
        <CharString index="1" fingerprint="076e1c46">
            57 hintmask 11100000
            {ea3a6f68} callsubr
            144 -121 rlineto
            return
        </CharString>
        <CharString index="2" fingerprint="ea3a6f68">
            133 595 rmoveto
            -36 -43 return
        </CharString>
        <CharString index="3" fingerprint="75fc0322">
            hlineto
            -193 164 -36 -43 rlineto
            return
        </CharString>
        <CharString index="4" fingerprint="735054ce">
            306 {1341d64a} callgsubr
            return
        </CharString>
        <CharString index="5" fingerprint="4d0a4e5f">
            -312 -264 35 -42 return
        </CharString>
    </Subrs>
    <GlobalSubrs>
        <CharString index="0" fingerprint="17e5c391">
            {a926ac67} callgsubr
            hstemhm
            return
        </CharString>
        <CharString index="1" fingerprint="a926ac67">
            156 52 171 52 return
        </CharString>
        <CharString index="2" fingerprint="7d351c1f">
            {735054ce} callsubr
            hintmask 11100000
            {4d0a4e5f} callsubr
            return
        </CharString>
        <CharString index="3" fingerprint="1341d64a">
            -258 rlineto
            -8 vlineto
            return
        </CharString>
        <CharString index="4" fingerprint="c7af96e2">
            35 -42 {fe9ab107} callgsubr
            54 vlineto
            return
        </CharString>
        <CharString index="5" fingerprint="fe9ab107">
            334 283 rlineto
            return
        </CharString>
    </GlobalSubrs>
</Glyph>