<Glyph name="less_slash.liga" lsb="-460" width="525">
    <CharString>
        418 {36aee12c} callsubr
        hstem
        -460 58 199 520 vstem
        266 717 rmoveto
        -367 -687 -301 256 rlineto
        {9d42e380} callsubr
        -76 -142 54 -19 466 874 rlineto
        endchar
    </CharString>
    <Subrs>
        <CharString index="0" fingerprint="36aee12c">
            -181 898 return
        </CharString>
        <CharString index="1" fingerprint="9d42e380">
            {a8585996} callsubr
            {f9df3c06} callsubr
            return
        </CharString>
        <CharString index="2" fingerprint="a8585996">
            8 vlineto
            {653069d6} callsubr
            return
        </CharString>
        <CharString index="3" fingerprint="653069d6">
            306 258 -36 43 return
        </CharString>
        <CharString index="4" fingerprint="f9df3c06">
            -328 -279 rlineto
            -53 vlineto
            333 -283 return
        </CharString>
    </Subrs>
    <GlobalSubrs/>
</Glyph>