<Glyph name="less_hyphen.liga" lsb="-460" width="550">
    <CharString>
        264 52 hstemhm
        -460 58 -58 894 hintmask 10100000
        434 {9b6142ec} callsubr
        -810 {1326ca39} callgsubr
        807 hlineto
        endchar
    </CharString>
    <Subrs>
        <CharString index="0" fingerprint="9b6142ec">
            316 rmoveto
            return
        </CharString>
        <CharString index="1" fingerprint="ecf99dc2">
            {f9df3c06} callsubr
            36 42 return
        </CharString>
        <CharString index="2" fingerprint="f9df3c06">
            -328 -279 rlineto
            -53 vlineto
            333 -283 return
        </CharString>
    </Subrs>
    <GlobalSubrs>
        <CharString index="0" fingerprint="1326ca39">
            hlineto
            280 236 -36 43 rlineto
            hintmask 11000000
            {80b4b821} callgsubr
            return
        </CharString>
        <CharString index="1" fingerprint="80b4b821">
            {ecf99dc2} callsubr
            -285 242 rlineto
            return
        </CharString>
    </GlobalSubrs>
</Glyph>