<Glyph name="less_equal_equal.liga" lsb="-1010" width="550">
    <CharString>
        {0b3c1f4e} callsubr
        58 -58 1478 hintmask 11100000
        -952 286 rmoveto
        8 vlineto
        101 85 rlineto
        hintmask 11010000
        1318 {91954767} callsubr
        -1258 {2e75d6c9} callgsubr
        1266 {91954767} callsubr
        -1328 hlineto
        endchar
    </CharString>
    <Subrs>
        <CharString index="0" fingerprint="0b3c1f4e">
            {17e5c391} callgsubr
            -1010 return
        </CharString>
        <CharString index="1" fingerprint="91954767">
            hlineto
            {c7138596} callgsubr
            return
        </CharString>
        <CharString index="2" fingerprint="ecf99dc2">
            {f9df3c06} callsubr
            36 42 return
        </CharString>
        <CharString index="3" fingerprint="f9df3c06">
            -328 -279 rlineto
            -53 vlineto
            333 -283 return
        </CharString>
    </Subrs>
    <GlobalSubrs>
        <CharString index="0" fingerprint="17e5c391">
            {a926ac67} callgsubr
            hstemhm
            return
        </CharString>
        <CharString index="1" fingerprint="a926ac67">
            156 52 171 52 return
        </CharString>
        <CharString index="2" fingerprint="c7138596">
            1 52 rlineto
            return
        </CharString>
        <CharString index="3" fingerprint="2e75d6c9">
            hlineto
            144 121 {3eba54eb} callgsubr
            -158 134 rlineto
            return
        </CharString>
        <CharString index="4" fingerprint="3eba54eb">
            -36 43 {ecf99dc2} callsubr
            return
        </CharString>
    </GlobalSubrs>
</Glyph>