<Glyph name="slash_greater.liga" lsb="-335" width="550">
    <CharString>
        {36aee12c} callsubr
        hstem
        -335 520 218 57 vstem
        133 595 rmoveto
        -1 -1 53 99 {c030e715} callsubr
        387 726 297 -251 rlineto
        -8 vlineto
        -312 -264 {c7af96e2} callgsubr
        endchar
    </CharString>
    <Subrs>
        <CharString index="0" fingerprint="36aee12c">
            -181 898 return
        </CharString>
        <CharString index="1" fingerprint="c030e715">
            -51 24 -469 -879 54 -19 return
        </CharString>
    </Subrs>
    <GlobalSubrs>
        <CharString index="0" fingerprint="c7af96e2">
            35 -42 {fe9ab107} callgsubr
            54 vlineto
            return
        </CharString>
        <CharString index="1" fingerprint="fe9ab107">
            334 283 rlineto
            return
        </CharString>
    </GlobalSubrs>
</Glyph>