<Glyph name="colon_equal.liga" lsb="-450" width="625">
    <CharString>
        126 183 60 183 hstem
        -450 907 vstem
        -450 369 rmoveto
        {567c0d9d} callgsubr
        904 -158 {04aa7597} callgsubr
        -597 {35032154} callsubr
        -310 -268 rmoveto
        {567c0d9d} callgsubr
        904 -157 {04aa7597} callgsubr
        -597 {35032154} callsubr
        endchar
    </CharString>
    <Subrs>
        <CharString index="0" fingerprint="35032154">
            -132 vlineto
            return
        </CharString>
        <CharString index="1" fingerprint="35032154">
            -132 vlineto
            return
        </CharString>
    </Subrs>
    <GlobalSubrs>
        <CharString index="0" fingerprint="567c0d9d">
            207 hlineto
            3 183 rlineto
            -207 hlineto
            return
        </CharString>
        <CharString index="1" fingerprint="04aa7597">
            rmoveto
            132 return
        </CharString>
        <CharString index="2" fingerprint="567c0d9d">
            207 hlineto
            3 183 rlineto
            -207 hlineto
            return
        </CharString>
    </GlobalSubrs>
</Glyph>