<Glyph name="equal_less_less.liga" lsb="-1171" width="625">
    <CharString>
        {b6a51f90} callgsubr
        hstemhm
        -1171 1712 -872 141 278 141 hintmask 11010000
        -190 339 rmoveto
        {a6f5fb2a} callsubr
        -209 -168 {bf847d0e} callgsubr
        -1001 -132 hlineto
        hintmask 11010000
        840 -110 hlineto
        hintmask 11100000
        -840 -132 hlineto
        hintmask 11010000
        981 hlineto
        223 -181 88 113 -311 241 rlineto
        hintmask 11011000
        419 14 rmoveto
        hintmask 11100000
        {a6f5fb2a} callsubr
        rlineto
        hintmask 11011000
        {822f0283} callsubr
        {bf847d0e} callgsubr
        88 113 rlineto
        hintmask 11011000
        -311 241 rlineto
        endchar
    </CharString>
    <Subrs>
        <CharString index="0" fingerprint="a6f5fb2a">
            312 243 -83 112 return
        </CharString>
        <CharString index="1" fingerprint="a6f5fb2a">
            312 243 -83 112 return
        </CharString>
        <CharString index="2" fingerprint="822f0283">
            -370 -298 rlineto
            -130 vlineto
            364 -295 return
        </CharString>
    </Subrs>
    <GlobalSubrs>
        <CharString index="0" fingerprint="b6a51f90">
            152 132 110 132 return
        </CharString>
        <CharString index="1" fingerprint="bf847d0e">
            rlineto
            hintmask 11100000
            return
        </CharString>
    </GlobalSubrs>
</Glyph>