<Glyph name="equal_equal_greater.liga" lsb="-1171" width="625">
    <CharString>
        {b6a51f90} callgsubr
        hstemhm
        -1171 1712 {7200d27f} callsubr
        -1329 -132 1500 {9a6ba509} callsubr
        -1518 -132 1349 hlineto
        -90 -70 {00c9cf16} callgsubr
        endchar
    </CharString>
    <Subrs>
        <CharString index="0" fingerprint="7200d27f">
            -141 141 hintmask 11100000
            {8890d024} callgsubr
            69 -53 rlineto
            return
        </CharString>
        <CharString index="1" fingerprint="9a6ba509">
            hlineto
            hintmask 11010000
            71 -55 rlineto
            -14 vlineto
            -53 -41 {bf847d0e} callgsubr
            return
        </CharString>
    </Subrs>
    <GlobalSubrs>
        <CharString index="0" fingerprint="b6a51f90">
            152 132 110 132 return
        </CharString>
        <CharString index="1" fingerprint="8890d024">
            177 693 rmoveto
            -88 -114 return
        </CharString>
        <CharString index="2" fingerprint="bf847d0e">
            rlineto
            hintmask 11100000
            return
        </CharString>
        <CharString index="3" fingerprint="00c9cf16">
            83 -112 370 298 rlineto
            129 vlineto
            return
        </CharString>
    </GlobalSubrs>
</Glyph>