<Glyph name="equal_equal.2.liga" lsb="-546" width="625">
    <CharString>
        {b6a51f90} callgsubr
        hstem
        -546 1091 vstem
        -30 394 rmoveto
        {8ac6178e} callsubr
        1091 {0e6bbb48} callsubr
        -59 -242 rmoveto
        {8ac6178e} callsubr
        1091 {0e6bbb48} callsubr
        endchar
    </CharString>
    <Subrs>
        <CharString index="0" fingerprint="8ac6178e">
            132 -516 {35032154} callsubr
            return
        </CharString>
        <CharString index="1" fingerprint="35032154">
            -132 vlineto
            return
        </CharString>
        <CharString index="2" fingerprint="0e6bbb48">
            hmoveto
            {8ac6178e} callsubr
            return
        </CharString>
        <CharString index="3" fingerprint="8ac6178e">
            132 -516 {35032154} callsubr
            return
        </CharString>
    </Subrs>
    <GlobalSubrs>
        <CharString index="0" fingerprint="b6a51f90">
            152 132 110 132 return
        </CharString>
    </GlobalSubrs>
</Glyph>