<Glyph name="equal_equal.liga" lsb="-546" width="625">
    <CharString>
        {b6a51f90} callgsubr
        hstem
        -546 1091 vstem
        {2afc7c25} callgsubr
        -1091 {35032154} callsubr
        1091 -242 {04aa7597} callgsubr
        -1091 {35032154} callsubr
        endchar
    </CharString>
    <Subrs>
        <CharString index="0" fingerprint="35032154">
            -132 vlineto
            return
        </CharString>
        <CharString index="1" fingerprint="35032154">
            -132 vlineto
            return
        </CharString>
    </Subrs>
    <GlobalSubrs>
        <CharString index="0" fingerprint="b6a51f90">
            152 132 110 132 return
        </CharString>
        <CharString index="1" fingerprint="2afc7c25">
            545 394 {04aa7597} callgsubr
            return
        </CharString>
        <CharString index="2" fingerprint="04aa7597">
            rmoveto
            132 return
        </CharString>
    </GlobalSubrs>
</Glyph>