<Glyph name="greater_greater_equal.liga" lsb="-1162" width="625">
    <CharString>
        {b6a51f90} callgsubr
        hstemhm
        -1162 1707 -1395 141 279 141 hintmask 11011000
        -709 397 rmoveto
        -364 296 {bf847d0e} callgsubr
        -88 -114 rlineto
        hintmask 11011000
        {e525c5a7} callgsubr
        hintmask 11100000
        {64c17bc4} callsubr
        rlineto
        hintmask 11011000
        370 298 {bf847d0e} callgsubr
        1254 126 {04aa7597} callgsubr
        -993 vlineto
        -205 167 -88 -114 rlineto
        hintmask 11011000
        {e525c5a7} callgsubr
        {64c17bc4} callsubr
        226 182 {bf847d0e} callgsubr
        978 132 hlineto
        hintmask 11011000
        -834 110 hlineto
        endchar
    </CharString>
    <Subrs>
        <CharString index="0" fingerprint="64c17bc4">
            -312 -243 83 -112 return
        </CharString>
        <CharString index="1" fingerprint="64c17bc4">
            -312 -243 83 -112 return
        </CharString>
    </Subrs>
    <GlobalSubrs>
        <CharString index="0" fingerprint="b6a51f90">
            152 132 110 132 return
        </CharString>
        <CharString index="1" fingerprint="bf847d0e">
            rlineto
            hintmask 11100000
            return
        </CharString>
        <CharString index="2" fingerprint="e525c5a7">
            311 -240 rlineto
            -14 vlineto
            return
        </CharString>
        <CharString index="3" fingerprint="04aa7597">
            rmoveto
            132 return
        </CharString>
    </GlobalSubrs>
</Glyph>