<Glyph name="hyphen_hyphen_greater.liga" lsb="-1114" width="625">
    <CharString>
        269 {2372f2aa} callsubr
        -1114 1655 vstem
        {8890d024} callgsubr
        228 -176 rlineto
        -1431 -134 1442 hlineto
        -240 -187 {00c9cf16} callgsubr
        endchar
    </CharString>
    <Subrs>
        <CharString index="0" fingerprint="2372f2aa">
            134 hstem
            return
        </CharString>
    </Subrs>
    <GlobalSubrs>
        <CharString index="0" fingerprint="8890d024">
            177 693 rmoveto
            -88 -114 return
        </CharString>
        <CharString index="1" fingerprint="00c9cf16">
            83 -112 370 298 rlineto
            129 vlineto
            return
        </CharString>
    </GlobalSubrs>
</Glyph>