<Glyph name="less_equal_greater.liga" lsb="-1162" width="625">
    <CharString>
        {b6a51f90} callgsubr
        hstemhm
        -1162 141 -141 1703 {7200d27f} callsubr
        -939 hlineto
        72 56 -83 112 {822f0283} callsubr
        88 113 -88 68 rlineto
        976 hlineto
        -90 -70 83 -112 rlineto
        hintmask 11010000
        370 298 rlineto
        129 vlineto
        hintmask 11101000
        -141 -72 rmoveto
        -55 -43 rlineto
        2 -1313 vlineto
        -53 41 rlineto
        14 vlineto
        71 55 rlineto
        1279 hlineto
        71 -55 rlineto
        endchar
    </CharString>
    <Subrs>
        <CharString index="0" fingerprint="7200d27f">
            -141 141 hintmask 11100000
            {8890d024} callgsubr
            69 -53 rlineto
            return
        </CharString>
        <CharString index="1" fingerprint="822f0283">
            -370 -298 rlineto
            -130 vlineto
            364 -295 return
        </CharString>
    </Subrs>
    <GlobalSubrs>
        <CharString index="0" fingerprint="b6a51f90">
            152 132 110 132 return
        </CharString>
        <CharString index="1" fingerprint="8890d024">
            177 693 rmoveto
            -88 -114 return
        </CharString>
    </GlobalSubrs>
</Glyph>