<Glyph name="less_equal_less.liga" lsb="-1162" width="625">
    <CharString>
        {b6a51f90} callgsubr
        hstemhm
        -1162 141 -141 1703 -453 141 hintmask 11101000
        229 339 rmoveto
        hintmask 11010000
        {a6f5fb2a} callsubr
        -209 -168 rlineto
        -1030 hlineto
        72 56 -83 112 {bf847d0e} callgsubr
        {822f0283} callsubr
        88 113 -88 68 rlineto
        hintmask 11101000
        1027 hlineto
        223 -181 rlineto
        hintmask 11010000
        88 113 rlineto
        hintmask 11101000
        -311 241 rlineto
        -1250 hmoveto
        14 vlineto
        71 55 rlineto
        1038 -110 -1056 hlineto
        endchar
    </CharString>
    <Subrs>
        <CharString index="0" fingerprint="a6f5fb2a">
            312 243 -83 112 return
        </CharString>
        <CharString index="1" fingerprint="822f0283">
            -370 -298 rlineto
            -130 vlineto
            364 -295 return
        </CharString>
    </Subrs>
    <GlobalSubrs>
        <CharString index="0" fingerprint="b6a51f90">
            152 132 110 132 return
        </CharString>
        <CharString index="1" fingerprint="bf847d0e">
            rlineto
            hintmask 11100000
            return
        </CharString>
    </GlobalSubrs>
</Glyph>