<GlobalSubrs>
    
      
    <!-- The 'index' attribute is only for humans; it is ignored when parsed. -->
    
      
    <CharString index="0">
        
        -100 callsubr
        61 -48 89 77 57 35 37 40 vhcurveto
        2 -22 4 -31 1 -10 rrcurveto
        73 callgsubr
        rmoveto
        -61 -40 30 52 67 59 39 179 -19 hvcurveto
        -48 1 -36 1 -32 vhcurveto
        -30 -38 -52 -23 -49 hhcurveto
        endchar
      
    </CharString>
    
      
    <CharString index="1">
        
        rmoveto
        84 6 -47 callsubr
        rlinecurve
        -94 callsubr
        18 -64 17 -65 17 -64 rrcurveto
        -160 554 -87 callsubr
      
    </CharString>
    
      
    <CharString index="2">
        
        rmoveto
        8 69 -37 callgsubr
        rlinecurve
        72 callgsubr
        rlineto
        -102 callgsubr
      
    </CharString>
    
      
    <CharString index="3">
        
        rmoveto
        -43 callsubr
        hintmask 11011000
        -75 callgsubr
        hintmask 11100100
        -48 callgsubr
        hintmask 11010100
        -34 callsubr
        hintmask 11011000
        -71 callgsubr
        hintmask 11100100
        -74 callgsubr
      
    </CharString>
    
      
    <CharString index="4">
        
        -57 callsubr
        -172 2 -128 2 -88 vhcurveto
        -27 -37 -41 -18 -47 hhcurveto
        -61 -36 -67 callsubr
        57 -49 87 70 52 32 34 41 vhcurveto
        endchar
      
    </CharString>
    
      
    <CharString index="5">
        
        -71 callsubr
        -159 83 -89 307 -1 hvcurveto
        -173 446 -77 callsubr
      
    </CharString>
    
      
    <CharString index="6">
        
        rmoveto
        71 66 56 92 56 hvcurveto
        -48 25 rlineto
        -70 -47 -39 -37 -52 hhcurveto
        -49 -37 31 80 -49 hvcurveto
        -57 -33 rlineto
        -97 54 61 -47 70 hhcurveto
        return
      
    </CharString>
    
      
    <CharString index="7">
        
        -105 callsubr
        endchar
      
    </CharString>
    
      
    <CharString index="8">
        
        rmoveto
        -101 callsubr
      
    </CharString>
    
      
    <CharString index="9">
        
        15 117 21 236 13 267 rrcurveto
        -78 hlineto
        -5 -124 -16 -329 -7 -61 rrcurveto
        -3 hlineto
        -30 110 -30 111 -29 109 rrcurveto
        -50 hlineto
        -28 -108 -25 -100 -33 -122 46 callsubr
        -6 61 -18 329 -5 124 rrcurveto
        -82 hlineto
        13 -267 20 -236 15 -117 rrcurveto
        88 hlineto
        endchar
      
    </CharString>
    
      
    <CharString index="10">
        
        rmoveto
        7 -75 166 20 47 46 66 173 rlinecurve
        64 162 52 146 41 121 rrcurveto
        -78 hlineto
        -26 -69 -70 -221 -37 -100 rrcurveto
        -10 hlineto
        -55 125 -56 142 -49 125 -83 -5 rcurveline
        49 -120 94 -227 57 -125 9 -2 rcurveline
        -34 -80 -29 -17 -125 -19 rrcurveto
        endchar
      
    </CharString>
    
      
    <CharString index="11">
        
        rmoveto
        8 -74 rlineto
        270 14 67 104 169 vvcurveto
        57 0 268 -1 39 vhcurveto
        15 -49 -46 8 -48 hhcurveto
        -140 -121 -98 -158 -129 79 -78 106 58 47 21 27 35 hvcurveto
        -2 -139 -31 -28 -232 -18 rrcurveto
        155 202 rmoveto
        -77 -58 53 108 109 66 59 86 31 30 -6 -9 32 hvcurveto
        -1 -76 1 -137 -67 vvcurveto
        -20 -32 -39 -14 -39 hhcurveto
        endchar
      
    </CharString>
    
      
    <CharString index="12">
        
        rmoveto
        127 77 80 139 hvcurveto
        -79 callgsubr
        -139 73 -76 81 callsubr
        endchar
      
    </CharString>
    
      
    <CharString index="13">
        
        rmoveto
        24 36 -55 42 -92 84 -50 54 rlinecurve
        -60 -67 62 -49 103 -65 68 -35 rlinecurve
        return
      
    </CharString>
    
      
    <CharString index="14">
        
        -58 callsubr
        -82 callsubr
        return
      
    </CharString>
    
      
    <CharString index="15">
        
        rmoveto
        24 -55 rlineto
        157 57 75 90 113 vvcurveto
        104 -64 56 -90 -84 -71 -56 -82 -118 145 -31 98 81 vhcurveto
        -13 -69 -52 -46 -125 -44 rrcurveto
        8 232 rmoveto
        49 40 31 48 56 41 -37 -77 vhcurveto
        -4 vlineto
        -88 -60 -97 20 78 vvcurveto
        endchar
      
    </CharString>
    
      
    <CharString index="16">
        
        rmoveto
        50 46 54 85 36 hvcurveto
        -46 20 rlineto
        -59 -27 -25 -34 -25 -42 -41 101 -64 hhcurveto
        -51 -46 -54 -85 -35 hvcurveto
        45 -20 rlineto
        58 27 25 34 26 42 41 -100 64 hhcurveto
        return
      
    </CharString>
    
      
    <CharString index="17">
        
        rmoveto
        54 -51 45 -163 15 vhcurveto
        8 95 rlineto
        188 hlineto
        6 57 rlineto
        -248 hlineto
        -15 -198 rlineto
        return
      
    </CharString>
    
      
    <CharString index="18">
        
        207 6 77 53 66 vvcurveto
        47 -46 39 -129 20 vhcurveto
        165 122 -4 53 rlineto
        -269 -57 hlineto
        return
      
    </CharString>
    
      
    <CharString index="19">
        
        rmoveto
        82 hlineto
        2 -23 callgsubr
        -83 hlineto
        return
      
    </CharString>
    
      
    <CharString index="20">
        
        8 581 rmoveto
        95 52 -90 -170 -166 -49 -86 -92 -96 -51 90 170 166 48 86 93 hvcurveto
        endchar
      
    </CharString>
    
      
    <CharString index="21">
        
        2 callsubr
        -84 callgsubr
        endchar
      
    </CharString>
    
      
    <CharString index="22">
        
        724 -106 callsubr
        return
      
    </CharString>
    
      
    <CharString index="23">
        
        -65 callgsubr
        -55 callgsubr
        return
      
    </CharString>
    
      
    <CharString index="24">
        
        368 hlineto
        7 62 rlineto
        -166 hlineto
        -1 114 -2 96 -1 85 54 35 71 22 100 8 -4 86 rcurveline
        -101 -12 -75 -40 -48 -50 -1 23 -4 51 -1 10 rrcurveto
        -190 hlineto
        -6 -58 124 -7 3 -98 1 -115 2 -150 rlinecurve
        -130 hlineto
        return
      
    </CharString>
    
      
    <CharString index="25">
        
        135 425 -97 callsubr
        return
      
    </CharString>
    
      
    <CharString index="26">
        
        rmoveto
        -2 80 1 96 128 vvcurveto
        -78 hlineto
        -92 2 -93 1 -67 vhcurveto
        -198 -13 -64 98 165 vvcurveto
        138 49 102 267 -1 vhcurveto
        -5 80 rlineto
        -304 -11 -92 -146 -177 vvcurveto
        -217 128 -133 295 63 vhcurveto
        return
      
    </CharString>
    
      
    <CharString index="27">
        
        219 -136 -88 callgsubr
        return
      
    </CharString>
    
      
    <CharString index="28">
        
        -48 callsubr
        -74 -45 47 102 vhcurveto
        414 -84 -420 vlineto
        return
      
    </CharString>
    
      
    <CharString index="29">
        
        -80 callsubr
        hlineto
        endchar
      
    </CharString>
    
      
    <CharString index="30">
        
        rmoveto
        68 -8 -10 callsubr
        rlinecurve
        56 -296 vlineto
        -5 -58 rlineto
        hintmask 10100000
        -44 callgsubr
        endchar
      
    </CharString>
    
      
    <CharString index="31">
        
        rmoveto
        126 -240 89 13 -148 268 rlineto
        60 43 44 56 82 vvcurveto
        127 -96 82 -285 -42 vhcurveto
        -619 83 226 vlineto
        61 vmoveto
        268 vlineto
        151 22 65 -53 -90 vvcurveto
        -63 -33 -48 -48 -32 vhcurveto
        return
      
    </CharString>
    
      
    <CharString index="32">
        
        60 26 34 32 47 vvcurveto
        58 -60 38 -79 -98 -53 -55 -51 -46 43 -30 48 -26 vhcurveto
        return
      
    </CharString>
    
      
    <CharString index="33">
        
        -43 callgsubr
        -53 callgsubr
      
    </CharString>
    
      
    <CharString index="34">
        
        443 hlineto
        6 62 rlineto
        -39 callsubr
        -39 callgsubr
      
    </CharString>
    
      
    <CharString index="35">
        
        rmoveto
        -78 callgsubr
      
    </CharString>
    
      
    <CharString index="36">
        
        -38 callgsubr
        hvcurveto
        -44 callsubr
        return
      
    </CharString>
    
      
    <CharString index="37">
        
        695 -101 callgsubr
        return
      
    </CharString>
    
      
    <CharString index="38">
        
        rmoveto
        -73 callgsubr
      
    </CharString>
    
      
    <CharString index="39">
        
        rmoveto
        233 -481 rlineto
        79 620 -78 hlineto
        3 -472 rlineto
        -4 hlineto
        -225 472 rlineto
        -87 -620 77 hlineto
        -3 481 rlineto
        return
      
    </CharString>
    
      
    <CharString index="40">
        
        75 callgsubr
        101 -20 79 -38 53 vhcurveto
        39 71 -53 28 -29 -56 rlineto
        23 -32 -39 12 -46 hhcurveto
        -38 callsubr
        -102 21 -79 39 -53 hvcurveto
        -39 -70 52 -28 30 55 rlineto
        -22 32 38 -12 45 hhcurveto
        -134 329 rmoveto
        167 49 85 93 38 31 -14 -28 24 vhcurveto
        -209 -380 rlineto
        -17 43 -9 56 71 vvcurveto
        148 -260 rmoveto
        -38 -32 14 28 -23 hvcurveto
        209 380 rlineto
        17 -42 9 -57 -71 vvcurveto
        -167 -50 -85 -92 vhcurveto
        endchar
      
    </CharString>
    
      
    <CharString index="41">
        
        136 -13 50 -27 -31 vvcurveto
        -35 -57 -23 -168 -5 vhcurveto
        return
      
    </CharString>
    
      
    <CharString index="42">
        
        129 89 71 65 75 vvcurveto
        66 -61 53 -208 -1 vhcurveto
        -5 -58 rlineto
        return
      
    </CharString>
    
      
    <CharString index="43">
        
        488 154 66 -390 -66 153 -488 -153 -66 return
      
    </CharString>
    
      
    <CharString index="44">
        
        -67 -413 -100 callgsubr
      
    </CharString>
    
      
    <CharString index="45">
        
        -240 -11 -69 66 129 vvcurveto
        104 49 69 253 -1 vhcurveto
        -6 77 rlineto
        -285 -6 -91 -119 -135 vvcurveto
        return
      
    </CharString>
    
      
    <CharString index="46">
        
        195 2 rlineto
        -3 vlineto
        -162 -121 rlineto
        -33 vlineto
        return
      
    </CharString>
    
      
    <CharString index="47">
        
        -38 callsubr
        -199 80 -112 138 return
      
    </CharString>
    
      
    <CharString index="48">
        
        rmoveto
        28 66 rlineto
        -175 53 -76 39 53 vvcurveto
        hintmask 10110000
        58 88 42 63 vvcurveto
        39 -31 40 -84 21 vhcurveto
        hintmask 10101000
        85 23 32 41 37 vvcurveto
        hintmask 11001000
        56 -96 49 52 vvcurveto
        45 78 40 181 51 vhcurveto
        -26 67 rlineto
        -230 -73 -81 -69 -69 vvcurveto
        1 -75 100 -43 -45 vvcurveto
        -30 -36 -23 -125 -11 vhcurveto
        -2 -59 rlineto
        hintmask 10110000
        109 -7 48 -31 -38 -47 -92 -43 -79 vvcurveto
        -74 78 -46 226 -73 vhcurveto
        endchar
      
    </CharString>
    
      
    <CharString index="49">
        
        -61 callsubr
        158 -893 -106 callgsubr
      
    </CharString>
    
      
    <CharString index="50">
        
        rmoveto
        26 -68 rlineto
        hintmask 10101000
        230 73 80 70 68 vvcurveto
        hintmask 11010000
        76 -101 43 45 vvcurveto
        29 37 24 124 11 vhcurveto
        3 58 rlineto
        hintmask 10110000
        -110 7 -48 31 38 47 93 44 78 vvcurveto
        74 -78 46 -226 73 vhcurveto
        -28 -66 rlineto
        175 -53 76 -38 -54 -58 -89 -42 -63 vvcurveto
        -39 32 -40 83 -20 vhcurveto
        -84 -24 -32 -41 -36 vvcurveto
        hintmask 10101000
        -57 95 -49 -51 vvcurveto
        -45 -78 -41 -180 -50 vhcurveto
        endchar
      
    </CharString>
    
      
    <CharString index="51">
        
        -3 callgsubr
        636 -226 hlineto
        -7 -58 151 -7 rlineto
        -571 -159 vlineto
        return
      
    </CharString>
    
      
    <CharString index="52">
        
        162 -3 46 -27 -47 vvcurveto
        -60 -78 -59 -145 -97 vhcurveto
        return
      
    </CharString>
    
      
    <CharString index="53">
        
        6 callsubr
        218 31 callsubr
        -201 45 callgsubr
        -128 -102 -179 -14 callsubr
        124 70 67 90 26 27 -5 -9 28 hvcurveto
        -137 1 -99 2 -85 vhcurveto
        -24 -30 -38 -18 -41 hhcurveto
        endchar
      
    </CharString>
    
      
    <CharString index="54">
        
        52 -25 48 -23 -34 vvcurveto
        -31 -33 -24 -54 vhcurveto
        endchar
      
    </CharString>
    
      
    <CharString index="55">
        
        685 -96 callsubr
        return
      
    </CharString>
    
      
    <CharString index="56">
        
        407 hlineto
        6 72 -320 -2 311 352 rlineto
        68 -395 vlineto
        -6 -72 308 2 -311 -351 rlineto
        endchar
      
    </CharString>
    
      
    <CharString index="57">
        
        -50 callsubr
        46 57 return
      
    </CharString>
    
      
    <CharString index="58">
        
        682 -94 callgsubr
        return
      
    </CharString>
    
      
    <CharString index="59">
        
        -61 -25 -37 -35 -47 vvcurveto
        -59 56 -40 88 vhcurveto
        return
      
    </CharString>
    
      
    <CharString index="60">
        
        -8 -76 rlineto
        252 -16 60 -40 -47 vvcurveto
        -72 -180 -55 -8 -143 vhcurveto
        57 -1 rlineto
        14 129 203 51 110 vvcurveto
        79 -88 65 -302 16 vhcurveto
        return
      
    </CharString>
    
      
    <CharString index="61">
        
        147 94 121 218 -1 hvcurveto
        return
      
    </CharString>
    
      
    <CharString index="62">
        
        rmoveto
        37 -13 60 89 16 79 -11 83 rlinecurve
        -91 -1 19 -75 7 -73 -37 -89 rlinecurve
        return
      
    </CharString>
    
      
    <CharString index="63">
        
        232 hlineto
        2 -3 -78 -110 -62 -110 -45 -113 rlinecurve
        return
      
    </CharString>
    
      
    <CharString index="64">
        
        -56 -31 26 35 31 27 26 47 19 hvcurveto
        return
      
    </CharString>
    
      
    <CharString index="65">
        
        rmoveto
        83 hlineto
        5 -23 callgsubr
        -85 hlineto
        return
      
    </CharString>
    
      
    <CharString index="66">
        
        -35 callsubr
        -361 -222 -40 callgsubr
        return
      
    </CharString>
    
      
    <CharString index="67">
        
        rmoveto
        -55 428 55 vlineto
        return
      
    </CharString>
    
      
    <CharString index="68">
        
        -29 callgsubr
        vlineto
        endchar
      
    </CharString>
    
      
    <CharString index="69">
        
        52 30 -24 -33 -31 -28 -25 -44 -18 return
      
    </CharString>
    
      
    <CharString index="70">
        
        -237 6 -73 44 -8 116 return
      
    </CharString>
    
      
    <CharString index="71">
        
        -29 callsubr
        -2 callsubr
        return
      
    </CharString>
    
      
    <CharString index="72">
        
        55 64 19 79 -9 67 return
      
    </CharString>
    
      
    <CharString index="73">
        
        71 211 63 204 71 return
      
    </CharString>
    
      
    <CharString index="74">
        
        45 -57 333 280 rlineto
        69 vlineto
        return
      
    </CharString>
    
      
    <CharString index="75">
        
        21 callgsubr
        337 76 -52 64 hintmask 11100000
        136 return
      
    </CharString>
    
      
    <CharString index="76">
        
        45 153 53 hstem
        120 61 185 63 vstem
        173 return
      
    </CharString>
    
      
    <CharString index="77">
        
        55 304 55 hstem
        109 66 200 66 vstem
        269 return
      
    </CharString>
    
      
    <CharString index="78">
        
        183 -8 rlineto
        -363 -184 return
      
    </CharString>
    
      
    <CharString index="79">
        
        151 -6 callsubr
        return
      
    </CharString>
    
      
    <CharString index="80">
        
        rmoveto
        -55 51 rlineto
        -216 -177 -87 -147 -145 vvcurveto
        -142 85 -144 214 -176 vhcurveto
        56 51 rlineto
        -201 159 -74 128 127 vvcurveto
        127 73 128 205 160 vhcurveto
        endchar
      
    </CharString>
    
      
    <CharString index="81">
        
        vstem
        255 220 rmoveto
        173 -226 86 12 -188 249 62 73 59 79 56 79 rlinecurve
        -83 6 -51 -75 -53 -69 -58 -68 rlinecurve
        -76 -2 rlineto
        428 31 callsubr
        -699 81 callgsubr
        vlineto
        return
      
    </CharString>
    
      
    <CharString index="82">
        
        12 callgsubr
        -622 3 callsubr
        -84 -13 rmoveto
        28 callsubr
        489 vlineto
        30 callsubr
        endchar
      
    </CharString>
    
      
    <CharString index="83">
        
        hlineto
        124 103 -50 callgsubr
        -139 116 rlineto
        return
      
    </CharString>
    
      
    <CharString index="84">
        
        136 rlineto
        return
      
    </CharString>
    
      
    <CharString index="85">
        
        rmoveto
        59 -49 169 220 4 81 -170 222 -60 -47 170 -216 rlineto
        66 -211 rmoveto
        59 -49 169 220 5 81 -171 222 -60 -47 170 -217 rlineto
        endchar
      
    </CharString>
    
      
    <CharString index="86">
        
        -24 callsubr
        -7 callgsubr
        return
      
    </CharString>
    
      
    <CharString index="87">
        
        58 hstemhm
        131 301 -68 68 hintmask 11000000
        180 return
      
    </CharString>
    
      
    <CharString index="88">
        
        -15 69 -17 callgsubr
        return
      
    </CharString>
    
      
    <CharString index="89">
        
        0 -17 callsubr
        vstem
        return
      
    </CharString>
    
      
    <CharString index="90">
        
        61 callgsubr
        -9 callsubr
        return
      
    </CharString>
    
      
    <CharString index="91">
        
        hstem
        82 81 callgsubr
        81 vstem
        return
      
    </CharString>
    
      
    <CharString index="92">
        
        rmoveto
        70 -334 -70 vlineto
        return
      
    </CharString>
    
      
    <CharString index="93">
        
        vstem
        238 279 rmoveto
        190 -285 91 11 -212 312 197 303 rlineto
        -89 hlineto
        -173 -273 rlineto
        -68 273 -83 -620 83 279 hlineto
        return
      
    </CharString>
    
      
    <CharString index="94">
        
        -50 callgsubr
        -268 223 rlineto
        return
      
    </CharString>
    
      
    <CharString index="95">
        
        25 callsubr
        79 callgsubr
        147 62 vstem
        422 return
      
    </CharString>
    
      
    <CharString index="96">
        
        46 callgsubr
        hstem
        347 66 vstem
        131 return
      
    </CharString>
    
      
    <CharString index="97">
        
        -12 69 -16 callgsubr
        return
      
    </CharString>
    
      
    <CharString index="98">
        
        -7 callsubr
        260 64 return
      
    </CharString>
    
      
    <CharString index="99">
        
        hstem
        75 84 232 83 vstem
        return
      
    </CharString>
    
      
    <CharString index="100">
        
        6 -64 rlineto
        122 15 61 39 50 vvcurveto
        return
      
    </CharString>
    
      
    <CharString index="101">
        
        hstemhm
        123 64 -57 66 return
      
    </CharString>
    
      
    <CharString index="102">
        
        -35 callgsubr
        -100 -5 rcurveline
        -36 callsubr
        rrcurveto
        endchar
      
    </CharString>
    
      
    <CharString index="103">
        
        -113 2 -160 -214 vvcurveto
        return
      
    </CharString>
    
      
    <CharString index="104">
        
        394 hlineto
        7 62 rlineto
        -160 return
      
    </CharString>
    
      
    <CharString index="105">
        
        -28 callgsubr
        hstemhm
        return
      
    </CharString>
    
      
    <CharString index="106">
        
        55 231 123 return
      
    </CharString>
    
      
    <CharString index="107">
        
        32 callgsubr
        hintmask 11111001
        -89 callgsubr
        return
      
    </CharString>
    
      
    <CharString index="108">
        
        549 191 71 -463 vlineto
        -7 -71 rlineto
        195 -549 hlineto
        return
      
    </CharString>
    
      
    <CharString index="109">
        
        -15 72 -8 callgsubr
        return
      
    </CharString>
    
      
    <CharString index="110">
        
        -11 callsubr
        5 callgsubr
        return
      
    </CharString>
    
      
    <CharString index="111">
        
        7 callgsubr
        124 -102 rlineto
        return
      
    </CharString>
    
      
    <CharString index="112">
        
        hstem
        36 478 vstem
        return
      
    </CharString>
    
      
    <CharString index="113">
        
        rmoveto
        1 69 rlineto
        -444 -69 hlineto
        968 hmoveto
        39 callgsubr
        return
      
    </CharString>
    
      
    <CharString index="114">
        
        138 94 callsubr
        -47 -58 return
      
    </CharString>
    
      
    <CharString index="115">
        
        -1 callsubr
        -444 -69 hlineto
        return
      
    </CharString>
    
      
    <CharString index="116">
        
        -19 hlineto
        hintmask 1010000001010000111100100110100010100110
        -6 2 -3 5 4 2 2 4 1 vhcurveto
        5 hlineto
        -6 -1 -4 -5 -8 hhcurveto
        return
      
    </CharString>
    
      
    <CharString index="117">
        
        78 hmoveto
        -56 callgsubr
        return
      
    </CharString>
    
      
    <CharString index="118">
        
        14 callgsubr
        41 callsubr
        return
      
    </CharString>
    
      
    <CharString index="119">
        
        rmoveto
        240 -114 101 -302 -42 vhcurveto
        return
      
    </CharString>
    
      
    <CharString index="120">
        
        0 -34 callgsubr
        return
      
    </CharString>
    
      
    <CharString index="121">
        
        14 callsubr
        61 return
      
    </CharString>
    
      
    <CharString index="122">
        
        rmoveto
        -55 -29 39 53 47 28 49 59 42 hvcurveto
        16 callgsubr
        return
      
    </CharString>
    
      
    <CharString index="123">
        
        32 -38 41 -46 48 -57 rrcurveto
        -61 -39 -43 -28 -42 hhcurveto
        return
      
    </CharString>
    
      
    <CharString index="124">
        
        83 137 83 return
      
    </CharString>
    
      
    <CharString index="125">
        
        0 100 95 callsubr
        278 76 vstem
        return
      
    </CharString>
    
      
    <CharString index="126">
        
        0 62 575 62 hstem
        237 82 return
      
    </CharString>
    
      
    <CharString index="127">
        
        -1 -81 rlineto
        62 hlineto
        return
      
    </CharString>
    
      
    <CharString index="128">
        
        60 290 56 hstemhm
        return
      
    </CharString>
    
      
    <CharString index="129">
        
        234 rmoveto
        53 hlineto
        2 87 25 264 4 91 rrcurveto
        -103 hlineto
        2 -91 17 -264 -87 vvcurveto
        return
      
    </CharString>
    
      
    <CharString index="130">
        
        30 callgsubr
        501 322 12 callgsubr
        return
      
    </CharString>
    
      
    <CharString index="131">
        
        hintmask 1001000001010000111100100100100010100110
        return
      
    </CharString>
    
      
    <CharString index="132">
        
        hlineto
        -1 callsubr
        return
      
    </CharString>
    
      
    <CharString index="133">
        
        -2 callgsubr
        -1014 75 -75 return
      
    </CharString>
    
      
    <CharString index="134">
        
        rmoveto
        110 hlineto
        3 109 rlineto
        -111 hlineto
        return
      
    </CharString>
    
      
    <CharString index="135">
        
        734 -15 callgsubr
        return
      
    </CharString>
    
      
    <CharString index="136">
        
        57 callsubr
        83 55 return
      
    </CharString>
    
      
    <CharString index="137">
        
        72 hstem
        85 82 250 84 vstem
        return
      
    </CharString>
    
      
    <CharString index="138">
        
        -3 71 480 80 hstem
        66 86 return
      
    </CharString>
    
      
    <CharString index="139">
        
        rmoveto
        5 -60 rlineto
        return
      
    </CharString>
    
      
    <CharString index="140">
        
        rmoveto
        -874 324 vlineto
        7 66 rlineto
        -253 742 249 66 hlineto
        endchar
      
    </CharString>
    
      
    <CharString index="141">
        
        -33 callgsubr
        endchar
      
    </CharString>
    
      
    <CharString index="142">
        
        0 73 475 73 hstem
        67 421 vstem
        return
      
    </CharString>
    
      
    <CharString index="143">
        
        95 callgsubr
        41 callgsubr
        return
      
    </CharString>
    
      
    <CharString index="144">
        
        -222 17 callsubr
        return
      
    </CharString>
    
      
    <CharString index="145">
        
        rlineto
        -119 hlineto
        return
      
    </CharString>
    
      
    <CharString index="146">
        
        8 callgsubr
        968 hmoveto
        8 callgsubr
        return
      
    </CharString>
    
      
    <CharString index="147">
        
        rlineto
        69 vlineto
        -574 280 -37 -63 512 42 callsubr
        99 return
      
    </CharString>
    
      
    <CharString index="148">
        
        hstem
        58 callsubr
        vstem
        return
      
    </CharString>
    
      
    <CharString index="149">
        
        -15 69 61 callgsubr
        return
      
    </CharString>
    
      
    <CharString index="150">
        
        hstem
        233 83 vstem
        return
      
    </CharString>
    
      
    <CharString index="151">
        
        hlineto
        -269 -223 34 callgsubr
      
    </CharString>
    
      
    <CharString index="152">
        
        vlineto
        2 -14 -15 1 -15 hhcurveto
        -149 return
      
    </CharString>
    
      
    <CharString index="153">
        
        57 289 58 return
      
    </CharString>
    
      
    <CharString index="154">
        
        59 hstemhm
        148 78 -75 81 11 77 -71 73 hintmask 10101000
        455 return
      
    </CharString>
    
      
    <CharString index="155">
        
        -4 68 55 callgsubr
        192 84 hintmask 10111000
        return
      
    </CharString>
    
      
    <CharString index="156">
        
        0 71 111 62 38 63 204 71 hstem
        262 73 vstem
        return
      
    </CharString>
    
      
    <CharString index="157">
        
        rmoveto
        51 callsubr
      
    </CharString>
    
      
    <CharString index="158">
        
        10 callsubr
        239 77 vstem
        return
      
    </CharString>
    
      
    <CharString index="159">
        
        8 -2 3 -4 -4 -2 -3 -8 return
      
    </CharString>
    
      
    <CharString index="160">
        
        98 hlineto
        5 120 rlineto
        -98 hlineto
        return
      
    </CharString>
    
      
    <CharString index="161">
        
        17 callsubr
        -424 -69 hlineto
        return
      
    </CharString>
    
      
    <CharString index="162">
        
        362 68 -68 71 hstemhm
        103 82 return
      
    </CharString>
    
      
    <CharString index="163">
        
        hintmask 1001000001010000111100100110100010100110
        return
      
    </CharString>
    
      
    <CharString index="164">
        
        -221 25 callsubr
        return
      
    </CharString>
    
      
    <CharString index="165">
        
        116 38 callgsubr
        return
      
    </CharString>
    
      
    <CharString index="166">
        
        187 -73 -187 -178 -68 178 -187 73 return
      
    </CharString>
    
      
    <CharString index="167">
        
        18 callsubr
        216 82 vstem
        return
      
    </CharString>
    
      
    <CharString index="168">
        
        512 69 return
      
    </CharString>
    
      
    <CharString index="169">
        
        -14 66 385 66 hstem
        55 81 279 80 vstem
        return
      
    </CharString>
    
      
    <CharString index="170">
        
        12 callsubr
        224 85 vstem
        return
      
    </CharString>
    
      
    <CharString index="171">
        
        rlineto
        -85 8 -32 return
      
    </CharString>
    
      
    <CharString index="172">
        
        234 84 vstem
        return
      
    </CharString>
    
      
    <CharString index="173">
        
        131 425 rmoveto
        2 callsubr
        return
      
    </CharString>
    
      
    <CharString index="174">
        
        66 742 66 hstem
        137 78 vstem
        137 return
      
    </CharString>
    
      
    <CharString index="175">
        
        hlineto
        17 172 rlineto
        -59 hlineto
        -17 -172 rlineto
        return
      
    </CharString>
    
      
    <CharString index="176">
        
        10 hlineto
        6 -1 3 -4 -3 -2 -2 -7 vhcurveto
        return
      
    </CharString>
    
      
    <CharString index="177">
        
        69 hstem
        -308 615 vstem
        -308 95 rmoveto
        return
      
    </CharString>
    
      
    <CharString index="178">
        
        -14 67 384 66 return
      
    </CharString>
    
      
    <CharString index="179">
        
        335 8 return
      
    </CharString>
    
      
    <CharString index="180">
        
        -150 55 return
      
    </CharString>
    
      
    <CharString index="181">
        
        19 callgsubr
        vstem
        return
      
    </CharString>
    
      
    <CharString index="182">
        
        rmoveto
        -46 callgsubr
        return
      
    </CharString>
    
      
    <CharString index="183">
        
        hintmask 1001000100010000111100100100100010101110
        return
      
    </CharString>
    
      
    <CharString index="184">
        
        -304 -252 45 -57 return
      
    </CharString>
    
      
    <CharString index="185">
        
        rmoveto
        119 hlineto
        return
      
    </CharString>
    
      
    <CharString index="186">
        
        hstem
        155 58 return
      
    </CharString>
    
      
    <CharString index="187">
        
        hstem
        121 62 return
      
    </CharString>
    
      
    <CharString index="188">
        
        81 218 return
      
    </CharString>
    
      
    <CharString index="189">
        
        39 hhcurveto
        77 57 -65 -122 -123 return
      
    </CharString>
    
      
    <CharString index="190">
        
        -221 60 290 56 92 55 93 return
      
    </CharString>
    
      
    <CharString index="191">
        
        136 hstemhm
        return
      
    </CharString>
    
      
    <CharString index="192">
        
        vlineto
        hintmask 1010000001010000111100100100101000000110
        4 return
      
    </CharString>
    
      
    <CharString index="193">
        
        vlineto
        hintmask 1001000001001000111100101000100010100110
        3 return
      
    </CharString>
    
      
    <CharString index="194">
        
        -4 68 362 68 hstem
        103 82 return
      
    </CharString>
    
      
    <CharString index="195">
        
        -69 32 -465 -886 71 -29 return
      
    </CharString>
    
      
    <CharString index="196">
        
        136 474 32 callgsubr
        return
      
    </CharString>
    
      
    <CharString index="197">
        
        48 vstem
        42 304 rmoveto
        -186 return
      
    </CharString>
    
      
    <CharString index="198">
        
        hlineto
        -190 160 -47 -58 rlineto
        return
      
    </CharString>
    
      
    <CharString index="199">
        
        50 -35 135 -11 vhcurveto
        endchar
      
    </CharString>
    
      
    <CharString index="200">
        
        42 464 vstem
        return
      
    </CharString>
    
      
    <CharString index="201">
        
        hmoveto
        -1 callsubr
        return
      
    </CharString>
    
      
    <CharString index="202">
        
        432 69 return
      
    </CharString>
    
    
</GlobalSubrs>