<Subrs>
    
          
    <!-- The 'index' attribute is only for humans; it is ignored when parsed. -->
    
          
    <CharString index="0">
        
            rmoveto
            74 5 rlineto
            -107 callgsubr
          
    </CharString>
    
          
    <CharString index="1">
        
            rmoveto
            23 -36 68 33 108 65 59 53 rlinecurve
            -65 63 -48 -57 -87 -81 -58 -40 rlinecurve
            return
          
    </CharString>
    
          
    <CharString index="2">
        
            -90 callgsubr
            -79 callsubr
            194 13 87 55 72 vvcurveto
            return
          
    </CharString>
    
          
    <CharString index="3">
        
            rmoveto
            -68 callsubr
            -60 callgsubr
            vhcurveto
            -87 callgsubr
          
    </CharString>
    
          
    <CharString index="4">
        
            rmoveto
            5 -56 75 5 rlineto
            -103 callgsubr
          
    </CharString>
    
          
    <CharString index="5">
        
            rmoveto
            -52 callsubr
            -88 callsubr
            -53 callsubr
          
    </CharString>
    
          
    <CharString index="6">
        
            84 71 55 82 118 -145 32 -99 -82 hvcurveto
            13 68 52 47 125 45 -23 55 rcurveline
            -157 -57 -75 -91 -113 vvcurveto
            -104 63 -55 91 vhcurveto
            6 53 rmoveto
            -56 -42 37 77 hvcurveto
            4 vlineto
            89 59 96 -20 -78 vvcurveto
            -49 -38 -30 -49 vhcurveto
            endchar
          
    </CharString>
    
          
    <CharString index="7">
        
            -4 70 -4 69 102 vvcurveto
            189 -76 59 -283 8 vhcurveto
            -9 -70 219 -8 62 -29 7 -113 rlinecurve
            -217 13 -100 -76 -101 vvcurveto
            -79 return
          
    </CharString>
    
          
    <CharString index="8">
        
            298 hlineto
            5 55 rlineto
            -114 356 hlineto
            -64 -5 rlineto
            -60 vlineto
            -120 -16 2 -48 118 7 rlineto
            -234 -125 vlineto
            return
          
    </CharString>
    
          
    <CharString index="9">
        
            rmoveto
            133 -114 51 49 -176 144 rlineto
            -4 hlineto
            -176 -153 40 -39 rlineto
            return
          
    </CharString>
    
          
    <CharString index="10">
        
            rmoveto
            -99 callsubr
            return
          
    </CharString>
    
          
    <CharString index="11">
        
            rmoveto
            4 hlineto
            176 151 -41 40 -131 -112 -133 113 -51 -49 rlineto
            return
          
    </CharString>
    
          
    <CharString index="12">
        
            32 callgsubr
            hintmask 11010000
            -89 callgsubr
            hintmask 11100000
            -61 callgsubr
            hintmask 11010000
            -66 callgsubr
            endchar
          
    </CharString>
    
          
    <CharString index="13">
        
            -116 hlineto
            -65 -209 -59 -206 -57 -207 rrcurveto
            83 hlineto
            17 63 16 64 17 63 rrcurveto
            209 hlineto
            return
          
    </CharString>
    
          
    <CharString index="14">
        
            rmoveto
            90 -330 rlineto
            87 hlineto
            -98 callgsubr
          
    </CharString>
    
          
    <CharString index="15">
        
            rmoveto
            94 -274 rlineto
            75 hlineto
            -83 callsubr
            -60 callsubr
          
    </CharString>
    
          
    <CharString index="16">
        
            -93 callgsubr
            20 callgsubr
            endchar
          
    </CharString>
    
          
    <CharString index="17">
        
            -82 callgsubr
            -74 -148 -40 callgsubr
            return
          
    </CharString>
    
          
    <CharString index="18">
        
            -49 callsubr
            -70 -53 -31 -34 -41 vhcurveto
            -5 56 -75 -5 rlineto
            5 -4 callgsubr
            81 hlineto
            171 -2 129 -2 89 vhcurveto
            26 38 41 17 47 hhcurveto
            return
          
    </CharString>
    
          
    <CharString index="19">
        
            -126 -106 -108 -159 -158 88 -92 121 hvcurveto
            13 67 rmoveto
            -83 -57 70 128 120 56 66 80 return
          
    </CharString>
    
          
    <CharString index="20">
        
            rmoveto
            8 hlineto
            29 -99 27 -100 27 -99 rrcurveto
            -175 hlineto
            28 99 27 99 29 100 rrcurveto
            endchar
          
    </CharString>
    
          
    <CharString index="21">
        
            rmoveto
            41 -13 -35 callgsubr
            rlinecurve
            -100 -5 -36 callsubr
            rlinecurve
            endchar
          
    </CharString>
    
          
    <CharString index="22">
        
            -88 callgsubr
            -80 callgsubr
            return
          
    </CharString>
    
          
    <CharString index="23">
        
            rmoveto
            104 68 87 126 124 -58 77 -103 -104 -67 -87 -126 -125 58 -76 102 hvcurveto
            5 359 rmoveto
            66 35 -58 -98 -93 -33 -55 -66 -66 -35 58 98 93 32 55 67 hvcurveto
            endchar
          
    </CharString>
    
          
    <CharString index="24">
        
            17 116 21 190 11 184 rrcurveto
            -76 hlineto
            -7 -140 -7 -118 -8 -132 79 callsubr
            32 -70 199 -8 25 rrcurveto
            -50 hlineto
            -7 -24 -69 -199 -10 -31 46 callsubr
            return
          
    </CharString>
    
          
    <CharString index="25">
        
            -148 1 2 31 46 180 15 51 rlinecurve
            -70 5 -33 -119 -17 -126 1 -77 rlinecurve
            203 1 return
          
    </CharString>
    
          
    <CharString index="26">
        
            rmoveto
            39 -26 52 52 62 78 34 56 rlinecurve
            -81 39 -23 -58 -45 -86 -38 -55 rlinecurve
            208 -2 rmoveto
            39 -24 53 52 61 77 35 56 rlinecurve
            -84 35 -23 -59 -43 -81 -38 -56 rlinecurve
            return
          
    </CharString>
    
          
    <CharString index="27">
        
            8 71 rlineto
            -75 callsubr
            return
          
    </CharString>
    
          
    <CharString index="28">
        
            159 -11 54 -25 -33 vvcurveto
            -42 -59 -25 -164 -11 vhcurveto
            4 -61 rlineto
            return
          
    </CharString>
    
          
    <CharString index="29">
        
            rmoveto
            -64 callgsubr
            388 vlineto
            6 66 rlineto
            endchar
          
    </CharString>
    
          
    <CharString index="30">
        
            rmoveto
            82 39 -59 -94 1 hvcurveto
            -259 -8 rlineto
            105 6 50 56 81 hhcurveto
            endchar
          
    </CharString>
    
          
    <CharString index="31">
        
            148 -309 43 107 vvcurveto
            51 57 40 217 -15 vhcurveto
            -5 77 rlineto
            -255 14 -99 -92 -88 -145 309 -38 -114 vvcurveto
            -59 -82 -51 -226 19 vhcurveto
            return
          
    </CharString>
    
          
    <CharString index="32">
        
            -298 211 253 63 -253 204 293 71 -376 -620 return
          
    </CharString>
    
          
    <CharString index="33">
        
            rmoveto
            7 68 rlineto
            hintmask 0110011110000000
            -166 4 -33 44 -1 114 209 5 rcurveline
            167 11 -44 100 -93 hhcurveto
            -54 -41 -31 -55 -25 hvcurveto
            hintmask 0101101110000000
            -28 58 -60 19 -118 7 -6 -69 rcurveline
            144 -9 32 -25 3 -116 rrcurveto
            -135 -3 -65 -57 -99 vvcurveto
            -78 44 -45 62 59 44 36 40 26 vhcurveto
            35 -48 68 -26 125 -1 rrcurveto
            hintmask 0101011110000000
            -122 435 rmoveto
            47 18 -52 -100 -1 hvcurveto
            -135 -2 rlineto
            107 3 23 47 45 hhcurveto
            hintmask 1001011110000000
            -206 -371 rmoveto
            -35 -24 25 52 hvcurveto
            hintmask 0110011110000000
            60 40 28 84 vhcurveto
            -43 4 -38 11 -32 vhcurveto
            hintmask 1001011110000000
            -31 -20 -27 -21 -33 hhcurveto
            endchar
          
    </CharString>
    
          
    <CharString index="34">
        
            rmoveto
            -1 -77 rlineto
            287 -16 107 101 95 -76 callsubr
            return
          
    </CharString>
    
          
    <CharString index="35">
        
            -59 callsubr
            rlineto
            275 -15 87 77 80 -31 callsubr
            return
          
    </CharString>
    
          
    <CharString index="36">
        
            162 18 -68 108 -134 hhcurveto
            -127 -104 -115 -149 return
          
    </CharString>
    
          
    <CharString index="37">
        
            rmoveto
            7 71 rlineto
            -65 callsubr
            -186 89 -139 317 22 vhcurveto
            endchar
          
    </CharString>
    
          
    <CharString index="38">
        
            rmoveto
            -150 83 -111 297 20 vhcurveto
            9 68 rlineto
            -62 callgsubr
            endchar
          
    </CharString>
    
          
    <CharString index="39">
        
            -46 callgsubr
            200 -79 111 -139 return
          
    </CharString>
    
          
    <CharString index="40">
        
            32 96 hvcurveto
            308 vlineto
            -81 -6 rlineto
            -329 vlineto
            -121 return
          
    </CharString>
    
          
    <CharString index="41">
        
            rmoveto
            -16 callsubr
            74 -19 60 -33 42 hvcurveto
            42 61 -48 32 -37 -53 rlineto
            22 -32 -38 11 -43 hhcurveto
            -126 -106 -108 -159 -76 20 -60 35 -43 hvcurveto
            -42 -59 48 -32 36 52 rlineto
            -21 32 38 -11 42 hhcurveto
            -128 265 rmoveto
            121 57 65 80 33 29 -11 -21 23 vhcurveto
            -195 -282 rlineto
            -17 32 -10 43 53 vvcurveto
            141 -199 rmoveto
            -32 -29 10 20 -22 hvcurveto
            195 282 rlineto
            17 -32 9 -42 -51 vvcurveto
            -122 -56 -65 -82 vhcurveto
            endchar
          
    </CharString>
    
          
    <CharString index="42">
        
            -259 -11 -68 87 167 vvcurveto
            142 50 92 271 3 vhcurveto
            -5 80 rlineto
            -304 -10 -98 -148 -170 vvcurveto
            return
          
    </CharString>
    
          
    <CharString index="43">
        
            -61 callsubr
            126 -767 -107 callsubr
          
    </CharString>
    
          
    <CharString index="44">
        
            84 206 hlineto
            199 414 rlineto
            -86 hlineto
            -153 -334 -156 336 -89 -4 201 -412 rlineto
            endchar
          
    </CharString>
    
          
    <CharString index="45">
        
            594 -106 callsubr
            return
          
    </CharString>
    
          
    <CharString index="46">
        
            rmoveto
            -80 -51 -47 -61 -58 54 -46 77 80 52 46 62 56 -54 48 -78 hvcurveto
            return
          
    </CharString>
    
          
    <CharString index="47">
        
            -10 132 -7 117 -7 139 rrcurveto
            -80 hlineto
            11 -184 21 -190 18 -116 rrcurveto
            73 hlineto
            endchar
          
    </CharString>
    
          
    <CharString index="48">
        
            -3 72 rlineto
            -250 19 -84 -80 -78 -123 274 -14 -87 vvcurveto
            -44 -61 -36 -214 17 vhcurveto
            -3 -72 return
          
    </CharString>
    
          
    <CharString index="49">
        
            rmoveto
            52 -1 5 55 -57 -1 1 137 -62 -5 2 -132 return
          
    </CharString>
    
          
    <CharString index="50">
        
            -5 113 -2 160 214 vvcurveto
            -81 hlineto
            return
          
    </CharString>
    
          
    <CharString index="51">
        
            804 -98 callsubr
            return
          
    </CharString>
    
          
    <CharString index="52">
        
            rmoveto
            9 68 rlineto
            -164 3 -47 22 85 vvcurveto
            257 200 63 -200 143 31 callsubr
            -136 -93 vlineto
            -8 -63 rlineto
            101 -270 hlineto
            -121 71 -47 212 3 vhcurveto
            return
          
    </CharString>
    
          
    <CharString index="53">
        
            -9 70 224 59 214 23 callgsubr
            -277 -70 -59 70 -286 3 callsubr
            -334 -256 rmoveto
            219 128 vlineto
            3 59 rlineto
            -131 211 hlineto
            30 callsubr
            28 callsubr
            endchar
          
    </CharString>
    
          
    <CharString index="54">
        
            84 57 -71 -127 -121 -56 -65 -81 hvcurveto
            endchar
          
    </CharString>
    
          
    <CharString index="55">
        
            -16 callsubr
            157 -86 92 -122 return
          
    </CharString>
    
          
    <CharString index="56">
        
            414 hlineto
            7 73 -330 -1 323 477 rlineto
            71 -404 vlineto
            -6 -73 321 1 -325 -477 rlineto
            endchar
          
    </CharString>
    
          
    <CharString index="57">
        
            -33 callsubr
            332 -279 return
          
    </CharString>
    
          
    <CharString index="58">
        
            -41 callsubr
            120 -58 49 -88 return
          
    </CharString>
    
          
    <CharString index="59">
        
            416 -83 -429 vlineto
            -94 -37 -40 -76 return
          
    </CharString>
    
          
    <CharString index="60">
        
            -57 207 -59 204 -65 208 return
          
    </CharString>
    
          
    <CharString index="61">
        
            38 callsubr
            -25 callsubr
            hintmask 11010100
            267 return
          
    </CharString>
    
          
    <CharString index="62">
        
            699 -85 callsubr
            return
          
    </CharString>
    
          
    <CharString index="63">
        
            -48 23 -42 23 34 vvcurveto
            78 -263 rmoveto
            return
          
    </CharString>
    
          
    <CharString index="64">
        
            99 62 51 58 48 -49 30 -53 26 hvcurveto
            return
          
    </CharString>
    
          
    <CharString index="65">
        
            rmoveto
            -182 244 vlineto
            6 71 rlineto
            -177 211 146 63 -146 204 173 71 -301 hlineto
            -69 -206 -70 -208 -64 -206 rrcurveto
            81 hlineto
            18 60 19 61 19 61 rrcurveto
            115 367 rmoveto
            6 -305 -102 hlineto
            32 102 33 103 31 100 rrcurveto
            endchar
          
    </CharString>
    
          
    <CharString index="66">
        
            rmoveto
            62 37 -33 -94 hvcurveto
            -305 81 332 vlineto
            return
          
    </CharString>
    
          
    <CharString index="67">
        
            -119 136 -55 59 52 vvcurveto
            54 42 46 163 -8 vhcurveto
            -6 76 rlineto
            -213 4 -66 -91 -86 vvcurveto
            -43 20 -40 40 -52 vhcurveto
            return
          
    </CharString>
    
          
    <CharString index="68">
        
            -184 428 -258 hlineto
            -6 -57 return
          
    </CharString>
    
          
    <CharString index="69">
        
            -147 -93 -120 -219 return
          
    </CharString>
    
          
    <CharString index="70">
        
            -12 64 173 54 150 70 return
          
    </CharString>
    
          
    <CharString index="71">
        
            22 -58 5 -64 -33 -70 return
          
    </CharString>
    
          
    <CharString index="72">
        
            422 554 -105 callsubr
            return
          
    </CharString>
    
          
    <CharString index="73">
        
            -30 callsubr
            vhcurveto
            return
          
    </CharString>
    
          
    <CharString index="74">
        
            -45 58 -329 -277 rlineto
            -69 vlineto
            return
          
    </CharString>
    
          
    <CharString index="75">
        
            53 152 46 80 callgsubr
            185 62 vstem
            275 return
          
    </CharString>
    
          
    <CharString index="76">
        
            125 -276 22 81 vvcurveto
            40 54 34 201 -18 vhcurveto
            return
          
    </CharString>
    
          
    <CharString index="77">
        
            -71 313 rmoveto
            27 28 24 52 return
          
    </CharString>
    
          
    <CharString index="78">
        
            -11 69 170 54 153 67 return
          
    </CharString>
    
          
    <CharString index="79">
        
            rmoveto
            55 -51 rlineto
            217 178 86 147 145 vvcurveto
            141 -85 144 -214 177 vhcurveto
            -55 -53 rlineto
            200 -158 74 -128 -126 vvcurveto
            -128 -73 -127 -205 -161 vhcurveto
            endchar
          
    </CharString>
    
          
    <CharString index="80">
        
            rmoveto
            170 -222 60 47 -168 218 170 209 -59 49 -169 -220 rlineto
            235 -81 rmoveto
            170 -222 60 47 -170 217 172 210 -59 49 -169 -220 rlineto
            endchar
          
    </CharString>
    
          
    <CharString index="81">
        
            0 callsubr
            -40 callsubr
            return
          
    </CharString>
    
          
    <CharString index="82">
        
            -6 callgsubr
            162 62 -59 67 return
          
    </CharString>
    
          
    <CharString index="83">
        
            rlineto
            66 -39 28 -29 -22 vvcurveto
            -21 -34 -15 -83 -12 vhcurveto
            return
          
    </CharString>
    
          
    <CharString index="84">
        
            -12 67 510 67 hstem
            56 78 282 79 vstem
            268 -12 rmoveto
            139 88 132 199 196 -74 117 -139 -139 -87 -131 -200 -195 74 -118 138 hvcurveto
            return
          
    </CharString>
    
          
    <CharString index="85">
        
            -66 callgsubr
            -75 -142 -40 callgsubr
            return
          
    </CharString>
    
          
    <CharString index="86">
        
            rmoveto
            55 -199 rlineto
            29 hlineto
            53 199 rlineto
            3 hlineto
            -1 -253 rlineto
            52 329 -64 hlineto
            -55 -200 rlineto
            -2 hlineto
            -59 200 rlineto
            -63 -329 50 hlineto
            -1 253 rlineto
            endchar
          
    </CharString>
    
          
    <CharString index="87">
        
            -9 callgsubr
            vstem
            135 return
          
    </CharString>
    
          
    <CharString index="88">
        
            71 callgsubr
            -3 callsubr
            return
          
    </CharString>
    
          
    <CharString index="89">
        
            -4 callsubr
            549 -84 hlineto
            return
          
    </CharString>
    
          
    <CharString index="90">
        
            -34 callgsubr
            hstem
            105 83 return
          
    </CharString>
    
          
    <CharString index="91">
        
            126 105 106 162 return
          
    </CharString>
    
          
    <CharString index="92">
        
            -37 callsubr
            -8 callsubr
            return
          
    </CharString>
    
          
    <CharString index="93">
        
            -145 78 -87 106 60 49 28 33 35 hvcurveto
            -113 6 rmoveto
            -79 -56 61 125 return
          
    </CharString>
    
          
    <CharString index="94">
        
            hlineto
            -140 -116 -33 callgsubr
            return
          
    </CharString>
    
          
    <CharString index="95">
        
            699 -42 callgsubr
            return
          
    </CharString>
    
          
    <CharString index="96">
        
            190 63 298 71 return
          
    </CharString>
    
          
    <CharString index="97">
        
            45 118 63 116 76 112 return
          
    </CharString>
    
          
    <CharString index="98">
        
            hstem
            46 85 288 85 vstem
            return
          
    </CharString>
    
          
    <CharString index="99">
        
            80 callsubr
            238 79 vstem
            return
          
    </CharString>
    
          
    <CharString index="100">
        
            -1 callgsubr
            hstem
            return
          
    </CharString>
    
          
    <CharString index="101">
        
            69 153 69 return
          
    </CharString>
    
          
    <CharString index="102">
        
            9 7 6 9 9 7 -6 -9 -9 -7 -7 -9 -9 -7 6 10 vhcurveto
            return
          
    </CharString>
    
          
    <CharString index="103">
        
            377 hlineto
            8 71 rlineto
            -301 return
          
    </CharString>
    
          
    <CharString index="104">
        
            hstem
            55 82 277 81 vstem
            return
          
    </CharString>
    
          
    <CharString index="105">
        
            84 callsubr
            259 79 vstem
            return
          
    </CharString>
    
          
    <CharString index="106">
        
            1 69 rlineto
            return
          
    </CharString>
    
          
    <CharString index="107">
        
            33 59 32 79 22 89 -70 9 rcurveline
            -14 -68 -21 -66 -23 -54 rrcurveto
            return
          
    </CharString>
    
          
    <CharString index="108">
        
            vstem
            113 hmoveto
            -18 callsubr
            return
          
    </CharString>
    
          
    <CharString index="109">
        
            295 57 -213 hlineto
            return
          
    </CharString>
    
          
    <CharString index="110">
        
            vlineto
            278 -42 138 122 243 vvcurveto
            return
          
    </CharString>
    
          
    <CharString index="111">
        
            54 hstem
            24 callsubr
            vstem
            393 return
          
    </CharString>
    
          
    <CharString index="112">
        
            130 112 116 191 191 -105 108 -131 -132 -98 -124 -185 vhcurveto
            48 2 rmoveto
            161 return
          
    </CharString>
    
          
    <CharString index="113">
        
            rmoveto
            5 -51 76 4 rlineto
            -5 111 -2 155 220 vvcurveto
            return
          
    </CharString>
    
          
    <CharString index="114">
        
            -28 callgsubr
            hstem
            return
          
    </CharString>
    
          
    <CharString index="115">
        
            -7 65 -64 68 161 52 -48 50 148 69 -65 67 hstemhm
            34 76 124 70 135 74 hintmask 0101011110000000
            return
          
    </CharString>
    
          
    <CharString index="116">
        
            -326 rmoveto
            41 -13 rlineto
            hintmask 11010000
            -5 callgsubr
          
    </CharString>
    
          
    <CharString index="117">
        
            0 148 333 139 hstem
            80 76 return
          
    </CharString>
    
          
    <CharString index="118">
        
            20 callsubr
            43 callgsubr
            return
          
    </CharString>
    
          
    <CharString index="119">
        
            -6 73 484 74 hstem
            85 85 return
          
    </CharString>
    
          
    <CharString index="120">
        
            hintmask 1001000001010000111100100100010010100110
            return
          
    </CharString>
    
          
    <CharString index="121">
        
            0 62 367 return
          
    </CharString>
    
          
    <CharString index="122">
        
            rmoveto
            243 -222 54 56 -232 207 238 205 -54 56 -244 -221 rlineto
            endchar
          
    </CharString>
    
          
    <CharString index="123">
        
            64 callgsubr
            16 24 vvcurveto
            24 29 30 102 48 vhcurveto
            return
          
    </CharString>
    
          
    <CharString index="124">
        
            rmoveto
            -1 callsubr
            return
          
    </CharString>
    
          
    <CharString index="125">
        
            228 61 271 70 hstem
            92 83 return
          
    </CharString>
    
          
    <CharString index="126">
        
            0 106 hstem
            51 82 289 78 vstem
            return
          
    </CharString>
    
          
    <CharString index="127">
        
            0 66 488 66 return
          
    </CharString>
    
          
    <CharString index="128">
        
            -13 callsubr
            hintmask 11001000
            -74 -40 rmoveto
            -81 -67 rlineto
            return
          
    </CharString>
    
          
    <CharString index="129">
        
            95 rmoveto
            -516 252 rlineto
            10 vlineto
            512 247 -37 63 -574 -280 rlineto
            -69 vlineto
            return
          
    </CharString>
    
          
    <CharString index="130">
        
            rmoveto
            54 -57 244 221 5 82 -243 221 -54 -56 232 -207 rlineto
            endchar
          
    </CharString>
    
          
    <CharString index="131">
        
            130 56 147 61 return
          
    </CharString>
    
          
    <CharString index="132">
        
            61 288 57 return
          
    </CharString>
    
          
    <CharString index="133">
        
            rmoveto
            118 hlineto
            2 117 38 callgsubr
            return
          
    </CharString>
    
          
    <CharString index="134">
        
            rmoveto
            -75 -6 rlineto
            -886 75 vlineto
            return
          
    </CharString>
    
          
    <CharString index="135">
        
            -183 -76 -86 -174 26 vhcurveto
            return
          
    </CharString>
    
          
    <CharString index="136">
        
            -4 68 356 77 hstem
            80 80 return
          
    </CharString>
    
          
    <CharString index="137">
        
            180 22 70 -81 -187 vvcurveto
            return
          
    </CharString>
    
          
    <CharString index="138">
        
            vlineto
            -81 -7 rlineto
            return
          
    </CharString>
    
          
    <CharString index="139">
        
            rmoveto
            -41 13 -55 -64 -19 -79 9 -67 rlinecurve
            100 5 -22 58 -5 64 33 70 rlinecurve
            return
          
    </CharString>
    
          
    <CharString index="140">
        
            rmoveto
            -248 hlineto
            -3 -66 rlineto
            328 873 -326 -66 249 hlineto
            endchar
          
    </CharString>
    
          
    <CharString index="141">
        
            14 callsubr
            62 hstem
            197 79 vstem
            return
          
    </CharString>
    
          
    <CharString index="142">
        
            0 71 348 71 hstem
            73 413 vstem
            return
          
    </CharString>
    
          
    <CharString index="143">
        
            hintmask 1010000001010000111100100100010010100110
            return
          
    </CharString>
    
          
    <CharString index="144">
        
            0 71 hstem
            113 84 return
          
    </CharString>
    
          
    <CharString index="145">
        
            50 314 50 return
          
    </CharString>
    
          
    <CharString index="146">
        
            52 callgsubr
            44 callsubr
            return
          
    </CharString>
    
          
    <CharString index="147">
        
            300 42 callsubr
            return
          
    </CharString>
    
          
    <CharString index="148">
        
            hstem
            255 81 vstem
            return
          
    </CharString>
    
          
    <CharString index="149">
        
            -247 rlineto
            -10 vlineto
            return
          
    </CharString>
    
          
    <CharString index="150">
        
            -88 -56 -45 -63 -75 vvcurveto
            -80 49 -62 95 64 64 34 77 51 vhcurveto
            return
          
    </CharString>
    
          
    <CharString index="151">
        
            -9 2 -3 4 4 2 3 9 vhcurveto
            return
          
    </CharString>
    
          
    <CharString index="152">
        
            -8 68 367 63 hstem
            177 81 return
          
    </CharString>
    
          
    <CharString index="153">
        
            rrcurveto
            -4 hlineto
            return
          
    </CharString>
    
          
    <CharString index="154">
        
            40 callsubr
            hintmask 11100000
            77 callgsubr
            return
          
    </CharString>
    
          
    <CharString index="155">
        
            -175 3 2 159 -79 1 rlineto
            -159 vlineto
            -168 3 return
          
    </CharString>
    
          
    <CharString index="156">
        
            -23 -44 -29 -48 -47 108 -78 hhcurveto
            -58 -41 -53 -102 -38 hvcurveto
            return
          
    </CharString>
    
          
    <CharString index="157">
        
            58 hstemhm
            230 72 -71 77 12 81 -76 78 hintmask 10110000
            67 return
          
    </CharString>
    
          
    <CharString index="158">
        
            -18 callsubr
            endchar
          
    </CharString>
    
          
    <CharString index="159">
        
            55 93 -7 callsubr
            return
          
    </CharString>
    
          
    <CharString index="160">
        
            14 callgsubr
            79 136 return
          
    </CharString>
    
          
    <CharString index="161">
        
            57 callgsubr
            92 55 return
          
    </CharString>
    
          
    <CharString index="162">
        
            vvcurveto
            -49 49 -34 136 -11 vhcurveto
            return
          
    </CharString>
    
          
    <CharString index="163">
        
            hintmask 1001000001001000111100100110100010100110
            return
          
    </CharString>
    
          
    <CharString index="164">
        
            -220 38 callsubr
            return
          
    </CharString>
    
          
    <CharString index="165">
        
            88 81 221 81 return
          
    </CharString>
    
          
    <CharString index="166">
        
            90 callsubr
            264 -217 rlineto
            return
          
    </CharString>
    
          
    <CharString index="167">
        
            rmoveto
            113 hlineto
            3 110 rlineto
            -114 hlineto
            endchar
          
    </CharString>
    
          
    <CharString index="168">
        
            136 hstem
            return
          
    </CharString>
    
          
    <CharString index="169">
        
            42 callgsubr
            hstem
            46 84 290 84 vstem
            return
          
    </CharString>
    
          
    <CharString index="170">
        
            6 69 rlineto
            -317 -69 hlineto
            return
          
    </CharString>
    
          
    <CharString index="171">
        
            258 69 hstem
            return
          
    </CharString>
    
          
    <CharString index="172">
        
            249 92 callsubr
            9 -23 callgsubr
            return
          
    </CharString>
    
          
    <CharString index="173">
        
            66 741 66 hstem
            337 77 vstem
            337 return
          
    </CharString>
    
          
    <CharString index="174">
        
            -12 67 377 69 hstem
            56 80 241 81 return
          
    </CharString>
    
          
    <CharString index="175">
        
            65 rlineto
            -85 9 -32 16 24 vvcurveto
            23 29 31 return
          
    </CharString>
    
          
    <CharString index="176">
        
            299 248 -45 58 -191 -161 rlineto
            return
          
    </CharString>
    
          
    <CharString index="177">
        
            38 65 329 69 return
          
    </CharString>
    
          
    <CharString index="178">
        
            -9 68 489 80 return
          
    </CharString>
    
          
    <CharString index="179">
        
            -76 122 return
          
    </CharString>
    
          
    <CharString index="180">
        
            -17 -174 rlineto
            59 hlineto
            17 174 rlineto
            return
          
    </CharString>
    
          
    <CharString index="181">
        
            102 88 -93 -164 -166 -87 -93 -106 return
          
    </CharString>
    
          
    <CharString index="182">
        
            hintmask 1010000001010000111100100100100010101110
            return
          
    </CharString>
    
          
    <CharString index="183">
        
            -12 70 376 67 hstem
            return
          
    </CharString>
    
          
    <CharString index="184">
        
            66 34 67 hstem
            return
          
    </CharString>
    
          
    <CharString index="185">
        
            -189 915 return
          
    </CharString>
    
          
    <CharString index="186">
        
            46 callsubr
            -10 return
          
    </CharString>
    
          
    <CharString index="187">
        
            hstem
            67 80 return
          
    </CharString>
    
          
    <CharString index="188">
        
            122 vhcurveto
            return
          
    </CharString>
    
          
    <CharString index="189">
        
            931 hstem
            111 80 vstem
            469 return
          
    </CharString>
    
          
    <CharString index="190">
        
            -205 1099 hstem
            -20 629 vstem
            return
          
    </CharString>
    
          
    <CharString index="191">
        
            hstem
            66 80 return
          
    </CharString>
    
          
    <CharString index="192">
        
            5 hlineto
            hintmask 1001000001010000111010100100100010100110
            return
          
    </CharString>
    
          
    <CharString index="193">
        
            hlineto
            hintmask 11001000
            92 -76 rlineto
            endchar
          
    </CharString>
    
          
    <CharString index="194">
        
            -56 -47 rlineto
            -69 vlineto
            44 -37 rlineto
            return
          
    </CharString>
    
          
    <CharString index="195">
        
            -81 67 rlineto
            10 vlineto
            92 76 rlineto
            return
          
    </CharString>
    
          
    <CharString index="196">
        
            92 -76 rlineto
            -10 vlineto
            -81 -67 rlineto
            return
          
    </CharString>
    
          
    <CharString index="197">
        
            vstem
            7 callgsubr
            return
          
    </CharString>
    
          
    <CharString index="198">
        
            932 hstem
            359 80 vstem
            81 return
          
    </CharString>
    
          
    <CharString index="199">
        
            569 rmoveto
            83 hlineto
            return
          
    </CharString>
    
          
    <CharString index="200">
        
            111 110 return
          
    </CharString>
    
          
    <CharString index="201">
        
            602 rmoveto
            return
          
    </CharString>
    
          
    <CharString index="202">
        
            hstem
            58 80 return
          
    </CharString>
    
        
</Subrs>