<Glyph name="ampersand_ampersand.liga" lsb="-387" width="625">
    <CharString>
        -13 60 586 67 hstem
        -387 70 10 69 291 70 10 69 vstem
        449 178 rmoveto
        {532cb88d} callsubr
        -5 0 -4 1 -5 vhcurveto
        -45 51 38 67 35 90 26 106 rlinecurve
        -63 7 -18 -86 -27 -79 -29 -62 rlinecurve
        {75868691} callgsubr
        -85 55 -69 100 {4691862b} callgsubr
        vhcurveto
        -39 33 71 -90 134 hhcurveto
        {4691862b} callgsubr
        hvcurveto
        33 -39 37 -43 39 -49 56 47 rcurveline
        -47 55 -42 49 -37 42 rrcurveto
        -667 -131 rmoveto
        {a5af4707} callsubr
        440 hmoveto
        {a5af4707} callsubr
        endchar
    </CharString>
    <Subrs>
        <CharString index="0" fingerprint="532cb88d">
            38 67 35 90 26 106 -63 7 rcurveline
            -18 -86 -27 -79 -29 -62 rrcurveto
            {75868691} callgsubr
            return
        </CharString>
        <CharString index="1" fingerprint="a5af4707">
            -66 -33 46 63 56 35 59 73 51 hvcurveto
            37 -44 48 -53 58 -68 rrcurveto
            -74 -47 -54 -36 -51 hhcurveto
            return
        </CharString>
    </Subrs>
    <GlobalSubrs>
        <CharString index="0" fingerprint="75868691">
            -144 163 -65 69 64 vvcurveto
            65 51 60 194 -9 vhcurveto
            -6 67 rlineto
            -235 5 -73 -101 -93 vvcurveto
            -49 23 -44 46 -60 vhcurveto
            -100 -63 -49 -73 -81 vvcurveto
            return
        </CharString>
        <CharString index="1" fingerprint="75868691">
            -144 163 -65 69 64 vvcurveto
            65 51 60 194 -9 vhcurveto
            -6 67 rlineto
            -235 5 -73 -101 -93 vvcurveto
            -49 23 -44 46 -60 vhcurveto
            -100 -63 -49 -73 -81 vvcurveto
            return
        </CharString>
        <CharString index="2" fingerprint="4691862b">
            70 72 40 89 60 return
        </CharString>
    </GlobalSubrs>
</Glyph>