<Glyph name="equal_equal_equal.liga" lsb="-1152" width="625">
    <CharString>
        49 {94cc09f2} callsubr
        187 60 hstem
        {8251723a} callgsubr
        1679 vstem
        526 544 {269d5575} callgsubr
        -247 {269d5575} callgsubr
        {b17fe655} callsubr
        -1679 -61 hlineto
        endchar
    </CharString>
    <Subrs>
        <CharString index="0" fingerprint="94cc09f2">
            61 187 60 return
        </CharString>
        <CharString index="1" fingerprint="237a2e75">
            1 60 rlineto
            return
        </CharString>
        <CharString index="2" fingerprint="b17fe655">
            -248 rmoveto
            {2c9ba62e} callsubr
            return
        </CharString>
        <CharString index="3" fingerprint="2c9ba62e">
            1 61 rlineto
            return
        </CharString>
    </Subrs>
    <GlobalSubrs>
        <CharString index="0" fingerprint="8251723a">
            -1152 return
        </CharString>
        <CharString index="1" fingerprint="269d5575">
            {3abcacd5} callgsubr
            -1679 -60 hlineto
            1678 return
        </CharString>
        <CharString index="2" fingerprint="3abcacd5">
            rmoveto
            {237a2e75} callsubr
            return
        </CharString>
    </GlobalSubrs>
</Glyph>