<Glyph name="equal_less_less.liga" lsb="-1152" width="625">
    <CharString>
        {7abd9971} callsubr
        {8251723a} callgsubr
        {5c126c1c} callgsubr
        -177 327 rmoveto
        {f7f240af} callsubr
        -1059 -60 988 {7fc7e395} callsubr
        -977 -61 1049 hlineto
        hintmask 10010000
        229 -195 42 50 -345 290 rlineto
        350 hmoveto
        10 vlineto
        {51d9a808} callgsubr
        {5557c980} callsubr
        42 50 rlineto
        endchar
    </CharString>
    <Subrs>
        <CharString index="0" fingerprint="7abd9971">
            {f66ef581} callgsubr
            -490 {94cc09f2} callsubr
            hstemhm
            return
        </CharString>
        <CharString index="1" fingerprint="94cc09f2">
            61 187 60 return
        </CharString>
        <CharString index="2" fingerprint="f7f240af">
            {51d9a808} callgsubr
            -41 50 rlineto
            hintmask 00110000
            -214 -182 rlineto
            return
        </CharString>
        <CharString index="3" fingerprint="7fc7e395">
            hlineto
            -79 -67 rlineto
            -62 vlineto
            hintmask 01010000
            68 -58 rlineto
            return
        </CharString>
        <CharString index="4" fingerprint="5557c980">
            -41 50 {3be9a3f2} callsubr
            {cc74de2c} callsubr
            return
        </CharString>
        <CharString index="5" fingerprint="3be9a3f2">
            -364 -309 rlineto
            -62 vlineto
            return
        </CharString>
        <CharString index="6" fingerprint="cc74de2c">
            369 -314 return
        </CharString>
    </Subrs>
    <GlobalSubrs>
        <CharString index="0" fingerprint="f66ef581">
            -23 685 return
        </CharString>
        <CharString index="1" fingerprint="8251723a">
            -1152 return
        </CharString>
        <CharString index="2" fingerprint="5c126c1c">
            1670 hintmask 10010000
            return
        </CharString>
        <CharString index="3" fingerprint="51d9a808">
            339 285 return
        </CharString>
    </GlobalSubrs>
</Glyph>