<Glyph name="equal_equal.liga" lsb="-527" width="625">
    <CharString>
        {30ed7960} callgsubr
        -527 1054 vstem
        526 {6fa57c79} callsubr
        -1054 -60 hlineto
        1053 {b17fe655} callsubr
        -1054 -61 hlineto
        endchar
    </CharString>
    <Subrs>
        <CharString index="0" fingerprint="94cc09f2">
            61 187 60 return
        </CharString>
        <CharString index="1" fingerprint="6fa57c79">
            420 {3abcacd5} callgsubr
            return
        </CharString>
        <CharString index="2" fingerprint="237a2e75">
            1 60 rlineto
            return
        </CharString>
        <CharString index="3" fingerprint="b17fe655">
            -248 rmoveto
            {2c9ba62e} callsubr
            return
        </CharString>
        <CharString index="4" fingerprint="2c9ba62e">
            1 61 rlineto
            return
        </CharString>
    </Subrs>
    <GlobalSubrs>
        <CharString index="0" fingerprint="30ed7960">
            172 {94cc09f2} callsubr
            hstem
            return
        </CharString>
        <CharString index="1" fingerprint="3abcacd5">
            rmoveto
            {237a2e75} callsubr
            return
        </CharString>
    </GlobalSubrs>
</Glyph>