<Glyph name="exclam_equal_equal.liga" lsb="-1152" width="625">
    <CharString>
        {beae34ac} callgsubr
        -748 {94cc09f2} callsubr
        187 60 hstemhm
        {8251723a} callgsubr
        1679 -1129 579 hintmask 00101000
        526 297 {3abcacd5} callgsubr
        -769 hlineto
        hintmask 00011000
        100 187 rlineto
        668 {fee401a5} callsubr
        -638 hlineto
        hintmask 00010100
        88 165 rlineto
        hintmask 10000100
        -60 28 rlineto
        hintmask 00010100
        -103 -193 rlineto
        -966 -60 935 hlineto
        hintmask 00100100
        -100 -187 rlineto
        -835 -60 803 hlineto
        hintmask 01000100
        -99 -187 rlineto
        -704 -61 672 hlineto
        -122 -229 rlineto
        hintmask 10000100
        63 -23 rlineto
        hintmask 01000100
        134 252 rlineto
        931 hlineto
        {2c9ba62e} callsubr
        -900 hlineto
        hintmask 00100100
        99 187 rlineto
        endchar
    </CharString>
    <Subrs>
        <CharString index="0" fingerprint="94cc09f2">
            61 187 60 return
        </CharString>
        <CharString index="1" fingerprint="237a2e75">
            1 60 rlineto
            return
        </CharString>
        <CharString index="2" fingerprint="fee401a5">
            hlineto
            {237a2e75} callsubr
            return
        </CharString>
        <CharString index="3" fingerprint="2c9ba62e">
            1 61 rlineto
            return
        </CharString>
    </Subrs>
    <GlobalSubrs>
        <CharString index="0" fingerprint="beae34ac">
            -203 1000 return
        </CharString>
        <CharString index="1" fingerprint="8251723a">
            -1152 return
        </CharString>
        <CharString index="2" fingerprint="3abcacd5">
            rmoveto
            {237a2e75} callsubr
            return
        </CharString>
    </GlobalSubrs>
</Glyph>