<Glyph name="hyphen_hyphen.liga" lsb="-423" width="625">
    <CharString>
        292 61 hstem
        -423 349 148 349 vstem
        -78 292 rmoveto
        {b1653555} callgsubr
        842 hmoveto
        {b1653555} callgsubr
        endchar
    </CharString>
    <Subrs/>
    <GlobalSubrs>
        <CharString index="0" fingerprint="b1653555">
            4 61 rlineto
            -349 -61 hlineto
            return
        </CharString>
        <CharString index="1" fingerprint="b1653555">
            4 61 rlineto
            -349 -61 hlineto
            return
        </CharString>
    </GlobalSubrs>
</Glyph>