<Glyph name="less_equal_less.liga" lsb="-1143" width="625">
    <CharString>
        {d01e3d5a} callsubr
        1661 hintmask 10010000
        476 -23 rmoveto
        42 50 -345 290 rlineto
        10 vlineto
        {f7f240af} callsubr
        {8251723a} callgsubr
        {30ad1256} callgsubr
        1152 hlineto
        -1224 61 rmoveto
        -100 84 rlineto
        {09a7b612} callsubr
        1152 {7fc7e395} callsubr
        endchar
    </CharString>
    <Subrs>
        <CharString index="0" fingerprint="d01e3d5a">
            {7abd9971} callsubr
            -1143 return
        </CharString>
        <CharString index="1" fingerprint="7abd9971">
            {f66ef581} callgsubr
            -490 {94cc09f2} callsubr
            hstemhm
            return
        </CharString>
        <CharString index="2" fingerprint="94cc09f2">
            61 187 60 return
        </CharString>
        <CharString index="3" fingerprint="f7f240af">
            {51d9a808} callgsubr
            -41 50 rlineto
            hintmask 00110000
            -214 -182 rlineto
            return
        </CharString>
        <CharString index="4" fingerprint="5557c980">
            -41 50 {3be9a3f2} callsubr
            {cc74de2c} callsubr
            return
        </CharString>
        <CharString index="5" fingerprint="3be9a3f2">
            -364 -309 rlineto
            -62 vlineto
            return
        </CharString>
        <CharString index="6" fingerprint="cc74de2c">
            369 -314 return
        </CharString>
        <CharString index="7" fingerprint="09a7b612">
            10 vlineto
            hintmask 00110000
            111 93 rlineto
            return
        </CharString>
        <CharString index="8" fingerprint="7fc7e395">
            hlineto
            -79 -67 rlineto
            -62 vlineto
            hintmask 01010000
            68 -58 rlineto
            return
        </CharString>
    </Subrs>
    <GlobalSubrs>
        <CharString index="0" fingerprint="f66ef581">
            -23 685 return
        </CharString>
        <CharString index="1" fingerprint="51d9a808">
            339 285 return
        </CharString>
        <CharString index="2" fingerprint="8251723a">
            -1152 return
        </CharString>
        <CharString index="3" fingerprint="30ad1256">
            hlineto
            157 132 rlineto
            hintmask 10010000
            {5557c980} callsubr
            42 50 rlineto
            hintmask 01010000
            -173 145 rlineto
            return
        </CharString>
    </GlobalSubrs>
</Glyph>