<Glyph name="slash_greater.liga" lsb="-366" width="625">
    <CharString>
        {beae34ac} callgsubr
        -820 685 hstemhm
        -366 579 239 67 hintmask 01110000
        156 662 rmoveto
        57 107 rlineto
        hintmask 10110000
        {799a92f3} callsubr
        427 805 328 -275 {9ba30248} callgsubr
        -345 -290 rlineto
        hintmask 01110000
        41 -50 {49473a75} callsubr
    </CharString>
    <Subrs>
        <CharString index="0" fingerprint="799a92f3">
            -60 28 -519 -977 63 -23 return
        </CharString>
        <CharString index="1" fingerprint="49473a75">
            {e91c46e7} callgsubr
            endchar
        </CharString>
    </Subrs>
    <GlobalSubrs>
        <CharString index="0" fingerprint="beae34ac">
            -203 1000 return
        </CharString>
        <CharString index="1" fingerprint="9ba30248">
            rlineto
            -10 vlineto
            return
        </CharString>
        <CharString index="2" fingerprint="e91c46e7">
            371 314 rlineto
            62 vlineto
            return
        </CharString>
    </GlobalSubrs>
</Glyph>