<Glyph name="equal_equal.liga" lsb="-538" width="625">
    <CharString>
        {0217555a} callgsubr
        -538 1076 vstem
        {5621f752} callsubr
        -1076 -104 vlineto
        1076 -244 rmoveto
        104 -1076 -104 vlineto
        endchar
    </CharString>
    <Subrs>
        <CharString index="0" fingerprint="d8acdd14">
            104 140 104 return
        </CharString>
        <CharString index="1" fingerprint="5621f752">
            538 404 rmoveto
            104 return
        </CharString>
    </Subrs>
    <GlobalSubrs>
        <CharString index="0" fingerprint="0217555a">
            160 {2b9886cb} callgsubr
            return
        </CharString>
        <CharString index="1" fingerprint="2b9886cb">
            {d8acdd14} callsubr
            hstem
            return
        </CharString>
    </GlobalSubrs>
</Glyph>