<Glyph name="equal_less_less.liga" lsb="-1163" width="625">
    <CharString>
        -26 707 -521 {a76f148f} callsubr
        -1163 1694 hintmask 01110000
        -213 334 rmoveto
        {2f381466} callgsubr
        {1b07c958} callsubr
        -66 87 rlineto
        hintmask 01110000
        -211 -173 rlineto
        -995 -104 868 {bfb17d2f} callgsubr
        -853 -104 979 hlineto
        hintmask 10010000
        226 -186 69 87 -324 261 rlineto
        420 hmoveto
        12 vlineto
        {2f381466} callgsubr
        {78fc2c45} callsubr
        rlineto
        endchar
    </CharString>
    <Subrs>
        <CharString index="0" fingerprint="a76f148f">
            {d8acdd14} callsubr
            hstemhm
            return
        </CharString>
        <CharString index="1" fingerprint="d8acdd14">
            104 140 104 return
        </CharString>
        <CharString index="2" fingerprint="1b07c958">
            rlineto
            hintmask 10010000
            return
        </CharString>
        <CharString index="3" fingerprint="78fc2c45">
            -66 87 -368 -302 rlineto
            -103 vlineto
            367 -302 69 87 return
        </CharString>
    </Subrs>
    <GlobalSubrs>
        <CharString index="0" fingerprint="2f381466">
            322 260 return
        </CharString>
        <CharString index="1" fingerprint="bfb17d2f">
            hlineto
            -30 -25 rlineto
            -103 vlineto
            15 -12 rlineto
            return
        </CharString>
        <CharString index="2" fingerprint="2f381466">
            322 260 return
        </CharString>
    </GlobalSubrs>
</Glyph>