<Glyph name="greater_equal.liga" lsb="-424" width="625">
    <CharString>
        {1a6cce81} callsubr
        46 -87 760 304 {edece0fe} callgsubr
        -245 rmoveto
        105 vlineto
        -806 -322 46 -87 rlineto
        endchar
    </CharString>
    <Subrs>
        <CharString index="0" fingerprint="1a6cce81">
            -27 707 hstem
            -418 805 vstem
            -424 60 rmoveto
            return
        </CharString>
    </Subrs>
    <GlobalSubrs>
        <CharString index="0" fingerprint="edece0fe">
            rlineto
            103 vlineto
            -754 300 -39 -88 642 -258 rlineto
            -12 vlineto
            151 return
        </CharString>
    </GlobalSubrs>
</Glyph>