<Glyph name="greater_greater_equal.liga" lsb="-1154" width="625">
    <CharString>
        {d56558b4} callgsubr
        -1154 1692 hintmask 10010000
        -718 380 rmoveto
        -364 300 -69 -88 322 -258 rlineto
        -12 vlineto
        -325 -262 66 -87 370 304 rlineto
        hintmask 00110000
        1256 231 rmoveto
        -991 {e9ed07ec} callgsubr
        978 104 -852 {03d3c78d} callsubr
        865 hlineto
        endchar
    </CharString>
    <Subrs>
        <CharString index="0" fingerprint="a76f148f">
            {d8acdd14} callsubr
            hstemhm
            return
        </CharString>
        <CharString index="1" fingerprint="d8acdd14">
            104 140 104 return
        </CharString>
        <CharString index="2" fingerprint="03d3c78d">
            hlineto
            16 13 rlineto
            103 vlineto
            hintmask 00110000
            -29 24 rlineto
            return
        </CharString>
    </Subrs>
    <GlobalSubrs>
        <CharString index="0" fingerprint="d56558b4">
            -27 707 -520 {a76f148f} callsubr
            return
        </CharString>
        <CharString index="1" fingerprint="e9ed07ec">
            hlineto
            hintmask 10010000
            -209 172 -69 -88 322 -258 rlineto
            -12 vlineto
            -325 -262 66 -87 rlineto
            hintmask 01010000
            228 187 rlineto
            return
        </CharString>
    </GlobalSubrs>
</Glyph>