<Glyph name="less_equal_less.liga" lsb="-1155" width="625">
    <CharString>
        -26 707 -521 {a76f148f} callsubr
        -1155 1686 hintmask 10010000
        462 -26 rmoveto
        69 87 -324 261 rlineto
        12 vlineto
        {2f381466} callgsubr
        -66 87 rlineto
        hintmask 00110000
        -211 -173 rlineto
        -1080 hlineto
        107 86 {1b07c958} callsubr
        {78fc2c45} callsubr
        rlineto
        hintmask 01110000
        -123 99 rlineto
        1078 hlineto
        -1207 104 rmoveto
        {1c3a7e80} callsubr
        87 70 rlineto
        1081 {bfb17d2f} callgsubr
        endchar
    </CharString>
    <Subrs>
        <CharString index="0" fingerprint="a76f148f">
            {d8acdd14} callsubr
            hstemhm
            return
        </CharString>
        <CharString index="1" fingerprint="d8acdd14">
            104 140 104 return
        </CharString>
        <CharString index="2" fingerprint="1b07c958">
            rlineto
            hintmask 10010000
            return
        </CharString>
        <CharString index="3" fingerprint="78fc2c45">
            -66 87 -368 -302 rlineto
            -103 vlineto
            367 -302 69 87 return
        </CharString>
        <CharString index="4" fingerprint="1c3a7e80">
            -72 58 rlineto
            12 vlineto
            return
        </CharString>
    </Subrs>
    <GlobalSubrs>
        <CharString index="0" fingerprint="2f381466">
            322 260 return
        </CharString>
        <CharString index="1" fingerprint="bfb17d2f">
            hlineto
            -30 -25 rlineto
            -103 vlineto
            15 -12 rlineto
            return
        </CharString>
    </GlobalSubrs>
</Glyph>