<Glyph name="less_equal_equal.liga" lsb="-1155" width="625">
    <CharString>
        -26 707 -521 {a76f148f} callsubr
        -1155 1693 hintmask 00110000
        -956 404 rmoveto
        1494 104 -1366 hlineto
        107 86 {1b07c958} callsubr
        {78fc2c45} callsubr
        rlineto
        hintmask 01110000
        -123 99 rlineto
        1380 104 -1509 hlineto
        {1c3a7e80} callsubr
        endchar
    </CharString>
    <Subrs>
        <CharString index="0" fingerprint="a76f148f">
            {d8acdd14} callsubr
            hstemhm
            return
        </CharString>
        <CharString index="1" fingerprint="d8acdd14">
            104 140 104 return
        </CharString>
        <CharString index="2" fingerprint="1b07c958">
            rlineto
            hintmask 10010000
            return
        </CharString>
        <CharString index="3" fingerprint="78fc2c45">
            -66 87 -368 -302 rlineto
            -103 vlineto
            367 -302 69 87 return
        </CharString>
        <CharString index="4" fingerprint="1c3a7e80">
            -72 58 rlineto
            12 vlineto
            return
        </CharString>
    </Subrs>
    <GlobalSubrs/>
</Glyph>