<Glyph name="less_equal_greater.liga" lsb="-1155" width="625">
    <CharString>
        {d56558b4} callgsubr
        -1155 1687 {cf9ecb38} callgsubr
        -1032 hlineto
        107 86 {1b07c958} callsubr
        {78fc2c45} callsubr
        rlineto
        hintmask 01010000
        -123 99 rlineto
        1062 {d4650a42} callsubr
        -111 -58 rmoveto
        {5c389668} callgsubr
        -1320 hlineto
        {1c3a7e80} callsubr
        hintmask 00110000
        87 70 rlineto
        1290 hlineto
        87 -70 rlineto
        endchar
    </CharString>
    <Subrs>
        <CharString index="0" fingerprint="a76f148f">
            {d8acdd14} callsubr
            hstemhm
            return
        </CharString>
        <CharString index="1" fingerprint="d8acdd14">
            104 140 104 return
        </CharString>
        <CharString index="2" fingerprint="1b07c958">
            rlineto
            hintmask 10010000
            return
        </CharString>
        <CharString index="3" fingerprint="78fc2c45">
            -66 87 -368 -302 rlineto
            -103 vlineto
            367 -302 69 87 return
        </CharString>
        <CharString index="4" fingerprint="d4650a42">
            hlineto
            -124 -100 {1b07c958} callsubr
            66 -87 370 304 rlineto
            103 vlineto
            return
        </CharString>
        <CharString index="5" fingerprint="1c3a7e80">
            -72 58 rlineto
            12 vlineto
            return
        </CharString>
    </Subrs>
    <GlobalSubrs>
        <CharString index="0" fingerprint="d56558b4">
            -27 707 -520 {a76f148f} callsubr
            return
        </CharString>
        <CharString index="1" fingerprint="cf9ecb38">
            hintmask 10010000
            168 680 rmoveto
            -69 -88 rlineto
            hintmask 00110000
            105 -84 rlineto
            return
        </CharString>
        <CharString index="2" fingerprint="5c389668">
            hintmask 01010000
            -72 -58 rlineto
            return
        </CharString>
    </GlobalSubrs>
</Glyph>