<Subrs>
    
          
    <!-- The 'index' attribute is only for humans; it is ignored when parsed. -->
    
          
    <CharString index="0">
        
            rmoveto
            80 6 -53 callsubr
            rlinecurve
            -85 callsubr
            5 -64 4 -64 5 -64 rrcurveto
            -53 554 -80 callgsubr
          
    </CharString>
    
          
    <CharString index="1">
        
            rmoveto
            -96 callsubr
            -164 142 -90 266 136 vhcurveto
            -131 381 -76 callgsubr
          
    </CharString>
    
          
    <CharString index="2">
        
            rmoveto
            -129 70 -70 109 -46 callgsubr
            129 -72 71 -108 -46 callsubr
            vhcurveto
            363 103 rmoveto
            -127 -70 -110 -101 -72 -41 53 92 126 69 112 102 72 41 -54 -92 vhcurveto
            endchar
          
    </CharString>
    
          
    <CharString index="3">
        
            rmoveto
            -49 callsubr
            rlineto
            -158 -30 67 -76 129 hhcurveto
            117 82 69 147 28 hvcurveto
            82 418 rlineto
            -74 callsubr
            endchar
          
    </CharString>
    
          
    <CharString index="4">
        
            -94 callgsubr
            59 59 39 76 66 hvcurveto
            -18 -114 41 -38 146 85 rrcurveto
            endchar
          
    </CharString>
    
          
    <CharString index="5">
        
            -97 callgsubr
            -72 callsubr
            return
          
    </CharString>
    
          
    <CharString index="6">
        
            rmoveto
            88 69 57 84 103 -122 41 -106 -78 hvcurveto
            21 60 59 63 142 33 -14 53 81 callgsubr
            -54 -72 -116 -106 vvcurveto
            -94 62 -46 79 vhcurveto
            10 49 rmoveto
            -47 -43 27 73 6 0 7 1 7 hvcurveto
            89 66 88 -31 -71 vvcurveto
            -47 -33 -37 -55 vhcurveto
            endchar
          
    </CharString>
    
          
    <CharString index="7">
        
            rmoveto
            -45 28 rlineto
            -69 -56 -43 -40 -52 hhcurveto
            -49 -32 32 82 -34 hvcurveto
            -60 -31 rlineto
            -99 38 53 -47 68 hhcurveto
            71 72 53 91 69 hvcurveto
            return
          
    </CharString>
    
          
    <CharString index="8">
        
            rmoveto
            43 -40 40 -111 26 vhcurveto
            181 120 6 54 rlineto
            -259 hlineto
            -11 -54 rlineto
            192 hlineto
            -184 -122 -4 -27 rlineto
            123 -24 44 -31 -31 vvcurveto
            return
          
    </CharString>
    
          
    <CharString index="9">
        
            -98 -57 -21 -35 -38 vvcurveto
            -54 52 -36 80 91 65 48 59 vhcurveto
            -144 -57 rmoveto
            -47 -36 20 34 21 14 23 78 45 hvcurveto
            39 -32 37 -29 -29 vvcurveto
            -29 -35 -24 -50 vhcurveto
            endchar
          
    </CharString>
    
          
    <CharString index="10">
        
            295 hlineto
            13 54 rlineto
            -112 hlineto
            71 358 -64 -6 -12 -60 -124 -16 -8 -47 121 7 -46 -236 rlineto
            -123 hlineto
            return
          
    </CharString>
    
          
    <CharString index="11">
        
            -10 41 rlineto
            -227 -75 -95 33 129 vvcurveto
            1 vlineto
            230 17 129 69 114 vvcurveto
            72 -53 45 -86 -169 -127 -173 -155 return
          
    </CharString>
    
          
    <CharString index="12">
        
            -83 callgsubr
            hintmask 11101000
            -98 callsubr
          
    </CharString>
    
          
    <CharString index="13">
        
            rmoveto
            -73 callgsubr
            hintmask 10110000
            -103 callsubr
          
    </CharString>
    
          
    <CharString index="14">
        
            rmoveto
            -97 callsubr
            return
          
    </CharString>
    
          
    <CharString index="15">
        
            284 hlineto
            12 55 rlineto
            -203 hlineto
            149 91 83 66 82 vvcurveto
            81 -83 42 -166 -25 vhcurveto
            -9 -56 rlineto
            142 19 48 -27 -49 vvcurveto
            -67 -97 -64 -161 -98 vhcurveto
            return
          
    </CharString>
    
          
    <CharString index="16">
        
            rmoveto
            -96 callgsubr
          
    </CharString>
    
          
    <CharString index="17">
        
            -8 40 -94 -35 -6 16 14 69 rlinecurve
            69 352 rlineto
            14 -51 -47 7 -42 hhcurveto
            -177 -121 -174 -183 return
          
    </CharString>
    
          
    <CharString index="18">
        
            rmoveto
            -81 callgsubr
            -38 -143 84 -46 247 101 rlinecurve
            endchar
          
    </CharString>
    
          
    <CharString index="19">
        
            rmoveto
            4 hlineto
            205 146 -36 42 -157 -112 -102 116 -54 -42 rlineto
            return
          
    </CharString>
    
          
    <CharString index="20">
        
            -93 callgsubr
            endchar
          
    </CharString>
    
          
    <CharString index="21">
        
            rmoveto
            -92 callsubr
            return
          
    </CharString>
    
          
    <CharString index="22">
        
            -114 hlineto
            -104 -207 -101 -208 -95 -207 rrcurveto
            82 hlineto
            28 63 29 54 callgsubr
            rrcurveto
            211 hlineto
            return
          
    </CharString>
    
          
    <CharString index="23">
        
            -35 callgsubr
            -71 -38 -73 -70 vhcurveto
            5 38 7 48 3 17 -76 -5 rcurveline
            -22 -145 -22 -110 -45 -233 rrcurveto
            76 hlineto
            14 69 40 199 11 62 rrcurveto
            65 64 58 33 42 hhcurveto
            34 16 -20 -37 hvcurveto
            return
          
    </CharString>
    
          
    <CharString index="24">
        
            rmoveto
            -7 42 -150 -49 -30 30 174 424 rlinecurve
            -37 21 -64 -29 -74 -20 -61 -7 rlinecurve
            4 14 2 13 12 vvcurveto
            28 -15 16 -23 -48 -50 -55 -41 -24 19 -15 30 -7 vhcurveto
            -29 -63 -43 -60 -61 -73 31 -29 rcurveline
            65 69 59 81 34 70 47 1 56 10 55 16 -171 -398 71 -73 216 96 rrcurveto
            return
          
    </CharString>
    
          
    <CharString index="25">
        
            rmoveto
            -73 callgsubr
            hintmask 10111000
            -103 callsubr
          
    </CharString>
    
          
    <CharString index="26">
        
            -77 callsubr
            hintmask 11011000
            -95 callsubr
          
    </CharString>
    
          
    <CharString index="27">
        
            rmoveto
            31 -16 -41 callsubr
            rlinecurve
            -102 -3 -41 callgsubr
            rlinecurve
            endchar
          
    </CharString>
    
          
    <CharString index="28">
        
            rmoveto
            -100 52 -57 78 111 88 121 135 101 -51 57 -79 -111 -88 -121 -136 vhcurveto
            266 94 rmoveto
            -99 -52 -98 -75 -47 -29 37 71 99 51 99 75 48 29 -37 -72 vhcurveto
            endchar
          
    </CharString>
    
          
    <CharString index="29">
        
            rmoveto
            73 1 83 352 -77 -3 -37 -164 rlineto
            -147 -49 -79 54 151 vvcurveto
            159 89 170 119 68 13 -55 -104 -3 vhcurveto
            76 hlineto
            157 7 -38 74 -110 hhcurveto
            -165 -138 -199 -215 -183 109 -83 183 51 hvcurveto
            return
          
    </CharString>
    
          
    <CharString index="30">
        
            rmoveto
            42 -41 38 -42 34 vhcurveto
            35 18 44 21 54 25 -19 36 rcurveline
            -60 -27 -48 -24 -40 -21 rrcurveto
            return
          
    </CharString>
    
          
    <CharString index="31">
        
            rmoveto
            -5 callsubr
            -209 143 -79 244 87 hvcurveto
            8 73 rlineto
            -68 callsubr
            endchar
          
    </CharString>
    
          
    <CharString index="32">
        
            -3 callgsubr
            hintmask 11010000
            -84 callsubr
            hintmask 11100000
            -81 -40 callgsubr
            endchar
          
    </CharString>
    
          
    <CharString index="33">
        
            -81 hlineto
            -82 -420 rlineto
            -98 -19 -46 -45 -72 hhcurveto
            -81 -35 50 114 23 hvcurveto
            return
          
    </CharString>
    
          
    <CharString index="34">
        
            rmoveto
            34 -27 61 51 75 76 43 53 rlinecurve
            -76 41 -33 -56 -57 -84 -47 -54 rlinecurve
            209 hmoveto
            35 -27 61 50 73 75 43 54 rlinecurve
            -78 37 -32 -57 -55 -78 -47 -54 rlinecurve
            return
          
    </CharString>
    
          
    <CharString index="35">
        
            -38 -52 -39 -179 15 vhcurveto
            -7 -58 rlineto
            221 -16 79 72 71 vvcurveto
            return
          
    </CharString>
    
          
    <CharString index="36">
        
            -246 -134 -14 callgsubr
            132 -89 -1 rlineto
            return
          
    </CharString>
    
          
    <CharString index="37">
        
            -55 callgsubr
            rlineto
            311 -66 121 96 101 -49 callgsubr
            return
          
    </CharString>
    
          
    <CharString index="38">
        
            -8 -76 237 -14 109 40 31 62 rlinecurve
            -211 178 rmoveto
            -44 -33 32 69 115 73 124 100 27 36 -9 -20 39 hvcurveto
            -23 -58 -22 -78 -9 -71 rrcurveto
            -67 -44 -52 -37 -48 hhcurveto
            endchar
          
    </CharString>
    
          
    <CharString index="39">
        
            -206 -76 -108 48 170 vvcurveto
            156 92 168 123 71 11 -54 -106 -2 vhcurveto
            76 1 rlineto
            152 7 -33 79 -114 hhcurveto
            return
          
    </CharString>
    
          
    <CharString index="40">
        
            -62 callgsubr
            -148 -415 -103 callgsubr
          
    </CharString>
    
          
    <CharString index="41">
        
            -79 callgsubr
            hintmask 10111110
            11 callsubr
            hintmask 01111110
            -69 callsubr
          
    </CharString>
    
          
    <CharString index="42">
        
            rmoveto
            hintmask 1111110110000000
            -63 callgsubr
            -157 -444 -77 callsubr
            hintmask 1111101110000000
            -83 callgsubr
            hintmask 1111110110000000
            -98 callsubr
          
    </CharString>
    
          
    <CharString index="43">
        
            rmoveto
            -46 callgsubr
            47 -9 39 -18 31 hvcurveto
            64 70 -45 34 -54 -60 rlineto
            26 -31 -40 13 -47 hhcurveto
            -46 callsubr
            -48 10 -40 18 -32 hvcurveto
            -64 -69 45 -34 55 61 rlineto
            -24 30 39 -13 46 hhcurveto
            -101 210 rmoveto
            127 70 112 102 34 27 -12 -23 20 vhcurveto
            -243 -273 rlineto
            -7 20 -3 23 26 vvcurveto
            114 -146 rmoveto
            -33 -26 11 21 -19 hvcurveto
            241 272 rlineto
            6 -19 3 -22 -24 vvcurveto
            -129 -71 -110 -101 vhcurveto
            endchar
          
    </CharString>
    
          
    <CharString index="44">
        
            rmoveto
            -8 41 -209 -71 -34 38 25 109 rlinecurve
            58 258 rlineto
            191 hlineto
            12 61 rlineto
            -189 hlineto
            32 143 -60 -5 -77 -138 rlineto
            -63 hlineto
            -16 -61 rlineto
            93 hlineto
            -58 -262 -37 -160 85 -82 255 129 rlinecurve
            return
          
    </CharString>
    
          
    <CharString index="45">
        
            81 hlineto
            39 203 286 417 rlineto
            -87 hlineto
            -222 -334 -97 336 -83 -4 123 -409 rlineto
            endchar
          
    </CharString>
    
          
    <CharString index="46">
        
            -4 hlineto
            5 62 47 328 19 125 rrcurveto
            -80 hlineto
            -39 -266 -24 -236 -5 -118 rrcurveto
            85 hlineto
            endchar
          
    </CharString>
    
          
    <CharString index="47">
        
            74 vstem
            463 65 -100 callgsubr
            return
          
    </CharString>
    
          
    <CharString index="48">
        
            -60 callgsubr
            -3 -892 -107 callsubr
          
    </CharString>
    
          
    <CharString index="49">
        
            -38 callgsubr
            279 -288 54 53 return
          
    </CharString>
    
          
    <CharString index="50">
        
            -5 69 221 58 15 callsubr
            -53 -275 68 callsubr
            -11 -58 rlineto
            70 hlineto
            -55 -285 -12 callgsubr
            -343 -99 rmoveto
            129 hlineto
            14 58 rlineto
            -132 hlineto
            42 214 68 callgsubr
            4 callgsubr
            endchar
          
    </CharString>
    
          
    <CharString index="51">
        
            414 hlineto
            13 71 -321 -1 411 481 12 69 rlineto
            -403 hlineto
            -14 -71 314 1 -414 -481 rlineto
            endchar
          
    </CharString>
    
          
    <CharString index="52">
        
            rmoveto
            13 66 rlineto
            -330 -15 callsubr
            return
          
    </CharString>
    
          
    <CharString index="53">
        
            rmoveto
            -35 -183 rlineto
            236 hlineto
            18 68 rlineto
            -170 hlineto
            43 217 rlineto
            138 hlineto
            11 57 rlineto
            -138 hlineto
            41 210 rlineto
            166 hlineto
            13 68 rlineto
            -294 hlineto
            -110 -207 -109 -208 -107 -205 rrcurveto
            82 hlineto
            92 183 rlineto
            186 369 rmoveto
            9 hlineto
            -60 -309 rlineto
            -105 hlineto
            endchar
          
    </CharString>
    
          
    <CharString index="54">
        
            -17 207 -20 206 -22 206 return
          
    </CharString>
    
          
    <CharString index="55">
        
            rmoveto
            -90 -5 4 -75 -3 -69 -53 -90 rlinecurve
            34 -15 75 87 28 81 5 86 rlinecurve
            return
          
    </CharString>
    
          
    <CharString index="56">
        
            -50 callsubr
            hintmask 10111100
            -45 callsubr
          
    </CharString>
    
          
    <CharString index="57">
        
            rlineto
            4 -27 -24 2 -22 hhcurveto
            -174 -119 -169 -180 -108 47 -54 62 55 70 44 56 56 hvcurveto
            -10 -99 41 -38 146 85 rrcurveto
            return
          
    </CharString>
    
          
    <CharString index="58">
        
            77 399 44 callgsubr
            -78 -400 return
          
    </CharString>
    
          
    <CharString index="59">
        
            -37 63 -22 63 -8 65 rrcurveto
            60 60 35 65 49 vvcurveto
            33 -22 19 -32 -51 -63 -97 -107 vhcurveto
            -7 vlineto
            -128 -109 -80 -109 -100 vvcurveto
            return
          
    </CharString>
    
          
    <CharString index="60">
        
            72 hlineto
            118 5 -42 49 -92 hhcurveto
            -158 -136 -154 -171 return
          
    </CharString>
    
          
    <CharString index="61">
        
            -149 -114 -142 -172 return
          
    </CharString>
    
          
    <CharString index="62">
        
            -320 25 rmoveto
            -39 -30 35 74 132 79 132 97 23 36 -6 -11 38 hvcurveto
            -53 -270 rlineto
            -48 -46 -61 -38 -44 hhcurveto
            endchar
          
    </CharString>
    
          
    <CharString index="63">
        
            40 50 40 60 40 70 -66 24 rcurveline
            -30 -59 -30 -50 -30 -42 -48 callsubr
            -75 41 -46 74 64 75 41 78 77 vhcurveto
            return
          
    </CharString>
    
          
    <CharString index="64">
        
            -69 377 rmoveto
            26 12 -17 -30 -61 -53 -75 -106 -19 hvcurveto
            102 18 48 100 55 hhcurveto
            -298 -370 rmoveto
            -23 -12 26 52 135 59 156 77 20 24 -6 -21 28 hvcurveto
            -47 -69 -30 -97 -98 vvcurveto
            -44 -33 -33 -34 -30 hhcurveto
            endchar
          
    </CharString>
    
          
    <CharString index="65">
        
            -25 callsubr
            106 550 rlineto
            -82 hlineto
            return
          
    </CharString>
    
          
    <CharString index="66">
        
            70 63 36 74 3 70 return
          
    </CharString>
    
          
    <CharString index="67">
        
            132 -130 53 callgsubr
            return
          
    </CharString>
    
          
    <CharString index="68">
        
            0 -29 callsubr
            return
          
    </CharString>
    
          
    <CharString index="69">
        
            -10 68 127 46 206 65 return
          
    </CharString>
    
          
    <CharString index="70">
        
            rmoveto
            131 -218 65 42 -133 213 216 212 -51 49 -210 -217 rlineto
            219 -79 rmoveto
            130 -220 64 40 -130 216 217 209 -49 50 -212 -213 rlineto
            endchar
          
    </CharString>
    
          
    <CharString index="71">
        
            68 vstem
            162 425 -86 callsubr
            return
          
    </CharString>
    
          
    <CharString index="72">
        
            rmoveto
            50 -50 212 213 19 81 -129 220 -65 -40 131 -214 rlineto
            22 -213 rmoveto
            50 -49 211 218 17 81 -131 217 -65 -41 133 -213 rlineto
            endchar
          
    </CharString>
    
          
    <CharString index="73">
        
            -38 -24 24 43 69 58 80 82 80 hvcurveto
            12 -66 28 -66 41 -66 rrcurveto
            -67 -61 -56 -31 -42 hhcurveto
            return
          
    </CharString>
    
          
    <CharString index="74">
        
            -77 vvcurveto
            -66 57 -22 120 74 vhcurveto
            return
          
    </CharString>
    
          
    <CharString index="75">
        
            59 -32 39 -59 -34 -32 -14 -23 -28 vhcurveto
            hintmask 11011100
            22 -34 -36 12 -37 hhcurveto
            -130 -101 -189 -184 -88 29 -42 48 50 47 38 51 42 hvcurveto
            22 -95 84 -35 159 105 rrcurveto
            return
          
    </CharString>
    
          
    <CharString index="76">
        
            24 callgsubr
            -18 callgsubr
            hintmask 01110000
            return
          
    </CharString>
    
          
    <CharString index="77">
        
            -2 callsubr
            -24 callsubr
            return
          
    </CharString>
    
          
    <CharString index="78">
        
            69 214 61 207 69 return
          
    </CharString>
    
          
    <CharString index="79">
        
            151 -14 callsubr
            return
          
    </CharString>
    
          
    <CharString index="80">
        
            hlineto
            -13 -65 rlineto
            return
          
    </CharString>
    
          
    <CharString index="81">
        
            189 62 300 71 return
          
    </CharString>
    
          
    <CharString index="82">
        
            385 hlineto
            15 70 rlineto
            -304 hlineto
            return
          
    </CharString>
    
          
    <CharString index="83">
        
            hstem
            54 79 284 80 vstem
            return
          
    </CharString>
    
          
    <CharString index="84">
        
            vstem
            251 620 rmoveto
            -81 hlineto
            -121 -620 rlineto
            81 hlineto
            83 312 rmoveto
            181 -318 86 11 -178 306 281 309 rlineto
            -88 hlineto
            return
          
    </CharString>
    
          
    <CharString index="85">
        
            27 callsubr
            9 callgsubr
            hintmask 11100000
            return
          
    </CharString>
    
          
    <CharString index="86">
        
            -158 -109 -33 callgsubr
            return
          
    </CharString>
    
          
    <CharString index="87">
        
            72 14 rlineto
            111 -16 -53 60 -103 hhcurveto
            return
          
    </CharString>
    
          
    <CharString index="88">
        
            61 -4 59 113 59 return
          
    </CharString>
    
          
    <CharString index="89">
        
            -41 callsubr
            -102 -3 rcurveline
            -41 callgsubr
            rrcurveto
            endchar
          
    </CharString>
    
          
    <CharString index="90">
        
            -12 callsubr
            -28 callgsubr
            return
          
    </CharString>
    
          
    <CharString index="91">
        
            -152 -73 -80 4 -11 126 return
          
    </CharString>
    
          
    <CharString index="92">
        
            hlineto
            -13 -66 rlineto
            return
          
    </CharString>
    
          
    <CharString index="93">
        
            69 153 69 return
          
    </CharString>
    
          
    <CharString index="94">
        
            -26 callsubr
            -2 callgsubr
            return
          
    </CharString>
    
          
    <CharString index="95">
        
            -10 69 374 67 return
          
    </CharString>
    
          
    <CharString index="96">
        
            rmoveto
            170 873 rlineto
            -311 hlineto
            -12 -64 rlineto
            233 hlineto
            -144 -745 rlineto
            -233 hlineto
            -13 -64 rlineto
            endchar
          
    </CharString>
    
          
    <CharString index="97">
        
            hlineto
            -13 -69 rlineto
            return
          
    </CharString>
    
          
    <CharString index="98">
        
            702 -57 callgsubr
            hintmask 11010000
            -71 callsubr
            return
          
    </CharString>
    
          
    <CharString index="99">
        
            hlineto
            hintmask 10100000
            306 211 -22 callgsubr
            return
          
    </CharString>
    
          
    <CharString index="100">
        
            0 105 39 callgsubr
            hintmask 11000000
            return
          
    </CharString>
    
          
    <CharString index="101">
        
            -9 callgsubr
            103 -104 rlineto
            return
          
    </CharString>
    
          
    <CharString index="102">
        
            -174 -138 -198 -212 return
          
    </CharString>
    
          
    <CharString index="103">
        
            hintmask 1001000001010000111100100100010010100110
            return
          
    </CharString>
    
          
    <CharString index="104">
        
            -12 70 504 70 return
          
    </CharString>
    
          
    <CharString index="105">
        
            -11 65 383 65 return
          
    </CharString>
    
          
    <CharString index="106">
        
            155 -15 13 62 -154 16 33 158 -75 8 -32 -158 -157 16 -13 -64 157 -16 return
          
    </CharString>
    
          
    <CharString index="107">
        
            rmoveto
            193 -226 57 53 -180 208 274 204 -45 61 -278 -218 rlineto
            endchar
          
    </CharString>
    
          
    <CharString index="108">
        
            -19 callgsubr
            490 vstem
            return
          
    </CharString>
    
          
    <CharString index="109">
        
            hlineto
            12 65 rlineto
            return
          
    </CharString>
    
          
    <CharString index="110">
        
            -119 -149 -124 -147 -214 vhcurveto
            49 9 rmoveto
            177 98 130 119 93 71 return
          
    </CharString>
    
          
    <CharString index="111">
        
            0 65 490 65 return
          
    </CharString>
    
          
    <CharString index="112">
        
            rmoveto
            45 -60 278 218 20 81 -192 227 -57 -54 180 -208 rlineto
            endchar
          
    </CharString>
    
          
    <CharString index="113">
        
            12 callsubr
            -41 17 33 vvcurveto
            return
          
    </CharString>
    
          
    <CharString index="114">
        
            hintmask 1001000001010000111100100100100010100110
            return
          
    </CharString>
    
          
    <CharString index="115">
        
            -28 callsubr
            hstem
            return
          
    </CharString>
    
          
    <CharString index="116">
        
            hhcurveto
            61 10 -67 -91 -77 hvcurveto
            33 -17 66 callgsubr
            131 -20 121 -109 hhcurveto
            return
          
    </CharString>
    
          
    <CharString index="117">
        
            -18 callgsubr
            hintmask 01111000
            return
          
    </CharString>
    
          
    <CharString index="118">
        
            -20 -21 -84 -19 -194 16 rrcurveto
            return
          
    </CharString>
    
          
    <CharString index="119">
        
            -167 52 callsubr
            -103 -39 return
          
    </CharString>
    
          
    <CharString index="120">
        
            hstem
            172 80 vstem
            return
          
    </CharString>
    
          
    <CharString index="121">
        
            34 callsubr
            hstem
            return
          
    </CharString>
    
          
    <CharString index="122">
        
            58 callsubr
            522 384 -6 callgsubr
            return
          
    </CharString>
    
          
    <CharString index="123">
        
            -33 callgsubr
            endchar
          
    </CharString>
    
          
    <CharString index="124">
        
            hlineto
            hintmask 10100000
            -312 -216 16 callsubr
          
    </CharString>
    
          
    <CharString index="125">
        
            45 hstem
            43 49 381 49 vstem
            43 252 rmoveto
            -154 86 -91 118 return
          
    </CharString>
    
          
    <CharString index="126">
        
            rmoveto
            -9 39 -95 -36 -6 16 14 72 rlinecurve
            return
          
    </CharString>
    
          
    <CharString index="127">
        
            -7 67 hstem
            236 149 1 77 vstem
            return
          
    </CharString>
    
          
    <CharString index="128">
        
            4 callsubr
            hstem
            36 493 vstem
            return
          
    </CharString>
    
          
    <CharString index="129">
        
            hintmask 1010000001010000111100100100010010100110
            return
          
    </CharString>
    
          
    <CharString index="130">
        
            -14 71 34 callgsubr
            return
          
    </CharString>
    
          
    <CharString index="131">
        
            15 callgsubr
            54 return
          
    </CharString>
    
          
    <CharString index="132">
        
            37 callsubr
            32 callgsubr
            return
          
    </CharString>
    
          
    <CharString index="133">
        
            -10 69 13 callsubr
            return
          
    </CharString>
    
          
    <CharString index="134">
        
            -10 68 370 73 return
          
    </CharString>
    
          
    <CharString index="135">
        
            -7 67 373 63 -62 65 hstemhm
            33 79 131 74 166 73 return
          
    </CharString>
    
          
    <CharString index="136">
        
            -11 66 373 74 hstem
            421 77 vstem
            18 -176 rmoveto
            77 6 return
          
    </CharString>
    
          
    <CharString index="137">
        
            -2 23 hhcurveto
            176 120 169 180 109 -48 55 -62 return
          
    </CharString>
    
          
    <CharString index="138">
        
            rmoveto
            107 hlineto
            22 109 rlineto
            -107 hlineto
            return
          
    </CharString>
    
          
    <CharString index="139">
        
            60 callgsubr
            hstem
            125 79 return
          
    </CharString>
    
          
    <CharString index="140">
        
            60 callsubr
            -444 3 callgsubr
            return
          
    </CharString>
    
          
    <CharString index="141">
        
            56 289 54 return
          
    </CharString>
    
          
    <CharString index="142">
        
            -19 203 -64 -2 -64 -328 rlineto
            50 hlineto
            49 255 rlineto
            return
          
    </CharString>
    
          
    <CharString index="143">
        
            hhcurveto
            39 31 -35 -75 -132 -79 -131 -101 hvcurveto
            endchar
          
    </CharString>
    
          
    <CharString index="144">
        
            8 -2 3 -4 -4 -2 -3 -8 return
          
    </CharString>
    
          
    <CharString index="145">
        
            hintmask 1001000001010000111100100110100010100110
            return
          
    </CharString>
    
          
    <CharString index="146">
        
            43 callgsubr
            vstem
            return
          
    </CharString>
    
          
    <CharString index="147">
        
            59 178 61 vstem
            return
          
    </CharString>
    
          
    <CharString index="148">
        
            63 203 63 vstem
            return
          
    </CharString>
    
          
    <CharString index="149">
        
            rmoveto
            -11 41 rlineto
            return
          
    </CharString>
    
          
    <CharString index="150">
        
            49 82 callgsubr
            return
          
    </CharString>
    
          
    <CharString index="151">
        
            rmoveto
            118 hlineto
            25 117 rlineto
            -119 hlineto
            638 return
          
    </CharString>
    
          
    <CharString index="152">
        
            289 570 rmoveto
            81 4 40 134 -90 -5 rlineto
            return
          
    </CharString>
    
          
    <CharString index="153">
        
            -42 hhcurveto
            endchar
          
    </CharString>
    
          
    <CharString index="154">
        
            -11 64 385 64 hstem
            54 78 286 79 vstem
            return
          
    </CharString>
    
          
    <CharString index="155">
        
            rmoveto
            57 39 46 100 57 hvcurveto
            -44 24 rlineto
            -59 -37 return
          
    </CharString>
    
          
    <CharString index="156">
        
            0 68 115 60 42 57 210 68 hstem
            -21 return
          
    </CharString>
    
          
    <CharString index="157">
        
            rmoveto
            108 hlineto
            22 110 rlineto
            -107 hlineto
            endchar
          
    </CharString>
    
          
    <CharString index="158">
        
            0 71 479 71 hstem
            23 return
          
    </CharString>
    
          
    <CharString index="159">
        
            rmoveto
            -10 37 rlineto
            return
          
    </CharString>
    
          
    <CharString index="160">
        
            rlineto
            225 return
          
    </CharString>
    
          
    <CharString index="161">
        
            rmoveto
            55 hlineto
            85 249 4 36 rlineto
            -96 hlineto
            return
          
    </CharString>
    
          
    <CharString index="162">
        
            344 237 -34 61 -226 -157 rlineto
            return
          
    </CharString>
    
          
    <CharString index="163">
        
            -344 -238 34 -61 244 170 rlineto
            return
          
    </CharString>
    
          
    <CharString index="164">
        
            4 54 503 72 return
          
    </CharString>
    
          
    <CharString index="165">
        
            hstem
            441 81 vstem
            return
          
    </CharString>
    
          
    <CharString index="166">
        
            124 rlinecurve
            -108 return
          
    </CharString>
    
          
    <CharString index="167">
        
            15 69 rlineto
            return
          
    </CharString>
    
          
    <CharString index="168">
        
            -4 -124 rlinecurve
            108 4 -13 116 return
          
    </CharString>
    
          
    <CharString index="169">
        
            hintmask 1001000100010000111100100100100010101110
            return
          
    </CharString>
    
          
    <CharString index="170">
        
            -211 24 callsubr
            return
          
    </CharString>
    
          
    <CharString index="171">
        
            424 hintmask 11000000
            return
          
    </CharString>
    
          
    <CharString index="172">
        
            -182 900 return
          
    </CharString>
    
          
    <CharString index="173">
        
            69 -77 104 161 122 198 return
          
    </CharString>
    
          
    <CharString index="174">
        
            -205 1099 hstem
            -20 629 vstem
            return
          
    </CharString>
    
          
    <CharString index="175">
        
            rlineto
            -71 hlineto
            return
          
    </CharString>
    
          
    <CharString index="176">
        
            vlineto
            hintmask 1010000001010000111100100100101000000110
            4 return
          
    </CharString>
    
          
    <CharString index="177">
        
            5 hlineto
            hintmask 1001000001010000111010100100100010100110
            return
          
    </CharString>
    
          
    <CharString index="178">
        
            hlineto
            83 -84 -2 -9 -87 -60 rlineto
            return
          
    </CharString>
    
          
    <CharString index="179">
        
            77 callgsubr
            439 81 vstem
            return
          
    </CharString>
    
          
    <CharString index="180">
        
            -63 29 -613 -880 70 -20 return
          
    </CharString>
    
          
    <CharString index="181">
        
            -36 6 11 -39 hvcurveto
            return
          
    </CharString>
    
          
    <CharString index="182">
        
            -137 -153 rlineto
            return
          
    </CharString>
    
          
    <CharString index="183">
        
            258 69 hstemhm
            return
          
    </CharString>
    
          
    <CharString index="184">
        
            117 66 hstem
            return
          
    </CharString>
    
          
    <CharString index="185">
        
            hlineto
            -27 -69 rlineto
            return
          
    </CharString>
    
          
    <CharString index="186">
        
            rlineto
            -110 hlineto
            return
          
    </CharString>
    
          
    <CharString index="187">
        
            rlineto
            77 hlineto
            return
          
    </CharString>
    
          
    <CharString index="188">
        
            564 rmoveto
            return
          
    </CharString>
    
        
</Subrs>