<Glyph name="equal_greater.liga" lsb="-554" width="625">
    <CharString>
        {11d18bab} callgsubr
        -554 1102 {e372a54e} callgsubr
        -784 {62d12451} callgsubr
        874 hlineto
        92 -93 -2 -10 rlineto
        {65da6b10} callgsubr
        -899 {62d12451} callgsubr
        803 {da05d0ef} callsubr
        endchar
    </CharString>
    <Subrs>
        <CharString index="0" fingerprint="f17c6fdc">
            666 rmoveto
            return
        </CharString>
        <CharString index="1" fingerprint="da05d0ef">
            hlineto
            -173 -119 {1b07c958} callsubr
            {113542a9} callsubr
            rlineto
            return
        </CharString>
        <CharString index="2" fingerprint="1b07c958">
            rlineto
            hintmask 10010000
            return
        </CharString>
        <CharString index="3" fingerprint="113542a9">
            39 -70 419 291 14 77 return
        </CharString>
    </Subrs>
    <GlobalSubrs>
        <CharString index="0" fingerprint="11d18bab">
            -21 687 -498 {5ac84507} callgsubr
            hstemhm
            return
        </CharString>
        <CharString index="1" fingerprint="5ac84507">
            76 170 76 return
        </CharString>
        <CharString index="2" fingerprint="e372a54e">
            hintmask 10010000
            {4d18085b} callgsubr
            hintmask 00110000
            115 -116 rlineto
            return
        </CharString>
        <CharString index="3" fingerprint="4d18085b">
            238 {f17c6fdc} callsubr
            -61 -60 rlineto
            return
        </CharString>
        <CharString index="4" fingerprint="62d12451">
            hlineto
            -15 -76 rlineto
            return
        </CharString>
        <CharString index="5" fingerprint="65da6b10">
            hintmask 01110000
            -97 -67 rlineto
            return
        </CharString>
    </GlobalSubrs>
</Glyph>