<Glyph name="equal_equal_equal.2.liga" lsb="-1179" width="625">
    <CharString>
        {c0b7177d} callgsubr
        -1179 1757 vstem
        -620 {6a441620} callgsubr
        -513 {62d12451} callgsubr
        1103 hmoveto
        {1af50f36} callgsubr
        -513 {62d12451} callgsubr
        1103 hmoveto
        {1af50f36} callgsubr
        -513 {62d12451} callgsubr
        -717 {e5d5018e} callsubr
        -512 {62d12451} callgsubr
        1103 hmoveto
        {e86cdc87} callgsubr
        -512 {62d12451} callgsubr
        1103 hmoveto
        {e86cdc87} callgsubr
        -512 {c1d997ea} callgsubr
    </CharString>
    <Subrs>
        <CharString index="0" fingerprint="7807176c">
            rmoveto
            {1af50f36} callgsubr
            return
        </CharString>
        <CharString index="1" fingerprint="e5d5018e">
            -246 {20afed72} callsubr
            return
        </CharString>
        <CharString index="2" fingerprint="20afed72">
            rmoveto
            {e86cdc87} callgsubr
            return
        </CharString>
    </Subrs>
    <GlobalSubrs>
        <CharString index="0" fingerprint="c0b7177d">
            168 {5ac84507} callgsubr
            hstem
            return
        </CharString>
        <CharString index="1" fingerprint="5ac84507">
            76 170 76 return
        </CharString>
        <CharString index="2" fingerprint="6a441620">
            414 {7807176c} callsubr
            return
        </CharString>
        <CharString index="3" fingerprint="1af50f36">
            16 76 rlineto
            return
        </CharString>
        <CharString index="4" fingerprint="62d12451">
            hlineto
            -15 -76 rlineto
            return
        </CharString>
        <CharString index="5" fingerprint="e86cdc87">
            15 76 rlineto
            return
        </CharString>
        <CharString index="6" fingerprint="c1d997ea">
            {62d12451} callgsubr
            endchar
        </CharString>
    </GlobalSubrs>
</Glyph>