<Glyph name="exclam_equal.liga" lsb="-554" width="625">
    <CharString>
        {f8980900} callgsubr
        -629 {5ac84507} callgsubr
        hstemhm
        -394 752 hintmask 00110000
        {2eb86cc7} callsubr
        -411 hlineto
        191 275 {1b07c958} callsubr
        -72 32 rlineto
        hintmask 00110000
        -214 -307 rlineto
        -564 {62d12451} callgsubr
        526 hlineto
        hintmask 01010000
        -118 -170 rlineto
        -440 {62d12451} callgsubr
        402 hlineto
        -242 -348 {1b07c958} callsubr
        80 -22 rlineto
        hintmask 01010000
        257 370 rlineto
        572 hlineto
        {e86cdc87} callgsubr
        -534 hlineto
        hintmask 00110000
        118 170 rlineto
        endchar
    </CharString>
    <Subrs>
        <CharString index="0" fingerprint="2eb86cc7">
            562 {6a441620} callgsubr
            return
        </CharString>
        <CharString index="1" fingerprint="7807176c">
            rmoveto
            {1af50f36} callgsubr
            return
        </CharString>
        <CharString index="2" fingerprint="1b07c958">
            rlineto
            hintmask 10010000
            return
        </CharString>
    </Subrs>
    <GlobalSubrs>
        <CharString index="0" fingerprint="f8980900">
            -202 999 return
        </CharString>
        <CharString index="1" fingerprint="5ac84507">
            76 170 76 return
        </CharString>
        <CharString index="2" fingerprint="6a441620">
            414 {7807176c} callsubr
            return
        </CharString>
        <CharString index="3" fingerprint="1af50f36">
            16 76 rlineto
            return
        </CharString>
        <CharString index="4" fingerprint="62d12451">
            hlineto
            -15 -76 rlineto
            return
        </CharString>
        <CharString index="5" fingerprint="e86cdc87">
            15 76 rlineto
            return
        </CharString>
    </GlobalSubrs>
</Glyph>