<Glyph name="greater_equal_greater.liga" lsb="-1174" width="625">
    <CharString>
        {11d18bab} callgsubr
        -1174 1722 {e372a54e} callgsubr
        -1133 hlineto
        hintmask 10010000
        -171 176 {cc6c9f4a} callgsubr
        {064b23fe} callgsubr
        39 -70 rlineto
        hintmask 01110000
        272 189 rlineto
        1112 {dc4a0503} callsubr
        -1113 {5571bcb6} callsubr
        1134 hlineto
        92 -93 rlineto
        endchar
    </CharString>
    <Subrs>
        <CharString index="0" fingerprint="f17c6fdc">
            666 rmoveto
            return
        </CharString>
        <CharString index="1" fingerprint="dc4a0503">
            {da05d0ef} callsubr
            -91 -36 rmoveto
            {65da6b10} callgsubr
            return
        </CharString>
        <CharString index="2" fingerprint="da05d0ef">
            hlineto
            -173 -119 {1b07c958} callsubr
            {113542a9} callsubr
            rlineto
            return
        </CharString>
        <CharString index="3" fingerprint="1b07c958">
            rlineto
            hintmask 10010000
            return
        </CharString>
        <CharString index="4" fingerprint="113542a9">
            39 -70 419 291 14 77 return
        </CharString>
        <CharString index="5" fingerprint="5571bcb6">
            hlineto
            37 26 14 77 -65 67 rlineto
            return
        </CharString>
    </Subrs>
    <GlobalSubrs>
        <CharString index="0" fingerprint="11d18bab">
            -21 687 -498 {5ac84507} callgsubr
            hstemhm
            return
        </CharString>
        <CharString index="1" fingerprint="5ac84507">
            76 170 76 return
        </CharString>
        <CharString index="2" fingerprint="e372a54e">
            hintmask 10010000
            {4d18085b} callgsubr
            hintmask 00110000
            115 -116 rlineto
            return
        </CharString>
        <CharString index="3" fingerprint="4d18085b">
            238 {f17c6fdc} callsubr
            -61 -60 rlineto
            return
        </CharString>
        <CharString index="4" fingerprint="cc6c9f4a">
            -61 -60 282 -285 -2 -10 return
        </CharString>
        <CharString index="5" fingerprint="064b23fe">
            -381 -262 return
        </CharString>
        <CharString index="6" fingerprint="65da6b10">
            hintmask 01110000
            -97 -67 rlineto
            return
        </CharString>
    </GlobalSubrs>
</Glyph>