<Glyph name="greater_greater_equal.liga" lsb="-1174" width="625">
    <CharString>
        {11d18bab} callgsubr
        -1174 472 -122 472 -184 1114 hintmask 00110000
        -702 347 rmoveto
        hintmask 10010000
        -310 319 {cc6c9f4a} callgsubr
        {064b23fe} callgsubr
        39 -70 419 291 rlineto
        hintmask 00100100
        1294 220 rmoveto
        -1069 hlineto
        hintmask 10000100
        -171 176 {cc6c9f4a} callgsubr
        rlineto
        hintmask 10001000
        {064b23fe} callgsubr
        39 -70 rlineto
        hintmask 01101000
        272 189 rlineto
        1028 hlineto
        {e86cdc87} callgsubr
        -933 {5571bcb6} callsubr
        979 hlineto
        endchar
    </CharString>
    <Subrs>
        <CharString index="0" fingerprint="5571bcb6">
            hlineto
            37 26 14 77 -65 67 rlineto
            return
        </CharString>
    </Subrs>
    <GlobalSubrs>
        <CharString index="0" fingerprint="11d18bab">
            -21 687 -498 {5ac84507} callgsubr
            hstemhm
            return
        </CharString>
        <CharString index="1" fingerprint="5ac84507">
            76 170 76 return
        </CharString>
        <CharString index="2" fingerprint="cc6c9f4a">
            -61 -60 282 -285 -2 -10 return
        </CharString>
        <CharString index="3" fingerprint="064b23fe">
            -381 -262 return
        </CharString>
        <CharString index="4" fingerprint="e86cdc87">
            15 76 rlineto
            return
        </CharString>
    </GlobalSubrs>
</Glyph>