<Glyph name="hyphen_hyphen_greater.liga" lsb="-1107" width="625">
    <CharString>
        {ce331721} callsubr
        -1107 1655 {3fd5f50e} callgsubr
        -1508 hlineto
        {f185d220} callsubr
        1528 {846e1aba} callgsubr
    </CharString>
    <Subrs>
        <CharString index="0" fingerprint="ce331721">
            -21 687 -380 78 hstemhm
            return
        </CharString>
        <CharString index="1" fingerprint="f17c6fdc">
            666 rmoveto
            return
        </CharString>
        <CharString index="2" fingerprint="f185d220">
            -15 -78 rlineto
            return
        </CharString>
        <CharString index="3" fingerprint="e00cebbc">
            {113542a9} callsubr
            rlineto
            endchar
        </CharString>
        <CharString index="4" fingerprint="113542a9">
            39 -70 419 291 14 77 return
        </CharString>
    </Subrs>
    <GlobalSubrs>
        <CharString index="0" fingerprint="3fd5f50e">
            hintmask 10100000
            {4d18085b} callgsubr
            hintmask 01100000
            239 -242 rlineto
            return
        </CharString>
        <CharString index="1" fingerprint="4d18085b">
            238 {f17c6fdc} callsubr
            -61 -60 rlineto
            return
        </CharString>
        <CharString index="2" fingerprint="846e1aba">
            hlineto
            -345 -237 {2042e89d} callgsubr
            {e00cebbc} callsubr
        </CharString>
        <CharString index="3" fingerprint="2042e89d">
            rlineto
            hintmask 10100000
            return
        </CharString>
    </GlobalSubrs>
</Glyph>