<Glyph name="hyphen_hyphen.liga" lsb="-416" width="625">
    <CharString>
        286 78 hstem
        -416 346 161 346 vstem
        -85 286 rmoveto
        {8c70c3da} callsubr
        838 hmoveto
        {8c70c3da} callsubr
        endchar
    </CharString>
    <Subrs>
        <CharString index="0" fingerprint="8c70c3da">
            {31c226ba} callsubr
            {f185d220} callsubr
            return
        </CharString>
        <CharString index="1" fingerprint="31c226ba">
            15 78 rlineto
            -331 hlineto
            return
        </CharString>
        <CharString index="2" fingerprint="f185d220">
            -15 -78 rlineto
            return
        </CharString>
        <CharString index="3" fingerprint="8c70c3da">
            {31c226ba} callsubr
            {f185d220} callsubr
            return
        </CharString>
    </Subrs>
    <GlobalSubrs/>
</Glyph>