<Glyph name="less_hyphen_hyphen.liga" lsb="-1146" width="625">
    <CharString>
        {ce331721} callsubr
        -1146 1635 hintmask 01100000
        489 364 rmoveto
        -1500 {4a50b003} callgsubr
        1493 hlineto
        endchar
    </CharString>
    <Subrs>
        <CharString index="0" fingerprint="ce331721">
            -21 687 -380 78 hstemhm
            return
        </CharString>
    </Subrs>
    <GlobalSubrs>
        <CharString index="0" fingerprint="4a50b003">
            hlineto
            337 232 {2042e89d} callgsubr
            {104e0888} callgsubr
            rlineto
            hintmask 01100000
            -245 247 rlineto
            return
        </CharString>
        <CharString index="1" fingerprint="2042e89d">
            rlineto
            hintmask 10100000
            return
        </CharString>
        <CharString index="2" fingerprint="104e0888">
            {27d27e30} callgsubr
            62 60 return
        </CharString>
        <CharString index="3" fingerprint="27d27e30">
            -39 70 -419 -291 -14 -76 310 -320 return
        </CharString>
    </GlobalSubrs>
</Glyph>