<Glyph name="less_equal_equal.liga" lsb="-1146" width="625">
    <CharString>
        {bc930f35} callsubr
        1724 hintmask 00110000
        -939 414 rmoveto
        1501 {f8f09bfc} callgsubr
        -1406 {2a759fe3} callgsubr
        1417 hlineto
        {e86cdc87} callgsubr
        -1508 hlineto
        -79 80 2 10 rlineto
        endchar
    </CharString>
    <Subrs>
        <CharString index="0" fingerprint="bc930f35">
            {11d18bab} callgsubr
            -1146 return
        </CharString>
        <CharString index="1" fingerprint="1b07c958">
            rlineto
            hintmask 10010000
            return
        </CharString>
    </Subrs>
    <GlobalSubrs>
        <CharString index="0" fingerprint="11d18bab">
            -21 687 -498 {5ac84507} callgsubr
            hstemhm
            return
        </CharString>
        <CharString index="1" fingerprint="5ac84507">
            76 170 76 return
        </CharString>
        <CharString index="2" fingerprint="f8f09bfc">
            hlineto
            {1af50f36} callgsubr
            return
        </CharString>
        <CharString index="3" fingerprint="1af50f36">
            16 76 rlineto
            return
        </CharString>
        <CharString index="4" fingerprint="2a759fe3">
            hlineto
            154 106 {1b07c958} callsubr
            {104e0888} callgsubr
            rlineto
            hintmask 01110000
            -128 129 rlineto
            return
        </CharString>
        <CharString index="5" fingerprint="104e0888">
            {27d27e30} callgsubr
            62 60 return
        </CharString>
        <CharString index="6" fingerprint="27d27e30">
            -39 70 -419 -291 -14 -76 310 -320 return
        </CharString>
        <CharString index="7" fingerprint="e86cdc87">
            15 76 rlineto
            return
        </CharString>
    </GlobalSubrs>
</Glyph>