<Glyph name="less_exclam_hyphen_hyphen.liga" lsb="-1771" width="625">
    <CharString>
        -21 687 -666 124 162 78 hstemhm
        -1771 472 -418 616 29 274 20 1267 hintmask 01001110
        -984 {746ff02b} callsubr
        hintmask 01010110
        -315 336 rmoveto
        hintmask 10010110
        {104e0888} callgsubr
        rlineto
        hintmask 01110110
        -245 247 rlineto
        528 {584bae74} callgsubr
        -535 hlineto
        873 hmoveto
        {f185d220} callsubr
        1252 {584bae74} callgsubr
        -1561 -364 {e4f1ffe8} callgsubr
    </CharString>
    <Subrs>
        <CharString index="0" fingerprint="746ff02b">
            260 rmoveto
            59 hlineto
            21 95 83 296 23 100 rrcurveto
            -116 hlineto
            -17 -100 -35 -296 -18 -95 rrcurveto
            return
        </CharString>
        <CharString index="1" fingerprint="f185d220">
            -15 -78 rlineto
            return
        </CharString>
    </Subrs>
    <GlobalSubrs>
        <CharString index="0" fingerprint="104e0888">
            {27d27e30} callgsubr
            62 60 return
        </CharString>
        <CharString index="1" fingerprint="27d27e30">
            -39 70 -419 -291 -14 -76 310 -320 return
        </CharString>
        <CharString index="2" fingerprint="584bae74">
            hlineto
            15 78 rlineto
            return
        </CharString>
        <CharString index="3" fingerprint="e4f1ffe8">
            rmoveto
            122 hlineto
            25 124 rlineto
            -121 hlineto
            endchar
        </CharString>
    </GlobalSubrs>
</Glyph>