<Glyph name="slash_greater.liga" lsb="-445" width="625">
    <CharString>
        {f8980900} callgsubr
        -818 687 hstemhm
        -445 752 -231 472 hintmask 01100000
        238 {f17c6fdc} callsubr
        69 99 {2042e89d} callgsubr
        {dcffb410} callgsubr
        553 796 271 -273 -2 -10 {1b07c958} callsubr
        {064b23fe} callgsubr
        rlineto
        hintmask 01010000
        {e00cebbc} callsubr
    </CharString>
    <Subrs>
        <CharString index="0" fingerprint="f17c6fdc">
            666 rmoveto
            return
        </CharString>
        <CharString index="1" fingerprint="1b07c958">
            rlineto
            hintmask 10010000
            return
        </CharString>
        <CharString index="2" fingerprint="e00cebbc">
            {113542a9} callsubr
            rlineto
            endchar
        </CharString>
        <CharString index="3" fingerprint="113542a9">
            39 -70 419 291 14 77 return
        </CharString>
    </Subrs>
    <GlobalSubrs>
        <CharString index="0" fingerprint="f8980900">
            -202 999 return
        </CharString>
        <CharString index="1" fingerprint="2042e89d">
            rlineto
            hintmask 10100000
            return
        </CharString>
        <CharString index="2" fingerprint="dcffb410">
            -72 32 -680 -977 80 -22 return
        </CharString>
        <CharString index="3" fingerprint="064b23fe">
            -381 -262 return
        </CharString>
    </GlobalSubrs>
</Glyph>