<GlobalSubrs>
    
      
    <!-- The 'index' attribute is only for humans; it is ignored when parsed. -->
    
      
    <CharString index="0">
        
        rmoveto
        43 -44 39 -43 36 vhcurveto
        37 20 46 23 57 27 -16 28 rcurveline
        -61 -29 -50 -25 -40 -22 rrcurveto
        -32 28 -27 26 25 vvcurveto
        34 42 29 126 -28 vhcurveto
        16 48 rlineto
        -152 25 -79 -54 -59 vvcurveto
        -35 30 -32 35 -30 vhcurveto
        -101 -60 -22 -35 -38 vvcurveto
        -52 52 -36 77 86 63 47 57 vhcurveto
        -140 -63 rmoveto
        -51 -38 22 37 23 15 25 86 50 hvcurveto
        41 -34 40 -32 -32 vvcurveto
        -33 -38 -26 -55 vhcurveto
        endchar
      
    </CharString>
    
      
    <CharString index="1">
        
        rmoveto
        -95 callgsubr
        -164 140 -84 254 131 vhcurveto
        -119 391 -81 callsubr
      
    </CharString>
    
      
    <CharString index="2">
        
        rmoveto
        44 -41 41 -119 26 vhcurveto
        192 132 5 43 rlineto
        -254 hlineto
        -8 -43 rlineto
        200 hlineto
        -194 -132 -3 -23 rlineto
        131 -26 42 -33 -35 vvcurveto
        -37 -46 -39 -191 19 vhcurveto
        -6 -46 rlineto
        224 -21 68 69 61 vvcurveto
        return
      
    </CharString>
    
      
    <CharString index="3">
        
        rmoveto
        -167 -120 -208 -205 -153 69 -78 103 167 121 208 205 153 -70 78 -103 hvcurveto
        -105 -591 rmoveto
        -72 -48 60 122 176 90 179 125 72 48 -60 -121 -176 -89 -180 -126 hvcurveto
        endchar
      
    </CharString>
    
      
    <CharString index="4">
        
        rmoveto
        -90 callgsubr
        -58 callgsubr
        hvcurveto
        -14 -102 36 -43 139 82 rrcurveto
        return
      
    </CharString>
    
      
    <CharString index="5">
        
        -9 32 -96 -43 -5 21 15 79 rlinecurve
        71 361 rlineto
        -57 hlineto
        -62 -317 rlineto
        -81 -72 -54 -41 -50 hhcurveto
        -47 -24 37 97 23 hvcurveto
        70 308 -60 -4 -70 -121 39 -23 -38 -166 rlineto
        return
      
    </CharString>
    
      
    <CharString index="6">
        
        245 176 93 156 115 vvcurveto
        63 -33 36 -56 -135 -174 -267 -270 vhcurveto
        -3 vlineto
        -20 -14 -31 -21 -13 -8 18 -29 rcurveline
        9 6 21 13 18 12 18 -156 119 -14 184 111 rrcurveto
        -29 callsubr
        -88 -73 -133 -209 -158 hvcurveto
        226 9 130 216 92 hhcurveto
        return
      
    </CharString>
    
      
    <CharString index="7">
        
        rmoveto
        -102 callgsubr
        return
      
    </CharString>
    
      
    <CharString index="8">
        
        rmoveto
        -14 33 -17 callsubr
        rlinecurve
        -101 callgsubr
        return
      
    </CharString>
    
      
    <CharString index="9">
        
        -105 callgsubr
        endchar
      
    </CharString>
    
      
    <CharString index="10">
        
        14 53 rlineto
        -302 hlineto
        46 238 rlineto
        255 hlineto
        9 47 rlineto
        -255 hlineto
        44 229 rlineto
        301 hlineto
        10 53 rlineto
        -362 -36 callsubr
        return
      
    </CharString>
    
      
    <CharString index="11">
        
        289 hlineto
        11 43 49 callsubr
        hlineto
        73 369 -50 -4 -12 -60 -129 -18 -6 -37 126 10 -51 -260 50 callgsubr
        hlineto
        return
      
    </CharString>
    
      
    <CharString index="12">
        
        -9 33 rlineto
        -220 -85 -107 39 138 vvcurveto
        5 vlineto
        231 17 133 70 113 vvcurveto
        69 -51 43 -83 -166 -122 -172 -153 return
      
    </CharString>
    
      
    <CharString index="13">
        
        rmoveto
        50 hlineto
        -85 callsubr
        -4 -34 rcurveline
        206 hlineto
        -16 -85 rlineto
        46 hlineto
        return
      
    </CharString>
    
      
    <CharString index="14">
        
        rmoveto
        46 -284 rlineto
        55 hlineto
        60 167 48 152 45 165 rrcurveto
        -63 hlineto
        -34 -143 -35 -127 -38 -134 rrcurveto
        -4 hlineto
        -44 285 rlineto
        -40 hlineto
        -152 -284 rlineto
        -3 hlineto
        14 131 14 128 20 144 rrcurveto
        -60 hlineto
        -24 -180 -14 -182 -4 -122 rrcurveto
        59 hlineto
        endchar
      
    </CharString>
    
      
    <CharString index="15">
        
        -103 callgsubr
        hintmask 10011100
        -53 callsubr
        hintmask 01101100
        -80 callgsubr
        hintmask 10011100
        -45 callsubr
      
    </CharString>
    
      
    <CharString index="16">
        
        rmoveto
        -96 callsubr
      
    </CharString>
    
      
    <CharString index="17">
        
        -7 32 -29 callgsubr
        79 rlinecurve
        69 351 rlineto
        13 -50 -44 7 -40 hhcurveto
        -168 -122 -168 -183 return
      
    </CharString>
    
      
    <CharString index="18">
        
        rmoveto
        -82 callsubr
        -36 -136 84 -40 235 94 rlinecurve
        endchar
      
    </CharString>
    
      
    <CharString index="19">
        
        -155 hlineto
        101 522 rlineto
        150 -13 callgsubr
        -366 -39 callgsubr
        155 hlineto
        -101 -522 rlineto
        -151 -39 callgsubr
        return
      
    </CharString>
    
      
    <CharString index="20">
        
        rmoveto
        3 hlineto
        199 147 -28 33 -162 -118 -104 122 -42 -34 rlineto
        return
      
    </CharString>
    
      
    <CharString index="21">
        
        rmoveto
        -93 callsubr
        return
      
    </CharString>
    
      
    <CharString index="22">
        
        rmoveto
        11 -43 rlineto
        203 57 70 115 104 vvcurveto
        94 -62 46 -77 -84 -66 -56 -83 -105 128 -42 105 83 vhcurveto
        -20 -64 -60 -69 -148 -37 rrcurveto
        40 241 rmoveto
        52 37 39 61 51 47 -29 -78 -7 0 -7 -1 -8 vhcurveto
        -94 -75 -101 34 79 vvcurveto
        endchar
      
    </CharString>
    
      
    <CharString index="23">
        
        -87 hlineto
        -107 -207 -104 -209 -98 -207 rrcurveto
        62 hlineto
        32 67 32 67 33 68 rrcurveto
        225 hlineto
        return
      
    </CharString>
    
      
    <CharString index="24">
        
        rmoveto
        -7 33 -159 -56 -33 37 176 433 rlinecurve
        -28 19 -73 -32 -77 -19 -60 -5 rlinecurve
        5 17 3 15 13 vvcurveto
        23 -12 13 -19 -39 -43 -49 -35 -21 16 -13 26 -6 vhcurveto
        -28 -68 -44 -64 -62 -75 26 -23 rcurveline
        61 67 58 87 33 71 50 -1 65 12 64 20 -176 -414 72 -69 205 90 rrcurveto
        return
      
    </CharString>
    
      
    <CharString index="25">
        
        rmoveto
        24 -12 -46 callsubr
        rlinecurve
        -79 -3 -45 callgsubr
        rlinecurve
        endchar
      
    </CharString>
    
      
    <CharString index="26">
        
        rmoveto
        8 hlineto
        12 -105 11 -107 10 -107 rrcurveto
        -199 hlineto
        52 107 53 106 53 106 rrcurveto
        endchar
      
    </CharString>
    
      
    <CharString index="27">
        
        149 88 138 110 26 35 -6 -10 38 vhcurveto
        -15 -74 -30 -153 -10 -53 rrcurveto
        return
      
    </CharString>
    
      
    <CharString index="28">
        
        rmoveto
        56 2 81 350 -59 -3 -39 -176 rlineto
        -161 -56 -90 58 166 vvcurveto
        170 99 179 129 77 13 -61 -110 -3 vhcurveto
        57 1 70 callgsubr
        7 -36 72 -106 hhcurveto
        -162 -136 -199 -215 -189 113 -81 186 58 hvcurveto
        return
      
    </CharString>
    
      
    <CharString index="29">
        
        vstem
        167 425 -94 callsubr
        return
      
    </CharString>
    
      
    <CharString index="30">
        
        -126 -29 37 -58 72 hhcurveto
        60 62 42 81 70 hvcurveto
        -24 -116 35 -44 143 82 rrcurveto
        endchar
      
    </CharString>
    
      
    <CharString index="31">
        
        rmoveto
        -55 callsubr
        -165 139 -82 240 120 hvcurveto
        -10 33 rlineto
        -59 callgsubr
        endchar
      
    </CharString>
    
      
    <CharString index="32">
        
        rmoveto
        -36 callgsubr
        -73 callgsubr
        return
      
    </CharString>
    
      
    <CharString index="33">
        
        rmoveto
        26 -21 59 52 72 75 42 53 rlinecurve
        -60 33 -33 -55 -58 -83 -48 -54 rlinecurve
        207 hmoveto
        27 -21 59 51 71 75 42 54 rlinecurve
        -62 30 -33 -57 -55 -78 -49 -54 rlinecurve
        return
      
    </CharString>
    
      
    <CharString index="34">
        
        -42 -47 -62 -54 -11 1 -11 3 -11 hvcurveto
        -37 -44 -52 -43 -91 -66 17 -28 rcurveline
        77 49 58 45 44 41 rrcurveto
        39 -84 87 -73 -61 vvcurveto
        -50 -45 -38 -229 22 vhcurveto
        return
      
    </CharString>
    
      
    <CharString index="35">
        
        -84 callsubr
        134 -689 -103 callgsubr
        hintmask 1001111111000000
        -53 callsubr
        hintmask 0110111111000000
        -80 callgsubr
        hintmask 1001111111000000
        -45 callsubr
      
    </CharString>
    
      
    <CharString index="36">
        
        -75 callgsubr
        hintmask 01110000
        -6 callgsubr
        endchar
      
    </CharString>
    
      
    <CharString index="37">
        
        rmoveto
        -6 33 rlineto
        -146 -77 -49 30 107 vvcurveto
        12 1 12 1 13 vhcurveto
        156 20 85 94 102 vvcurveto
        hintmask 10111000
        57 -31 36 -54 -34 -32 -15 -26 -28 vhcurveto
        hintmask 11011000
        25 -34 -33 13 -37 hhcurveto
        -126 -100 -187 -183 -86 28 -42 45 51 48 41 55 42 hvcurveto
        18 -101 80 -37 155 104 rrcurveto
        -58 388 rmoveto
        29 15 -20 -33 -74 -68 -77 -112 -17 hvcurveto
        109 18 54 112 64 hhcurveto
        -312 -396 rmoveto
        -24 -13 28 56 144 64 167 86 22 29 -9 -24 30 hvcurveto
        -49 -69 -31 -101 -1 -98 rrcurveto
        -51 -39 -41 -43 -33 hhcurveto
        endchar
      
    </CharString>
    
      
    <CharString index="38">
        
        rmoveto
        -9 -41 rlineto
        432 hlineto
        9 41 rlineto
        return
      
    </CharString>
    
      
    <CharString index="39">
        
        56 10 rlineto
        109 -15 -52 59 -100 hhcurveto
        -120 -88 -86 -92 hvcurveto
        -145 262 -64 -111 vvcurveto
        -68 -87 -54 -264 66 vhcurveto
        return
      
    </CharString>
    
      
    <CharString index="40">
        
        rmoveto
        166 117 205 202 60 -10 49 -18 37 hvcurveto
        67 87 -36 26 -56 -73 rlineto
        35 -30 -42 18 -49 hhcurveto
        -164 -119 -204 -203 -59 10 -49 17 -37 hvcurveto
        -66 -88 37 -26 55 73 rlineto
        -35 30 42 -18 49 hhcurveto
        -112 244 rmoveto
        173 87 176 124 39 32 -17 -35 21 vhcurveto
        -292 -390 rlineto
        -7 26 -4 31 36 vvcurveto
        123 -191 rmoveto
        -41 -33 18 36 -21 hvcurveto
        294 390 rlineto
        7 -26 4 -31 -37 vvcurveto
        -174 -87 -176 -123 vhcurveto
        endchar
      
    </CharString>
    
      
    <CharString index="41">
        
        -84 callsubr
        18 -854 -107 callsubr
      
    </CharString>
    
      
    <CharString index="42">
        
        -107 47 -55 62 56 73 45 56 56 vhcurveto
        -12 -97 39 -40 137 81 rrcurveto
        -323 11 rmoveto
        -43 -33 39 80 144 86 136 109 26 38 -6 -11 39 hvcurveto
        -56 -288 rlineto
        -51 -49 -69 -43 -48 hhcurveto
        endchar
      
    </CharString>
    
      
    <CharString index="43">
        
        -55 callgsubr
        99 vvcurveto
        50 -23 40 -60 -62 -75 return
      
    </CharString>
    
      
    <CharString index="44">
        
        -103 callgsubr
        hintmask 10011110
        -53 callsubr
        hintmask 01101110
        -80 callgsubr
        hintmask 10011110
        -45 callsubr
      
    </CharString>
    
      
    <CharString index="45">
        
        292 46 237 5 callsubr
        -54 -281 rlineto
        -76 hlineto
        -9 -46 rlineto
        76 hlineto
        -57 -292 53 callgsubr
        -351 -90 rmoveto
        143 hlineto
        12 46 rlineto
        -146 hlineto
        46 234 -1 callsubr
        -7 callsubr
        endchar
      
    </CharString>
    
      
    <CharString index="46">
        
        391 hlineto
        15 53 -329 -2 395 383 50 callsubr
        -380 hlineto
        -14 -52 316 1 -395 -382 rlineto
        endchar
      
    </CharString>
    
      
    <CharString index="47">
        
        rmoveto
        9 51 rlineto
        -320 -13 callsubr
        return
      
    </CharString>
    
      
    <CharString index="48">
        
        -204 -77 -106 43 137 vvcurveto
        138 97 122 117 56 26 -26 -79 2 vhcurveto
        return
      
    </CharString>
    
      
    <CharString index="49">
        
        -103 44 -50 61 56 75 49 58 58 return
      
    </CharString>
    
      
    <CharString index="50">
        
        -69 callgsubr
        -154 -426 -98 callgsubr
      
    </CharString>
    
      
    <CharString index="51">
        
        rmoveto
        -73 -4 6 -74 -1 -67 -61 -93 rlinecurve
        26 -13 78 89 23 83 2 79 rlinecurve
        return
      
    </CharString>
    
      
    <CharString index="52">
        
        rmoveto
        -11 33 rlineto
        -77 -35 -15 8 31 60 69 176 return
      
    </CharString>
    
      
    <CharString index="53">
        
        138 -262 59 123 vvcurveto
        63 54 55 76 73 41 -38 -88 13 vhcurveto
        return
      
    </CharString>
    
      
    <CharString index="54">
        
        -10 56 -55 53 399 51 -20 20 return
      
    </CharString>
    
      
    <CharString index="55">
        
        79 405 rlineto
        -61 hlineto
        -80 -410 return
      
    </CharString>
    
      
    <CharString index="56">
        
        -52 19 rcurveline
        -32 -63 -33 -54 -34 -45 -42 69 -24 70 -5 76 rrcurveto
        57 60 35 65 50 vvcurveto
        29 -17 15 -24 -44 -56 -103 -100 -3 vhcurveto
        return
      
    </CharString>
    
      
    <CharString index="57">
        
        -144 -114 -139 -172 return
      
    </CharString>
    
      
    <CharString index="58">
        
        686 -88 callsubr
        return
      
    </CharString>
    
      
    <CharString index="59">
        
        rmoveto
        60 1 40 131 -69 -1 rlineto
        return
      
    </CharString>
    
      
    <CharString index="60">
        
        62 -69 55 42 vvcurveto
        34 38 35 135 8 vhcurveto
        8 43 rlineto
        hintmask 10101000
        -99 10 -42 25 36 56 121 38 86 vvcurveto
        63 -72 51 -181 80 vhcurveto
        -26 -47 rlineto
        153 -67 66 -43 -49 -69 -118 -37 -72 vvcurveto
        -33 24 -31 68 -19 vhcurveto
        return
      
    </CharString>
    
      
    <CharString index="61">
        
        -42 callgsubr
        -16 callgsubr
        return
      
    </CharString>
    
      
    <CharString index="62">
        
        12 -57 -2 -58 -51 -72 return
      
    </CharString>
    
      
    <CharString index="63">
        
        -51 callgsubr
        -124 -111 -94 -113 -108 vvcurveto
        -72 40 -43 70 63 78 45 84 79 vhcurveto
        return
      
    </CharString>
    
      
    <CharString index="64">
        
        rmoveto
        -32 43 rlineto
        -269 -178 -109 -153 -167 vvcurveto
        -123 62 -134 151 -160 vhcurveto
        46 35 rlineto
        -142 147 -60 122 114 vvcurveto
        150 92 139 261 165 vhcurveto
        endchar
      
    </CharString>
    
      
    <CharString index="65">
        
        -10 52 142 38 223 51 return
      
    </CharString>
    
      
    <CharString index="66">
        
        -27 45 -381 -270 -9 -52 return
      
    </CharString>
    
      
    <CharString index="67">
        
        110 567 rlineto
        201 hlineto
        10 53 rlineto
        -463 hlineto
        -10 -53 rlineto
        201 hlineto
        -111 -567 rlineto
        return
      
    </CharString>
    
      
    <CharString index="68">
        
        hlineto
        -10 -49 rlineto
        return
      
    </CharString>
    
      
    <CharString index="69">
        
        -53 callgsubr
        -15 callsubr
        hintmask 01011100
        return
      
    </CharString>
    
      
    <CharString index="70">
        
        -59 callsubr
        hintmask 11101100
        -76 callsubr
        return
      
    </CharString>
    
      
    <CharString index="71">
        
        83 -113 94 -26 85 vhcurveto
        89 76 -7 57 -46 hhcurveto
        return
      
    </CharString>
    
      
    <CharString index="72">
        
        hlineto
        -10 -52 rlineto
        return
      
    </CharString>
    
      
    <CharString index="73">
        
        162 115 -62 callsubr
        38 callgsubr
        rlineto
        return
      
    </CharString>
    
      
    <CharString index="74">
        
        -68 -2 rlineto
        -76 callsubr
        return
      
    </CharString>
    
      
    <CharString index="75">
        
        -32 callsubr
        rlineto
        return
      
    </CharString>
    
      
    <CharString index="76">
        
        19 callgsubr
        -14 callsubr
        hintmask 01110000
        return
      
    </CharString>
    
      
    <CharString index="77">
        
        -4 callsubr
        -25 callgsubr
        return
      
    </CharString>
    
      
    <CharString index="78">
        
        -102 -43 -7 21 16 return
      
    </CharString>
    
      
    <CharString index="79">
        
        156 52 171 52 return
      
    </CharString>
    
      
    <CharString index="80">
        
        39 131 return
      
    </CharString>
    
      
    <CharString index="81">
        
        10 callsubr
        -426 -35 callgsubr
        return
      
    </CharString>
    
      
    <CharString index="82">
        
        hstem
        66 62 335 63 vstem
        return
      
    </CharString>
    
      
    <CharString index="83">
        
        -28 callgsubr
        hstemhm
        return
      
    </CharString>
    
      
    <CharString index="84">
        
        -62 callsubr
        -237 240 rlineto
        return
      
    </CharString>
    
      
    <CharString index="85">
        
        rmoveto
        -8 31 -29 callgsubr
        82 rlinecurve
        114 577 -61 -5 -41 -211 -15 callgsubr
        return
      
    </CharString>
    
      
    <CharString index="86">
        
        -171 54 141 55 hstem
        75 60 242 51 vstem
        return
      
    </CharString>
    
      
    <CharString index="87">
        
        -42 callsubr
        hstem
        65 return
      
    </CharString>
    
      
    <CharString index="88">
        
        -19 hlineto
        hintmask 1100010001001000111100100111000101001100
        -6 2 -3 5 vhcurveto
        hintmask 1010000001001000111100100111000101001100
        4 2 2 4 1 hvcurveto
        5 hlineto
        -6 -1 -4 -5 -8 hhcurveto
        return
      
    </CharString>
    
      
    <CharString index="89">
        
        69 33 32 40 37 hhcurveto
        38 26 -40 -98 -7 hvcurveto
        return
      
    </CharString>
    
      
    <CharString index="90">
        
        41 100 -30 callsubr
        return
      
    </CharString>
    
      
    <CharString index="91">
        
        hstem
        -5 callsubr
        vstem
        return
      
    </CharString>
    
      
    <CharString index="92">
        
        rlineto
        5 -31 -28 3 -25 hhcurveto
        -166 -119 -164 -179 hvcurveto
        return
      
    </CharString>
    
      
    <CharString index="93">
        
        vhcurveto
        -120 -619 rlineto
        return
      
    </CharString>
    
      
    <CharString index="94">
        
        hlineto
        10 49 rlineto
        return
      
    </CharString>
    
      
    <CharString index="95">
        
        -173 55 -52 52 139 56 368 50 return
      
    </CharString>
    
      
    <CharString index="96">
        
        705 -59 callsubr
        return
      
    </CharString>
    
      
    <CharString index="97">
        
        rmoveto
        -169 -870 rlineto
        305 -13 callgsubr
        -248 hlineto
        150 772 rlineto
        248 -13 callgsubr
        endchar
      
    </CharString>
    
      
    <CharString index="98">
        
        -53 callgsubr
        59 -27 callgsubr
        39 hstemhm
        56 60 129 46 56 57 56 46 hintmask 0101111111000000
        return
      
    </CharString>
    
      
    <CharString index="99">
        
        206 591 rmoveto
        -41 -40 return
      
    </CharString>
    
      
    <CharString index="100">
        
        0 callsubr
        10 callgsubr
        return
      
    </CharString>
    
      
    <CharString index="101">
        
        -2 -56 rlineto
        265 -18 70 70 75 vvcurveto
        return
      
    </CharString>
    
      
    <CharString index="102">
        
        hlineto
        120 620 rlineto
        return
      
    </CharString>
    
      
    <CharString index="103">
        
        -11 51 406 50 return
      
    </CharString>
    
      
    <CharString index="104">
        
        161 -17 10 48 -161 17 33 164 -58 6 -32 -164 -160 17 -10 -49 161 -17 return
      
    </CharString>
    
      
    <CharString index="105">
        
        -9 6 callsubr
        23 59 hintmask 10110000
        return
      
    </CharString>
    
      
    <CharString index="106">
        
        -8 48 349 48 hstem
        142 113 53 59 vstem
        return
      
    </CharString>
    
      
    <CharString index="107">
        
        24 callsubr
        hstem
        return
      
    </CharString>
    
      
    <CharString index="108">
        
        0 49 522 49 return
      
    </CharString>
    
      
    <CharString index="109">
        
        -10 52 401 52 hstem
        77 59 298 55 vstem
        return
      
    </CharString>
    
      
    <CharString index="110">
        
        hintmask 1000010001001000111100100101000101001100
        return
      
    </CharString>
    
      
    <CharString index="111">
        
        hhcurveto
        65 12 -69 -99 -89 hvcurveto
        25 -16 rlineto
        133 135 -24 112 -104 hhcurveto
        -132 return
      
    </CharString>
    
      
    <CharString index="112">
        
        22 rmoveto
        664 264 1 8 -555 258 34 43 614 -278 -11 -54 return
      
    </CharString>
    
      
    <CharString index="113">
        
        47 -128 -18 -14 callgsubr
        53 hlineto
        113 575 rlineto
        56 1 27 return
      
    </CharString>
    
      
    <CharString index="114">
        
        vvcurveto
        -58 74 -38 141 74 vhcurveto
        return
      
    </CharString>
    
      
    <CharString index="115">
        
        -41 -40 259 -262 -2 -8 return
      
    </CharString>
    
      
    <CharString index="116">
        
        44 309 45 hstem
        return
      
    </CharString>
    
      
    <CharString index="117">
        
        hstem
        176 61 vstem
        return
      
    </CharString>
    
      
    <CharString index="118">
        
        34 -11 rcurveline
        hintmask 10011110
        -18 callgsubr
        endchar
      
    </CharString>
    
      
    <CharString index="119">
        
        -22 callsubr
        -62 -25 rmoveto
        -103 -73 rlineto
        return
      
    </CharString>
    
      
    <CharString index="120">
        
        rmoveto
        15 callgsubr
      
    </CharString>
    
      
    <CharString index="121">
        
        -393 417 hintmask 11000000
        -8 callgsubr
        232 -235 rlineto
        return
      
    </CharString>
    
      
    <CharString index="122">
        
        -49 callsubr
        endchar
      
    </CharString>
    
      
    <CharString index="123">
        
        rmoveto
        -56 -2 -171 -881 rlineto
        55 hlineto
        return
      
    </CharString>
    
      
    <CharString index="124">
        
        38 194 rlineto
        -54 hlineto
        -38 -194 rlineto
        return
      
    </CharString>
    
      
    <CharString index="125">
        
        -220 19 callsubr
        return
      
    </CharString>
    
      
    <CharString index="126">
        
        -11 56 -53 52 return
      
    </CharString>
    
      
    <CharString index="127">
        
        -9 29 57 callsubr
        19 34 vvcurveto
        37 55 43 133 48 vhcurveto
        return
      
    </CharString>
    
      
    <CharString index="128">
        
        rlineto
        -2 hlineto
        return
      
    </CharString>
    
      
    <CharString index="129">
        
        -10 50 400 56 hstem
        434 58 vstem
        26 -176 rmoveto
        57 5 return
      
    </CharString>
    
      
    <CharString index="130">
        
        50 hhcurveto
        43 35 -39 -81 -145 -87 -135 -113 hvcurveto
        endchar
      
    </CharString>
    
      
    <CharString index="131">
        
        55 callgsubr
        hstem
        132 59 return
      
    </CharString>
    
      
    <CharString index="132">
        
        -7 52 397 49 -48 51 hstemhm
        41 60 393 56 hintmask 11011000
        return
      
    </CharString>
    
      
    <CharString index="133">
        
        -17 216 -60 -2 -63 -325 rlineto
        41 hlineto
        52 273 rlineto
        return
      
    </CharString>
    
      
    <CharString index="134">
        
        hlineto
        -156 160 8 callgsubr
        rlineto
        return
      
    </CharString>
    
      
    <CharString index="135">
        
        -49 69 -61 -47 vvcurveto
        -53 -82 -44 -203 -41 vhcurveto
        endchar
      
    </CharString>
    
      
    <CharString index="136">
        
        -9 -7 -7 -9 -9 -7 6 10 return
      
    </CharString>
    
      
    <CharString index="137">
        
        -166 rmoveto
        -9 29 rlineto
        -107 -43 return
      
    </CharString>
    
      
    <CharString index="138">
        
        hintmask 1100010001001000111100100101010000001100
        return
      
    </CharString>
    
      
    <CharString index="139">
        
        hintmask 1000010001001000111100100101000100101100
        return
      
    </CharString>
    
      
    <CharString index="140">
        
        0 76 hstem
        75 58 vstem
        return
      
    </CharString>
    
      
    <CharString index="141">
        
        0 102 429 90 return
      
    </CharString>
    
      
    <CharString index="142">
        
        45 196 48 vstem
        return
      
    </CharString>
    
      
    <CharString index="143">
        
        50 221 49 vstem
        return
      
    </CharString>
    
      
    <CharString index="144">
        
        37 callsubr
        vstem
        return
      
    </CharString>
    
      
    <CharString index="145">
        
        -130 132 return
      
    </CharString>
    
      
    <CharString index="146">
        
        rlineto
        147 return
      
    </CharString>
    
      
    <CharString index="147">
        
        vstem
        254 335 rmoveto
        91 hlineto
        20 101 rlineto
        -91 hlineto
        return
      
    </CharString>
    
      
    <CharString index="148">
        
        672 rmoveto
        -24 15 -105 -86 -43 -80 -5 -123 rlinecurve
        return
      
    </CharString>
    
      
    <CharString index="149">
        
        0 52 141 47 51 46 231 52 hstem
        -14 return
      
    </CharString>
    
      
    <CharString index="150">
        
        -13 53 540 53 hstem
        67 62 333 62 vstem
        return
      
    </CharString>
    
      
    <CharString index="151">
        
        hlineto
        168 -173 41 41 -259 262 rlineto
        return
      
    </CharString>
    
      
    <CharString index="152">
        
        24 callgsubr
        282 57 return
      
    </CharString>
    
      
    <CharString index="153">
        
        hvcurveto
        hintmask 1000010001010000111100100101000100101100
        return
      
    </CharString>
    
      
    <CharString index="154">
        
        0 52 381 52 hstem
        33 return
      
    </CharString>
    
      
    <CharString index="155">
        
        132 38 callgsubr
        hstemhm
        return
      
    </CharString>
    
      
    <CharString index="156">
        
        131 hstemhm
        return
      
    </CharString>
    
      
    <CharString index="157">
        
        rlineto
        -126 return
      
    </CharString>
    
      
    <CharString index="158">
        
        rmoveto
        41 hlineto
        81 247 3 32 rlineto
        -76 hlineto
        return
      
    </CharString>
    
      
    <CharString index="159">
        
        156 51 172 51 hstem
        63 445 vstem
        return
      
    </CharString>
    
      
    <CharString index="160">
        
        rlineto
        317 -42 151 195 229 vvcurveto
        return
      
    </CharString>
    
      
    <CharString index="161">
        
        355 252 -27 45 -226 -160 rlineto
        return
      
    </CharString>
    
      
    <CharString index="162">
        
        -7 49 604 59 return
      
    </CharString>
    
      
    <CharString index="163">
        
        -11 52 538 54 return
      
    </CharString>
    
      
    <CharString index="164">
        
        110 479 vstem
        return
      
    </CharString>
    
      
    <CharString index="165">
        
        46 169 46 vstem
        return
      
    </CharString>
    
      
    <CharString index="166">
        
        -42 -47 -98 -56 hvcurveto
        33 -19 rlineto
        64 40 return
      
    </CharString>
    
      
    <CharString index="167">
        
        -117 -145 -124 -143 -215 return
      
    </CharString>
    
      
    <CharString index="168">
        
        rmoveto
        11 51 rlineto
        -392 -13 callsubr
        return
      
    </CharString>
    
      
    <CharString index="169">
        
        rmoveto
        26 48 rlineto
        -153 66 -67 43 49 return
      
    </CharString>
    
      
    <CharString index="170">
        
        hintmask 1000010001001000111100100100100101001100
        return
      
    </CharString>
    
      
    <CharString index="171">
        
        hintmask 1000010001001000111100100101000101011100
        return
      
    </CharString>
    
      
    <CharString index="172">
        
        hintmask 1000010100001000111100100111000101001100
        return
      
    </CharString>
    
      
    <CharString index="173">
        
        hlineto
        -10 -50 rlineto
        return
      
    </CharString>
    
      
    <CharString index="174">
        
        43 hstem
        63 -20 callsubr
        return
      
    </CharString>
    
      
    <CharString index="175">
        
        -205 1099 hstem
        -20 629 vstem
        return
      
    </CharString>
    
      
    <CharString index="176">
        
        rmoveto
        -110 -107 -72 -199 -2 vhcurveto
        return
      
    </CharString>
    
      
    <CharString index="177">
        
        rlineto
        152 return
      
    </CharString>
    
      
    <CharString index="178">
        
        5 hlineto
        hintmask 1000010001001000111010100101000101001100
        return
      
    </CharString>
    
      
    <CharString index="179">
        
        -77 78 2 8 120 85 rlineto
        return
      
    </CharString>
    
      
    <CharString index="180">
        
        -62 32 -34 46 67 52 80 96 return
      
    </CharString>
    
      
    <CharString index="181">
        
        77 callgsubr
        455 62 vstem
        return
      
    </CharString>
    
      
    <CharString index="182">
        
        347 62 7 62 return
      
    </CharString>
    
      
    <CharString index="183">
        
        79 callgsubr
        hstem
        return
      
    </CharString>
    
      
    <CharString index="184">
        
        574 52 hstem
        return
      
    </CharString>
    
      
    <CharString index="185">
        
        rmoveto
        55 1 rlineto
        return
      
    </CharString>
    
      
    <CharString index="186">
        
        47 63 47 return
      
    </CharString>
    
      
    <CharString index="187">
        
        581 rmoveto
        return
      
    </CharString>
    
    
</GlobalSubrs>