<Subrs>
    
          
    <!-- The 'index' attribute is only for humans; it is ignored when parsed. -->
    
          
    <CharString index="0">
        
            rmoveto
            60 4 -58 callsubr
            rlinecurve
            -84 callgsubr
            7 -69 6 -68 6 -67 rrcurveto
            -64 570 -81 callgsubr
          
    </CharString>
    
          
    <CharString index="1">
        
            rmoveto
            14 -27 72 36 104 60 63 51 rlinecurve
            -44 50 -54 -55 -90 -73 -65 -42 rlinecurve
            return
          
    </CharString>
    
          
    <CharString index="2">
        
            rmoveto
            48 -46 46 -143 25 vhcurveto
            28 110 rlineto
            185 hlineto
            13 43 rlineto
            -233 hlineto
            -46 -185 39 callgsubr
            -21 46 -35 -37 vvcurveto
            -43 -54 -44 -184 16 vhcurveto
            -6 -46 rlineto
            216 -17 77 72 68 vvcurveto
            return
          
    </CharString>
    
          
    <CharString index="3">
        
            rmoveto
            -128 68 -68 106 -50 callsubr
            128 -70 69 -104 -50 callgsubr
            vhcurveto
            372 105 rmoveto
            -137 -77 -113 -110 -80 -45 57 98 135 76 116 111 80 45 -59 -97 vhcurveto
            endchar
          
    </CharString>
    
          
    <CharString index="4">
        
            rmoveto
            -52 callgsubr
            rlineto
            -146 -29 64 -79 126 hhcurveto
            115 79 73 140 27 hvcurveto
            82 422 rlineto
            -75 callsubr
            endchar
          
    </CharString>
    
          
    <CharString index="5">
        
            -105 callsubr
            endchar
          
    </CharString>
    
          
    <CharString index="6">
        
            rmoveto
            24 48 -12 82 124 vvcurveto
            15 0 14 1 14 vhcurveto
            47 96 38 138 31 vvcurveto
            14 -24 8 -17 -26 -58 -164 -130 -11 vhcurveto
            -71 -59 -72 -49 -49 hhcurveto
            -66 -34 70 337 121 hvcurveto
            -58 -2 rlineto
            -371 -138 56 -89 91 hhcurveto
            71 80 57 66 56 hvcurveto
            1 -128 11 -78 -26 -27 -21 -20 -72 -22 -200 18 -9 -61 rcurveline
            229 -14 98 37 28 57 rrcurveto
            endchar
          
    </CharString>
    
          
    <CharString index="7">
        
            rmoveto
            85 66 56 83 105 -128 42 -105 -83 hvcurveto
            20 64 60 69 148 37 -12 42 rcurveline
            -203 -56 -69 -116 -103 vvcurveto
            -95 62 -45 76 vhcurveto
            8 40 rmoveto
            -52 -46 30 78 7 0 7 1 8 hvcurveto
            94 75 100 -34 -79 vvcurveto
            -52 -37 -40 -60 vhcurveto
            endchar
          
    </CharString>
    
          
    <CharString index="8">
        
            rmoveto
            -35 23 rlineto
            -74 -58 -45 -42 -54 hhcurveto
            -51 -32 33 87 -35 hvcurveto
            -47 -24 rlineto
            -99 38 50 -46 65 hhcurveto
            69 68 52 90 67 hvcurveto
            return
          
    </CharString>
    
          
    <CharString index="9">
        
            -69 callgsubr
            -164 -441 -107 callgsubr
          
    </CharString>
    
          
    <CharString index="10">
        
            -64 callgsubr
            -39 -76 -74 vhcurveto
            6 36 6 48 4 23 -57 -4 rcurveline
            -23 -144 -21 -108 -45 -231 rrcurveto
            58 hlineto
            18 93 35 172 12 65 rrcurveto
            74 71 66 36 47 hhcurveto
            37 18 -21 -40 hvcurveto
            -85 -69 -170 -33 callsubr
            return
          
    </CharString>
    
          
    <CharString index="11">
        
            -97 callgsubr
            endchar
          
    </CharString>
    
          
    <CharString index="12">
        
            -100 callgsubr
            hintmask 10110000
            -77 callgsubr
          
    </CharString>
    
          
    <CharString index="13">
        
            rmoveto
            -96 callgsubr
            return
          
    </CharString>
    
          
    <CharString index="14">
        
            278 hlineto
            10 44 rlineto
            -214 hlineto
            156 97 89 68 85 vvcurveto
            81 -80 41 -161 -24 vhcurveto
            -7 -45 rlineto
            144 20 51 -30 -53 vvcurveto
            -73 -99 -66 -168 -105 vhcurveto
            return
          
    </CharString>
    
          
    <CharString index="15">
        
            rmoveto
            26 -346 rlineto
            70 hlineto
            39 117 68 236 64 267 rrcurveto
            -59 hlineto
            -38 -165 -76 -298 -25 -81 rrcurveto
            -4 hlineto
            -27 362 rlineto
            -41 hlineto
            -166 -362 rlineto
            -4 hlineto
            6 81 40 298 25 165 rrcurveto
            -60 hlineto
            -39 -267 -25 -236 -5 -117 rrcurveto
            70 hlineto
            endchar
          
    </CharString>
    
          
    <CharString index="16">
        
            rmoveto
            104 -122 41 33 -133 151 21 callgsubr
            -200 -147 28 -33 rlineto
            return
          
    </CharString>
    
          
    <CharString index="17">
        
            rmoveto
            -88 callgsubr
            365 hlineto
            endchar
          
    </CharString>
    
          
    <CharString index="18">
        
            rmoveto
            -48 -16 110 -68 hhcurveto
            -48 -47 -45 -86 -50 hvcurveto
            32 -19 rlineto
            61 37 33 42 30 48 16 -110 68 hhcurveto
            49 46 50 86 50 hvcurveto
            -32 19 rlineto
            -61 -37 -33 -47 -30 hhcurveto
            return
          
    </CharString>
    
          
    <CharString index="19">
        
            rmoveto
            17 26 -53 45 -74 80 -45 59 rlinecurve
            -45 -48 53 -55 89 -70 58 -37 rlinecurve
            return
          
    </CharString>
    
          
    <CharString index="20">
        
            -94 callgsubr
            endchar
          
    </CharString>
    
          
    <CharString index="21">
        
            -83 callsubr
            hintmask 01111110
            -72 callsubr
          
    </CharString>
    
          
    <CharString index="22">
        
            13 42 rlineto
            -55 hlineto
            28 140 -48 -4 -26 -136 rlineto
            -163 hlineto
            53 76 39 70 41 124 -52 2 rcurveline
            -38 -120 -37 -72 -54 -88 return
          
    </CharString>
    
          
    <CharString index="23">
        
            rmoveto
            -80 -57 -49 -61 -56 51 -43 73 79 58 49 62 56 -52 42 -72 hvcurveto
            -5 -39 rmoveto
            48 35 -29 -35 -37 -37 -30 -50 -48 -34 28 36 37 37 30 49 hvcurveto
            return
          
    </CharString>
    
          
    <CharString index="24">
        
            rmoveto
            24 47 -24 67 135 vvcurveto
            16 1 20 1 21 vhcurveto
            49 102 44 126 29 vvcurveto
            12 -23 11 -17 -6 -8 -9 -15 -9 vhcurveto
            15 -36 -36 9 -36 hhcurveto
            -161 -119 -154 -165 -101 49 -54 70 70 65 52 67 48 hvcurveto
            -120 26 -78 -29 -28 vhcurveto
            -20 -20 -79 -23 -206 18 rrcurveto
            return
          
    </CharString>
    
          
    <CharString index="25">
        
            -8 35 -206 -58 -33 22 24 92 rlinecurve
            92 352 -54 1 -205 -52 4 -33 183 30 -80 -307 return
          
    </CharString>
    
          
    <CharString index="26">
        
            rmoveto
            55 34 -29 -42 -89 -120 -49 -183 -14 hvcurveto
            111 17 79 112 118 hhcurveto
            endchar
          
    </CharString>
    
          
    <CharString index="27">
        
            -69 callgsubr
            -153 -412 -102 callsubr
          
    </CharString>
    
          
    <CharString index="28">
        
            rmoveto
            -99 50 -56 76 109 85 122 136 100 -49 55 -76 -110 -85 -122 -136 vhcurveto
            271 98 rmoveto
            -106 -56 -104 -81 -52 -32 40 77 106 55 104 81 53 32 -40 -77 vhcurveto
            endchar
          
    </CharString>
    
          
    <CharString index="29">
        
            rmoveto
            53 -5 69 120 83 123 97 115 rlinecurve
            9 40 rlineto
            -283 hlineto
            -9 -43 rlineto
            230 -3 hlineto
            -98 -111 -83 -119 -68 -117 rrcurveto
            return
          
    </CharString>
    
          
    <CharString index="30">
        
            rmoveto
            -6 callsubr
            -209 143 -77 236 87 hvcurveto
            6 57 rlineto
            -71 callsubr
            endchar
          
    </CharString>
    
          
    <CharString index="31">
        
            -243 -133 rmoveto
            60 1 -27 callgsubr
            -67 -1 rlineto
            return
          
    </CharString>
    
          
    <CharString index="32">
        
            -61 hlineto
            -82 -423 rlineto
            -107 -21 -51 -49 -81 hhcurveto
            -94 -35 58 116 23 hvcurveto
            return
          
    </CharString>
    
          
    <CharString index="33">
        
            rmoveto
            182 -282 67 10 -173 263 rlineto
            130 60 73 65 92 vvcurveto
            97 -95 68 -247 -31 -14 callgsubr
            61 hlineto
            110 570 rlineto
            155 17 74 -40 -74 vvcurveto
            -75 -65 -52 -151 -67 vhcurveto
            return
          
    </CharString>
    
          
    <CharString index="34">
        
            rmoveto
            152 -531 rlineto
            64 -5 callgsubr
            -57 hlineto
            -99 -518 rlineto
            -5 hlineto
            -147 519 -72 -2 -119 -619 rlineto
            57 hlineto
            101 531 rlineto
            return
          
    </CharString>
    
          
    <CharString index="35">
        
            -6 -59 235 -15 104 36 29 58 rlinecurve
            -213 168 rmoveto
            -48 -37 36 75 127 83 130 113 31 37 -10 -20 41 hvcurveto
            -23 -58 -23 -80 -10 -71 rrcurveto
            -83 -49 -60 -46 -55 hhcurveto
            endchar
          
    </CharString>
    
          
    <CharString index="36">
        
            -208 -80 -116 51 182 vvcurveto
            170 102 177 133 79 12 -61 -110 -3 vhcurveto
            58 1 rlineto
            146 7 -30 78 -111 hhcurveto
            return
          
    </CharString>
    
          
    <CharString index="37">
        
            rmoveto
            -68 callgsubr
            hintmask 01111000
            -60 callsubr
            endchar
          
    </CharString>
    
          
    <CharString index="38">
        
            49 vstem
            465 534 -105 callgsubr
            return
          
    </CharString>
    
          
    <CharString index="39">
        
            rmoveto
            -50 callsubr
            48 -10 40 -18 31 hvcurveto
            62 69 -36 27 -54 -60 rlineto
            28 -30 -40 14 -48 hhcurveto
            -50 callgsubr
            -50 10 -40 19 -31 hvcurveto
            -62 -69 36 -27 55 61 rlineto
            -27 29 40 -13 47 hhcurveto
            -115 205 rmoveto
            136 77 116 111 38 30 -13 -25 22 vhcurveto
            -263 -297 rlineto
            -10 22 -5 28 33 vvcurveto
            126 -155 rmoveto
            -37 -30 12 23 -21 hvcurveto
            262 296 rlineto
            9 -22 4 -27 -31 vvcurveto
            -137 -77 -114 -110 vhcurveto
            endchar
          
    </CharString>
    
          
    <CharString index="40">
        
            720 -106 callsubr
            return
          
    </CharString>
    
          
    <CharString index="41">
        
            62 hlineto
            39 204 291 416 rlineto
            -67 hlineto
            -241 -351 -108 352 -63 -2 128 -409 rlineto
            endchar
          
    </CharString>
    
          
    <CharString index="42">
        
            -78 callgsubr
            -103 -143 -69 callgsubr
            return
          
    </CharString>
    
          
    <CharString index="43">
        
            57 vstem
            455 65 -99 callgsubr
            return
          
    </CharString>
    
          
    <CharString index="44">
        
            rmoveto
            -38 -193 rlineto
            229 hlineto
            14 52 rlineto
            -175 hlineto
            46 239 39 callgsubr
            hlineto
            8 46 rlineto
            -146 hlineto
            45 231 rlineto
            173 hlineto
            10 52 rlineto
            -275 hlineto
            -114 -207 -112 -209 -110 -204 rrcurveto
            64 hlineto
            34 64 33 64 34 65 rrcurveto
            197 375 rmoveto
            9 hlineto
            -64 -328 rlineto
            -117 hlineto
            57 108 57 110 58 110 rrcurveto
            endchar
          
    </CharString>
    
          
    <CharString index="45">
        
            -41 callgsubr
            278 -286 41 41 return
          
    </CharString>
    
          
    <CharString index="46">
        
            407 hlineto
            9 54 -337 -1 435 515 9 52 rlineto
            -396 hlineto
            -11 -54 328 1 -435 -515 rlineto
            endchar
          
    </CharString>
    
          
    <CharString index="47">
        
            -13 -61 rlineto
            308 -67 118 92 100 -54 callgsubr
            return
          
    </CharString>
    
          
    <CharString index="48">
        
            -48 callsubr
            -68 -2 rlineto
            return
          
    </CharString>
    
          
    <CharString index="49">
        
            -19 208 -23 206 -25 207 return
          
    </CharString>
    
          
    <CharString index="50">
        
            -11 -59 rlineto
            201 -24 103 -33 -78 vvcurveto
            -61 -60 -60 -190 -98 vhcurveto
            19 -33 rlineto
            215 109 83 80 83 vvcurveto
            95 -117 53 -243 26 vhcurveto
            return
          
    </CharString>
    
          
    <CharString index="51">
        
            64 vstem
            222 200 rmoveto
            196 -205 68 10 -191 195 rlineto
            154 76 61 75 65 vvcurveto
            47 -32 32 -57 -64 -84 -42 -83 -81 vhcurveto
            65 333 -60 28 callsubr
            61 315 rlineto
            84 83 77 41 53 hhcurveto
            32 20 -17 -29 -45 -50 -65 -174 -84 hvcurveto
            return
          
    </CharString>
    
          
    <CharString index="52">
        
            55 1 rlineto
            108 2 -39 48 -88 hhcurveto
            -153 -134 -154 -167 return
          
    </CharString>
    
          
    <CharString index="53">
        
            -94 callsubr
            endchar
          
    </CharString>
    
          
    <CharString index="54">
        
            -324 12 rmoveto
            -41 -30 33 77 hvcurveto
            return
          
    </CharString>
    
          
    <CharString index="55">
        
            hintmask 11010000
            455 51 -40 callsubr
            hintmask 10110000
            32 141 -46 -3 rlineto
            hintmask 11010000
            -37 callsubr
            return
          
    </CharString>
    
          
    <CharString index="56">
        
            816 -91 callsubr
            return
          
    </CharString>
    
          
    <CharString index="57">
        
            143 115 136 174 return
          
    </CharString>
    
          
    <CharString index="58">
        
            -26 callsubr
            110 567 rlineto
            -62 hlineto
            return
          
    </CharString>
    
          
    <CharString index="59">
        
            rmoveto
            60 2 -27 callgsubr
            return
          
    </CharString>
    
          
    <CharString index="60">
        
            49 vstem
            466 548 -105 callsubr
            return
          
    </CharString>
    
          
    <CharString index="61">
        
            68 67 29 71 -1 64 return
          
    </CharString>
    
          
    <CharString index="62">
        
            -54 -52 -72 -47 41 callsubr
          
    </CharString>
    
          
    <CharString index="63">
        
            60 callsubr
            -120 -619 53 callgsubr
            -61 -7 rmoveto
            -7 callsubr
            102 523 -1 callsubr
            endchar
          
    </CharString>
    
          
    <CharString index="64">
        
            rmoveto
            32 -43 rlineto
            269 178 109 153 166 vvcurveto
            124 -62 133 -151 161 vhcurveto
            -47 -35 rlineto
            143 -147 60 -122 -114 vvcurveto
            -151 -92 -139 -261 -164 vhcurveto
            endchar
          
    </CharString>
    
          
    <CharString index="65">
        
            0 53 238 47 229 53 return
          
    </CharString>
    
          
    <CharString index="66">
        
            rmoveto
            133 -224 50 32 -135 219 222 220 -39 38 -216 -222 rlineto
            218 -62 rmoveto
            131 -225 50 31 -133 221 224 217 -39 38 -217 -219 rlineto
            endchar
          
    </CharString>
    
          
    <CharString index="67">
        
            rmoveto
            -9 33 -216 -82 -35 43 27 118 rlinecurve
            62 273 rlineto
            195 hlineto
            9 47 rlineto
            -194 hlineto
            return
          
    </CharString>
    
          
    <CharString index="68">
        
            53 vstem
            165 425 -86 callgsubr
            return
          
    </CharString>
    
          
    <CharString index="69">
        
            131 -129 49 callgsubr
            return
          
    </CharString>
    
          
    <CharString index="70">
        
            -70 -138 rlineto
            -66 hlineto
            -12 -47 rlineto
            93 hlineto
            -62 -276 -36 -156 77 -78 251 125 rlinecurve
            return
          
    </CharString>
    
          
    <CharString index="71">
        
            hlineto
            -120 -620 rlineto
            return
          
    </CharString>
    
          
    <CharString index="72">
        
            rmoveto
            39 -38 218 219 16 63 -131 225 -50 -31 133 -221 rlineto
            11 -219 rmoveto
            39 -37 216 222 14 63 -132 223 -51 -32 136 -218 rlineto
            endchar
          
    </CharString>
    
          
    <CharString index="73">
        
            -42 -26 26 46 81 73 92 90 89 hvcurveto
            9 -76 28 -73 45 -71 rrcurveto
            -76 -67 -63 -38 -47 hhcurveto
            return
          
    </CharString>
    
          
    <CharString index="74">
        
            -77 vvcurveto
            -61 52 -22 113 69 vhcurveto
            return
          
    </CharString>
    
          
    <CharString index="75">
        
            27 -46 380 271 10 52 return
          
    </CharString>
    
          
    <CharString index="76">
        
            -4 callgsubr
            -25 callsubr
            return
          
    </CharString>
    
          
    <CharString index="77">
        
            43 255 112 hstem
            return
          
    </CharString>
    
          
    <CharString index="78">
        
            -33 80 callgsubr
            31 20 -22 -41 return
          
    </CharString>
    
          
    <CharString index="79">
        
            202 47 319 55 return
          
    </CharString>
    
          
    <CharString index="80">
        
            -61 68 -55 -43 vvcurveto
            -34 -38 -34 -134 -9 vhcurveto
            -8 -43 rlineto
            hintmask 11010000
            98 -10 43 -25 -36 -56 -122 -37 -87 vvcurveto
            -63 73 -51 181 -80 vhcurveto
            endchar
          
    </CharString>
    
          
    <CharString index="81">
        
            377 hlineto
            12 53 rlineto
            -317 hlineto
            return
          
    </CharString>
    
          
    <CharString index="82">
        
            hstem
            59 60 312 60 vstem
            return
          
    </CharString>
    
          
    <CharString index="83">
        
            vstem
            240 620 rmoveto
            -61 hlineto
            -121 -620 rlineto
            61 hlineto
            88 312 rmoveto
            201 -317 66 9 -197 308 301 308 rlineto
            -69 hlineto
            return
          
    </CharString>
    
          
    <CharString index="84">
        
            vstem
            67 hmoveto
            -49 callsubr
            return
          
    </CharString>
    
          
    <CharString index="85">
        
            -179 -127 -32 callgsubr
            return
          
    </CharString>
    
          
    <CharString index="86">
        
            65 callsubr
            -443 hlineto
            -10 -52 rlineto
            963 hmoveto
            11 52 rlineto
            -442 22 callsubr
            return
          
    </CharString>
    
          
    <CharString index="87">
        
            49 9 47 126 47 return
          
    </CharString>
    
          
    <CharString index="88">
        
            8 -2 3 -4 -4 -2 -3 -8 -9 2 -3 4 4 2 3 9 vhcurveto
            return
          
    </CharString>
    
          
    <CharString index="89">
        
            -8 callgsubr
            119 -120 rlineto
            return
          
    </CharString>
    
          
    <CharString index="90">
        
            -157 -84 -85 4 -7 141 return
          
    </CharString>
    
          
    <CharString index="91">
        
            -12 callsubr
            200 62 hintmask 10111000
            return
          
    </CharString>
    
          
    <CharString index="92">
        
            hstemhm
            56 60 231 57 return
          
    </CharString>
    
          
    <CharString index="93">
        
            hstemhm
            81 60 215 60 return
          
    </CharString>
    
          
    <CharString index="94">
        
            hlineto
            -10 -51 rlineto
            return
          
    </CharString>
    
          
    <CharString index="95">
        
            -7 54 -31 31 532 52 hstemhm
            131 62 return
          
    </CharString>
    
          
    <CharString index="96">
        
            17 -221 rlineto
            30 hlineto
            102 221 rlineto
            3 hlineto
            -54 -273 rlineto
            43 hlineto
            63 326 rlineto
            -60 hlineto
            -98 -215 rlineto
            return
          
    </CharString>
    
          
    <CharString index="97">
        
            rmoveto
            170 870 rlineto
            -306 -39 callgsubr
            248 hlineto
            -149 -772 rlineto
            -248 -39 callgsubr
            endchar
          
    </CharString>
    
          
    <CharString index="98">
        
            226 rmoveto
            39 hlineto
            25 116 56 211 30 122 rrcurveto
            -78 hlineto
            -21 -122 -29 -211 -22 -116 rrcurveto
            return
          
    </CharString>
    
          
    <CharString index="99">
        
            hlineto
            17 callgsubr
            -187 66 callgsubr
            188 hlineto
            -38 -193 rlineto
            54 hlineto
            return
          
    </CharString>
    
          
    <CharString index="100">
        
            -187 -109 -159 -228 20 vhcurveto
            return
          
    </CharString>
    
          
    <CharString index="101">
        
            -173 -135 -200 -212 return
          
    </CharString>
    
          
    <CharString index="102">
        
            69 58 306 58 return
          
    </CharString>
    
          
    <CharString index="103">
        
            -12 53 537 54 return
          
    </CharString>
    
          
    <CharString index="104">
        
            rmoveto
            194 -230 44 41 -185 215 281 215 -34 45 -284 -223 rlineto
            endchar
          
    </CharString>
    
          
    <CharString index="105">
        
            -20 callgsubr
            80 callsubr
            return
          
    </CharString>
    
          
    <CharString index="106">
        
            70 callgsubr
            18 83 -62 -153 vvcurveto
            return
          
    </CharString>
    
          
    <CharString index="107">
        
            -10 54 386 55 return
          
    </CharString>
    
          
    <CharString index="108">
        
            rmoveto
            35 -45 283 223 17 63 -195 230 -44 -41 185 -216 rlineto
            endchar
          
    </CharString>
    
          
    <CharString index="109">
        
            -13 55 537 54 hstem
            70 61 323 58 vstem
            return
          
    </CharString>
    
          
    <CharString index="110">
        
            -20 callsubr
            vstem
            return
          
    </CharString>
    
          
    <CharString index="111">
        
            49 -69 61 47 vvcurveto
            53 82 44 203 41 vhcurveto
            -11 53 rlineto
            -246 -59 -83 -71 -70 return
          
    </CharString>
    
          
    <CharString index="112">
        
            33 callsubr
            518 382 60 callsubr
            return
          
    </CharString>
    
          
    <CharString index="113">
        
            53 -50 50 hstemhm
            252 123 return
          
    </CharString>
    
          
    <CharString index="114">
        
            vvcurveto
            -58 75 -38 140 74 vhcurveto
            return
          
    </CharString>
    
          
    <CharString index="115">
        
            -28 callsubr
            hstem
            2 return
          
    </CharString>
    
          
    <CharString index="116">
        
            18 callsubr
            hstem
            return
          
    </CharString>
    
          
    <CharString index="117">
        
            11 52 rlineto
            return
          
    </CharString>
    
          
    <CharString index="118">
        
            -28 callsubr
            59 -27 callgsubr
            39 hstem
            255 58 callgsubr
            return
          
    </CharString>
    
          
    <CharString index="119">
        
            rmoveto
            -24 12 rlineto
            -68 -66 -29 -72 -64 vvcurveto
            80 3 -12 57 2 58 51 72 rlinecurve
            return
          
    </CharString>
    
          
    <CharString index="120">
        
            -32 callgsubr
            endchar
          
    </CharString>
    
          
    <CharString index="121">
        
            hlineto
            hintmask 10100000
            -331 -235 13 callsubr
          
    </CharString>
    
          
    <CharString index="122">
        
            -46 callsubr
            -79 -3 rcurveline
            -45 callgsubr
            rrcurveto
            endchar
          
    </CharString>
    
          
    <CharString index="123">
        
            1 callgsubr
            hstem
            42 483 vstem
            return
          
    </CharString>
    
          
    <CharString index="124">
        
            -15 56 hstem
            76 63 vstem
            return
          
    </CharString>
    
          
    <CharString index="125">
        
            43 309 43 return
          
    </CharString>
    
          
    <CharString index="126">
        
            41 328 43 return
          
    </CharString>
    
          
    <CharString index="127">
        
            -10 53 397 55 return
          
    </CharString>
    
          
    <CharString index="128">
        
            -3 26 hhcurveto
            168 121 164 180 108 -48 54 -63 return
          
    </CharString>
    
          
    <CharString index="129">
        
            -35 callgsubr
            963 77 callsubr
            -442 -35 callgsubr
            return
          
    </CharString>
    
          
    <CharString index="130">
        
            -11 53 394 47 -47 188 hstemhm
            return
          
    </CharString>
    
          
    <CharString index="131">
        
            45 311 43 return
          
    </CharString>
    
          
    <CharString index="132">
        
            11 54 722 278 16 -43 -655 -258 -1 -8 rlineto
            return
          
    </CharString>
    
          
    <CharString index="133">
        
            -118 -18 -67 -85 -86 rlinecurve
            endchar
          
    </CharString>
    
          
    <CharString index="134">
        
            rmoveto
            13 60 rlineto
            -1486 hlineto
            -12 -60 rlineto
            1437 return
          
    </CharString>
    
          
    <CharString index="135">
        
            -5 -135 -698 rlineto
            58 hlineto
            return
          
    </CharString>
    
          
    <CharString index="136">
        
            18 callgsubr
            92 41 return
          
    </CharString>
    
          
    <CharString index="137">
        
            rmoveto
            89 hlineto
            20 96 rlineto
            -89 hlineto
            return
          
    </CharString>
    
          
    <CharString index="138">
        
            hintmask 1000010001001000111100100111000101001100
            return
          
    </CharString>
    
          
    <CharString index="139">
        
            0 80 hstem
            76 54 vstem
            return
          
    </CharString>
    
          
    <CharString index="140">
        
            53 hstem
            457 61 vstem
            return
          
    </CharString>
    
          
    <CharString index="141">
        
            40 172 35 hstem
            return
          
    </CharString>
    
          
    <CharString index="142">
        
            35 171 41 hstem
            return
          
    </CharString>
    
          
    <CharString index="143">
        
            43 327 43 hstem
            return
          
    </CharString>
    
          
    <CharString index="144">
        
            48 195 46 return
          
    </CharString>
    
          
    <CharString index="145">
        
            hlineto
            -9 -48 rlineto
            return
          
    </CharString>
    
          
    <CharString index="146">
        
            296 567 rmoveto
            60 4 38 131 -68 -3 rlineto
            return
          
    </CharString>
    
          
    <CharString index="147">
        
            -10 56 -54 52 401 50 hstemhm
            56 59 235 56 return
          
    </CharString>
    
          
    <CharString index="148">
        
            -47 hhcurveto
            endchar
          
    </CharString>
    
          
    <CharString index="149">
        
            264 rmoveto
            9 51 rlineto
            -295 hlineto
            -9 -51 rlineto
            return
          
    </CharString>
    
          
    <CharString index="150">
        
            -11 50 407 50 hstem
            59 59 313 60 vstem
            return
          
    </CharString>
    
          
    <CharString index="151">
        
            69 119 37 72 vvcurveto
            34 -24 31 -69 18 vhcurveto
            return
          
    </CharString>
    
          
    <CharString index="152">
        
            rmoveto
            9 50 rlineto
            -391 hlineto
            -9 -50 rlineto
            endchar
          
    </CharString>
    
          
    <CharString index="153">
        
            0 54 513 54 hstem
            27 return
          
    </CharString>
    
          
    <CharString index="154">
        
            85 hlineto
            21 101 rlineto
            -84 hlineto
            return
          
    </CharString>
    
          
    <CharString index="155">
        
            417 hintmask 11100000
            return
          
    </CharString>
    
          
    <CharString index="156">
        
            rlineto
            -116 return
          
    </CharString>
    
          
    <CharString index="157">
        
            10 50 rlineto
            return
          
    </CharString>
    
          
    <CharString index="158">
        
            -355 -252 27 -46 243 173 rlineto
            return
          
    </CharString>
    
          
    <CharString index="159">
        
            rmoveto
            53 38 45 97 56 hvcurveto
            -34 19 rlineto
            -62 return
          
    </CharString>
    
          
    <CharString index="160">
        
            10 hlineto
            6 -1 3 -4 -3 -2 -2 -7 vhcurveto
            return
          
    </CharString>
    
          
    <CharString index="161">
        
            -33 callsubr
            endchar
          
    </CharString>
    
          
    <CharString index="162">
        
            49 772 49 hstem
            return
          
    </CharString>
    
          
    <CharString index="163">
        
            19 callsubr
            hstem
            return
          
    </CharString>
    
          
    <CharString index="164">
        
            rlineto
            -108 -43 -42 return
          
    </CharString>
    
          
    <CharString index="165">
        
            65 callsubr
            -936 -35 callgsubr
            return
          
    </CharString>
    
          
    <CharString index="166">
        
            24 -15 105 86 43 80 4 123 rlinecurve
            return
          
    </CharString>
    
          
    <CharString index="167">
        
            rmoveto
            195 -127 79 -221 -37 vhcurveto
            return
          
    </CharString>
    
          
    <CharString index="168">
        
            rmoveto
            -26 callgsubr
            return
          
    </CharString>
    
          
    <CharString index="169">
        
            rmoveto
            90 hlineto
            20 96 rlineto
            -90 hlineto
            endchar
          
    </CharString>
    
          
    <CharString index="170">
        
            hintmask 1000010001010000111100100100100101001100
            return
          
    </CharString>
    
          
    <CharString index="171">
        
            hintmask 1100010001001000111100100100100101001100
            return
          
    </CharString>
    
          
    <CharString index="172">
        
            rmoveto
            10 callsubr
            return
          
    </CharString>
    
          
    <CharString index="173">
        
            -118 -18 -66 return
          
    </CharString>
    
          
    <CharString index="174">
        
            16 61 187 60 187 60 hstem
            return
          
    </CharString>
    
          
    <CharString index="175">
        
            67 -76 102 158 120 199 return
          
    </CharString>
    
          
    <CharString index="176">
        
            -68 76 -101 -158 -120 -198 return
          
    </CharString>
    
          
    <CharString index="177">
        
            vlineto
            hintmask 1000010001001000111100101001000101001100
            3 return
          
    </CharString>
    
          
    <CharString index="178">
        
            rmoveto
            96 hlineto
            22 101 rlineto
            -97 hlineto
            return
          
    </CharString>
    
          
    <CharString index="179">
        
            417 vstem
            444 316 rmoveto
            return
          
    </CharString>
    
          
    <CharString index="180">
        
            -47 23 -618 -876 53 -14 return
          
    </CharString>
    
          
    <CharString index="181">
        
            hlineto
            89 -90 -2 -8 -103 -73 rlineto
            return
          
    </CharString>
    
          
    <CharString index="182">
        
            hlineto
            hintmask 11010000
            return
          
    </CharString>
    
          
    <CharString index="183">
        
            5 123 rlinecurve
            return
          
    </CharString>
    
          
    <CharString index="184">
        
            hmoveto
            10 callsubr
            return
          
    </CharString>
    
          
    <CharString index="185">
        
            -207 45 return
          
    </CharString>
    
          
    <CharString index="186">
        
            18 34 vvcurveto
            return
          
    </CharString>
    
          
    <CharString index="187">
        
            482 vstem
            return
          
    </CharString>
    
        
</Subrs>