<Glyph name="equal_equal_greater.liga" lsb="-1174" width="625">
    <CharString>
        {7392c21c} callsubr
        -1174 1719 {66aa6cfa} callsubr
        -1433 {6a7250c2} callgsubr
        1502 hlineto
        98 -99 -2 -10 rlineto
        hintmask 01010000
        {59e2783f} callgsubr
        -1522 {1a0862e5} callgsubr
        1449 {22716bb8} callgsubr
        endchar
    </CharString>
    <Subrs>
        <CharString index="0" fingerprint="7392c21c">
            {bea2e09e} callgsubr
            -486 {1a4ca569} callgsubr
            hstemhm
            return
        </CharString>
        <CharString index="1" fingerprint="66aa6cfa">
            {f85c4f0d} callgsubr
            hintmask 00110000
            130 -132 rlineto
            return
        </CharString>
        <CharString index="2" fingerprint="44ebcab6">
            236 658 rmoveto
            -48 -47 rlineto
            return
        </CharString>
        <CharString index="3" fingerprint="8660b198">
            32 -54 422 299 return
        </CharString>
    </Subrs>
    <GlobalSubrs>
        <CharString index="0" fingerprint="bea2e09e">
            -19 677 return
        </CharString>
        <CharString index="1" fingerprint="1a4ca569">
            60 188 59 return
        </CharString>
        <CharString index="2" fingerprint="f85c4f0d">
            hintmask 10010000
            {44ebcab6} callsubr
            return
        </CharString>
        <CharString index="3" fingerprint="6a7250c2">
            hlineto
            -11 -59 rlineto
            return
        </CharString>
        <CharString index="4" fingerprint="59e2783f">
            -112 -79 rlineto
            return
        </CharString>
        <CharString index="5" fingerprint="1a0862e5">
            hlineto
            -12 -60 rlineto
            return
        </CharString>
        <CharString index="6" fingerprint="22716bb8">
            hlineto
            -195 -137 rlineto
            hintmask 10010000
            {d3745836} callgsubr
            rlineto
            return
        </CharString>
        <CharString index="7" fingerprint="d3745836">
            {8660b198} callsubr
            11 61 return
        </CharString>
    </GlobalSubrs>
</Glyph>