<Glyph name="exclam_equal.liga" lsb="-549" width="625">
    <CharString>
        {d29b7cb2} callgsubr
        hstemhm
        -549 1121 -961 741 hintmask 11010000
        560 420 rmoveto
        hintmask 11100000
        {3e1270ac} callsubr
        -421 hlineto
        hintmask 11010000
        201 286 -56 27 -220 -313 rlineto
        -566 {6a7250c2} callgsubr
        535 hlineto
        {2069af8c} callsubr
        -439 hlineto
        hintmask 11100000
        -12 -60 rlineto
        409 hlineto
        hintmask 11010000
        -249 -354 63 -17 261 371 rlineto
        577 hlineto
        {e9726f1d} callsubr
        -547 hlineto
        132 188 rlineto
        endchar
    </CharString>
    <Subrs>
        <CharString index="0" fingerprint="3e1270ac">
            12 59 rlineto
            return
        </CharString>
        <CharString index="1" fingerprint="2069af8c">
            -132 -188 rlineto
            return
        </CharString>
        <CharString index="2" fingerprint="e9726f1d">
            12 60 rlineto
            return
        </CharString>
    </Subrs>
    <GlobalSubrs>
        <CharString index="0" fingerprint="d29b7cb2">
            172 {1a4ca569} callgsubr
            return
        </CharString>
        <CharString index="1" fingerprint="1a4ca569">
            60 188 59 return
        </CharString>
        <CharString index="2" fingerprint="6a7250c2">
            hlineto
            -11 -59 rlineto
            return
        </CharString>
    </GlobalSubrs>
</Glyph>