<Glyph name="greater_equal_greater.liga" lsb="-1170" width="625">
    <CharString>
        {7392c21c} callsubr
        -1170 1715 {66aa6cfa} callsubr
        -1158 {e4d7276c} callgsubr
        hintmask 01010000
        270 191 rlineto
        1143 {22716bb8} callgsubr
        -73 -30 rmoveto
        hintmask 01010000
        {59e2783f} callgsubr
        -1144 hlineto
        68 48 11 61 rlineto
        hintmask 00110000
        -77 79 rlineto
        1158 hlineto
        98 -99 rlineto
        endchar
    </CharString>
    <Subrs>
        <CharString index="0" fingerprint="7392c21c">
            {bea2e09e} callgsubr
            -486 {1a4ca569} callgsubr
            hstemhm
            return
        </CharString>
        <CharString index="1" fingerprint="66aa6cfa">
            {f85c4f0d} callgsubr
            hintmask 00110000
            130 -132 rlineto
            return
        </CharString>
        <CharString index="2" fingerprint="44ebcab6">
            236 658 rmoveto
            -48 -47 rlineto
            return
        </CharString>
        <CharString index="3" fingerprint="3ef715b0">
            {311c538e} callgsubr
            -392 -276 32 -54 return
        </CharString>
        <CharString index="4" fingerprint="8660b198">
            32 -54 422 299 return
        </CharString>
    </Subrs>
    <GlobalSubrs>
        <CharString index="0" fingerprint="bea2e09e">
            -19 677 return
        </CharString>
        <CharString index="1" fingerprint="1a4ca569">
            60 188 59 return
        </CharString>
        <CharString index="2" fingerprint="f85c4f0d">
            hintmask 10010000
            {44ebcab6} callsubr
            return
        </CharString>
        <CharString index="3" fingerprint="e4d7276c">
            hlineto
            hintmask 10010000
            -174 179 {3ef715b0} callsubr
            rlineto
            return
        </CharString>
        <CharString index="4" fingerprint="311c538e">
            -48 -47 286 -290 -2 -10 return
        </CharString>
        <CharString index="5" fingerprint="22716bb8">
            hlineto
            -195 -137 rlineto
            hintmask 10010000
            {d3745836} callgsubr
            rlineto
            return
        </CharString>
        <CharString index="6" fingerprint="d3745836">
            {8660b198} callsubr
            11 61 return
        </CharString>
        <CharString index="7" fingerprint="59e2783f">
            -112 -79 rlineto
            return
        </CharString>
    </GlobalSubrs>
</Glyph>