<Glyph name="hyphen_greater.liga" lsb="-481" width="625">
    <CharString>
        {9c6399b2} callsubr
        -481 1026 {cd8d7d7a} callsubr
        -911 hlineto
        -12 -61 rlineto
        926 {26d06932} callgsubr
    </CharString>
    <Subrs>
        <CharString index="0" fingerprint="9c6399b2">
            {bea2e09e} callgsubr
            -366 61 hstemhm
            return
        </CharString>
        <CharString index="1" fingerprint="cd8d7d7a">
            hintmask 10100000
            {44ebcab6} callsubr
            hintmask 01100000
            254 -258 rlineto
            return
        </CharString>
        <CharString index="2" fingerprint="44ebcab6">
            236 658 rmoveto
            -48 -47 rlineto
            return
        </CharString>
        <CharString index="3" fingerprint="8660b198">
            32 -54 422 299 return
        </CharString>
    </Subrs>
    <GlobalSubrs>
        <CharString index="0" fingerprint="bea2e09e">
            -19 677 return
        </CharString>
        <CharString index="1" fingerprint="26d06932">
            hlineto
            -365 -257 rlineto
            hintmask 10100000
            {25a966e5} callgsubr
        </CharString>
        <CharString index="2" fingerprint="25a966e5">
            {d3745836} callgsubr
            rlineto
            endchar
        </CharString>
        <CharString index="3" fingerprint="d3745836">
            {8660b198} callsubr
            11 61 return
        </CharString>
    </GlobalSubrs>
</Glyph>