<Glyph name="less_equal_equal.liga" lsb="-1141" width="625">
    <CharString>
        {73337529} callsubr
        1713 hintmask 01110000
        -937 420 rmoveto
        1497 hlineto
        {3e1270ac} callsubr
        -1426 {2b7468f2} callgsubr
        1438 hlineto
        {e9726f1d} callsubr
        -1509 hlineto
        -85 86 2 10 rlineto
        endchar
    </CharString>
    <Subrs>
        <CharString index="0" fingerprint="73337529">
            {7392c21c} callsubr
            -1141 return
        </CharString>
        <CharString index="1" fingerprint="7392c21c">
            {bea2e09e} callgsubr
            -486 {1a4ca569} callgsubr
            hstemhm
            return
        </CharString>
        <CharString index="2" fingerprint="3e1270ac">
            12 59 rlineto
            return
        </CharString>
        <CharString index="3" fingerprint="e9726f1d">
            12 60 rlineto
            return
        </CharString>
    </Subrs>
    <GlobalSubrs>
        <CharString index="0" fingerprint="bea2e09e">
            -19 677 return
        </CharString>
        <CharString index="1" fingerprint="1a4ca569">
            60 188 59 return
        </CharString>
        <CharString index="2" fingerprint="2b7468f2">
            hlineto
            178 125 rlineto
            hintmask 10010000
            {2042e0de} callgsubr
            rlineto
            hintmask 01110000
            -142 143 rlineto
            return
        </CharString>
        <CharString index="3" fingerprint="2042e0de">
            {1922b804} callgsubr
            48 48 return
        </CharString>
        <CharString index="4" fingerprint="1922b804">
            -32 54 -422 -298 -11 -61 309 -318 return
        </CharString>
    </GlobalSubrs>
</Glyph>