<Glyph name="less_equal_greater.liga" lsb="-1141" width="625">
    <CharString>
        {73337529} callsubr
        1686 {6a70e420} callgsubr
        -1172 {2b7468f2} callgsubr
        1201 {22716bb8} callgsubr
        -73 -30 rmoveto
        hintmask 01110000
        {59e2783f} callgsubr
        -1345 hlineto
        {ea48c49a} callsubr
        1313 hlineto
        98 -99 rlineto
        endchar
    </CharString>
    <Subrs>
        <CharString index="0" fingerprint="73337529">
            {7392c21c} callsubr
            -1141 return
        </CharString>
        <CharString index="1" fingerprint="7392c21c">
            {bea2e09e} callgsubr
            -486 {1a4ca569} callgsubr
            hstemhm
            return
        </CharString>
        <CharString index="2" fingerprint="44ebcab6">
            236 658 rmoveto
            -48 -47 rlineto
            return
        </CharString>
        <CharString index="3" fingerprint="8660b198">
            32 -54 422 299 return
        </CharString>
        <CharString index="4" fingerprint="ea48c49a">
            -85 86 2 10 131 92 rlineto
            return
        </CharString>
    </Subrs>
    <GlobalSubrs>
        <CharString index="0" fingerprint="bea2e09e">
            -19 677 return
        </CharString>
        <CharString index="1" fingerprint="1a4ca569">
            60 188 59 return
        </CharString>
        <CharString index="2" fingerprint="6a70e420">
            {f85c4f0d} callgsubr
            hintmask 01110000
            130 -132 rlineto
            return
        </CharString>
        <CharString index="3" fingerprint="f85c4f0d">
            hintmask 10010000
            {44ebcab6} callsubr
            return
        </CharString>
        <CharString index="4" fingerprint="2b7468f2">
            hlineto
            178 125 rlineto
            hintmask 10010000
            {2042e0de} callgsubr
            rlineto
            hintmask 01110000
            -142 143 rlineto
            return
        </CharString>
        <CharString index="5" fingerprint="2042e0de">
            {1922b804} callgsubr
            48 48 return
        </CharString>
        <CharString index="6" fingerprint="1922b804">
            -32 54 -422 -298 -11 -61 309 -318 return
        </CharString>
        <CharString index="7" fingerprint="22716bb8">
            hlineto
            -195 -137 rlineto
            hintmask 10010000
            {d3745836} callgsubr
            rlineto
            return
        </CharString>
        <CharString index="8" fingerprint="d3745836">
            {8660b198} callsubr
            11 61 return
        </CharString>
        <CharString index="9" fingerprint="59e2783f">
            -112 -79 rlineto
            return
        </CharString>
    </GlobalSubrs>
</Glyph>