<Glyph name="less_equal_less.liga" lsb="-1141" width="625">
    <CharString>
        {73337529} callsubr
        1715 hintmask 01110000
        182 {eb870127} callsubr
        -1143 {2b7468f2} callgsubr
        1158 {ca793981} callsubr
        hintmask 01110000
        -1165 -86 rmoveto
        {ea48c49a} callsubr
        1142 {e9171e64} callgsubr
        endchar
    </CharString>
    <Subrs>
        <CharString index="0" fingerprint="73337529">
            {7392c21c} callsubr
            -1141 return
        </CharString>
        <CharString index="1" fingerprint="7392c21c">
            {bea2e09e} callgsubr
            -486 {1a4ca569} callgsubr
            hstemhm
            return
        </CharString>
        <CharString index="2" fingerprint="eb870127">
            328 rmoveto
            {16d09506} callgsubr
            rlineto
            hintmask 10010000
            -32 54 rlineto
            hintmask 01110000
            -253 -179 rlineto
            return
        </CharString>
        <CharString index="3" fingerprint="ca793981">
            hlineto
            hintmask 10010000
            186 -191 48 48 -286 289 rlineto
            return
        </CharString>
        <CharString index="4" fingerprint="ea48c49a">
            -85 86 2 10 131 92 rlineto
            return
        </CharString>
    </Subrs>
    <GlobalSubrs>
        <CharString index="0" fingerprint="bea2e09e">
            -19 677 return
        </CharString>
        <CharString index="1" fingerprint="1a4ca569">
            60 188 59 return
        </CharString>
        <CharString index="2" fingerprint="16d09506">
            392 276 return
        </CharString>
        <CharString index="3" fingerprint="2b7468f2">
            hlineto
            178 125 rlineto
            hintmask 10010000
            {2042e0de} callgsubr
            rlineto
            hintmask 01110000
            -142 143 rlineto
            return
        </CharString>
        <CharString index="4" fingerprint="2042e0de">
            {1922b804} callgsubr
            48 48 return
        </CharString>
        <CharString index="5" fingerprint="1922b804">
            -32 54 -422 -298 -11 -61 309 -318 return
        </CharString>
        <CharString index="6" fingerprint="e9171e64">
            hlineto
            -85 -60 -11 -61 65 -67 rlineto
            return
        </CharString>
    </GlobalSubrs>
</Glyph>