<Glyph name="slash_greater.liga" lsb="-429" width="625">
    <CharString>
        {bea2e09e} callgsubr
        hstemhm
        -429 741 -232 465 hintmask 11000000
        236 658 rmoveto
        76 107 {b588b716} callgsubr
        563 801 277 -281 -2 -10 rlineto
        hintmask 10100000
        -392 -276 {25a966e5} callgsubr
    </CharString>
    <Subrs>
        <CharString index="0" fingerprint="8660b198">
            32 -54 422 299 return
        </CharString>
    </Subrs>
    <GlobalSubrs>
        <CharString index="0" fingerprint="bea2e09e">
            -19 677 return
        </CharString>
        <CharString index="1" fingerprint="b588b716">
            -56 27 -685 -974 63 -17 return
        </CharString>
        <CharString index="2" fingerprint="25a966e5">
            {d3745836} callgsubr
            rlineto
            endchar
        </CharString>
        <CharString index="3" fingerprint="d3745836">
            {8660b198} callsubr
            11 61 return
        </CharString>
    </GlobalSubrs>
</Glyph>