<GlobalSubrs>
    
      
    <!-- The 'index' attribute is only for humans; it is ignored when parsed. -->
    
      
    <CharString index="0">
        
        -100 callgsubr
        68 -54 98 85 65 39 41 43 vhcurveto
        -158 -7 rmoveto
        -67 -44 -49 callsubr
        -53 1 -40 2 -36 vhcurveto
        -32 -43 -56 -25 -55 hhcurveto
        endchar
      
    </CharString>
    
      
    <CharString index="1">
        
        rmoveto
        83 5 rlineto
        -107 callgsubr
      
    </CharString>
    
      
    <CharString index="2">
        
        rmoveto
        60 -57 51 -181 15 vhcurveto
        9 106 rlineto
        209 hlineto
        6 63 rlineto
        -276 hlineto
        -16 -220 rlineto
        176 -11 61 -28 -37 vvcurveto
        -46 -66 -27 -182 -13 vhcurveto
        5 -68 rlineto
        215 15 97 60 80 vvcurveto
        return
      
    </CharString>
    
      
    <CharString index="3">
        
        rmoveto
        10 78 -88 callgsubr
        -176 92 -99 341 -2 hvcurveto
        -192 495 rmoveto
        -73 callgsubr
      
    </CharString>
    
      
    <CharString index="4">
        
        rmoveto
        -70 callsubr
        -99 callgsubr
      
    </CharString>
    
      
    <CharString index="5">
        
        -105 callgsubr
        endchar
      
    </CharString>
    
      
    <CharString index="6">
        
        rmoveto
        -60 callgsubr
        -99 callsubr
      
    </CharString>
    
      
    <CharString index="7">
        
        -4 77 -4 78 113 vvcurveto
        209 -85 66 -315 9 vhcurveto
        -9 -78 243 -9 68 -33 7 -123 rlinecurve
        -240 14 -111 -86 -112 vvcurveto
        -87 return
      
    </CharString>
    
      
    <CharString index="8">
        
        -34 callgsubr
        -222 90 -124 153 hvcurveto
        9 644 rmoveto
        105 57 -99 -189 -183 -54 -95 -102 -105 -57 99 189 183 54 95 102 hvcurveto
        endchar
      
    </CharString>
    
      
    <CharString index="9">
        
        rmoveto
        -101 callsubr
      
    </CharString>
    
      
    <CharString index="10">
        
        rmoveto
        57 -1 5 61 rlineto
        -63 hlineto
        2 151 -70 -6 2 -145 rlineto
        -163 hlineto
        2 35 52 199 16 56 -79 6 rcurveline
        -36 -132 -20 -139 3 -86 224 1 rcurveline
        return
      
    </CharString>
    
      
    <CharString index="11">
        
        16 130 24 262 14 296 rrcurveto
        -87 hlineto
        -6 -136 -17 -366 -7 -67 rrcurveto
        -4 hlineto
        -33 122 -34 122 -32 121 rrcurveto
        -55 hlineto
        -32 -120 -27 -110 -36 -135 rrcurveto
        -5 hlineto
        -7 67 -20 366 -5 136 rrcurveto
        -92 hlineto
        15 -296 22 -262 17 -130 rrcurveto
        97 hlineto
        endchar
      
    </CharString>
    
      
    <CharString index="12">
        
        rmoveto
        56 51 60 94 39 hvcurveto
        -51 23 rlineto
        -65 -29 -28 -37 -28 -46 -47 111 -71 hhcurveto
        -56 -51 -60 -94 -39 hvcurveto
        50 -23 rlineto
        65 30 28 37 28 47 46 -111 71 hhcurveto
        return
      
    </CharString>
    
      
    <CharString index="13">
        
        rmoveto
        5 hlineto
        195 168 -45 45 -147 -125 -147 125 -57 -54 rlineto
        return
      
    </CharString>
    
      
    <CharString index="14">
        
        rmoveto
        8 -83 184 22 53 51 73 193 rlinecurve
        71 179 57 162 46 134 rrcurveto
        -87 hlineto
        -29 -76 -77 -246 -42 -110 rrcurveto
        -10 hlineto
        -61 138 -63 158 -54 139 -92 -6 rcurveline
        54 -133 104 -253 63 -138 10 -2 rcurveline
        -38 -89 -31 -19 -139 -21 rrcurveto
        endchar
      
    </CharString>
    
      
    <CharString index="15">
        
        rmoveto
        9 -83 rlineto
        300 15 75 116 188 vvcurveto
        64 -1 297 -1 43 vhcurveto
        16 -54 -52 9 -53 hhcurveto
        -155 -135 -108 -176 -143 88 -87 117 64 52 24 29 39 hvcurveto
        -2 -153 -35 -32 -256 -19 rrcurveto
        172 224 rmoveto
        -85 -64 59 120 120 73 65 95 34 33 -6 -11 35 hvcurveto
        -311 vlineto
        -21 -36 -43 -15 -42 hhcurveto
        endchar
      
    </CharString>
    
      
    <CharString index="16">
        
        rmoveto
        8 hlineto
        32 -109 31 -111 30 -110 rrcurveto
        -193 hlineto
        30 110 31 0 callsubr
        rrcurveto
        endchar
      
    </CharString>
    
      
    <CharString index="17">
        
        rmoveto
        26 -62 rlineto
        175 63 84 100 126 vvcurveto
        115 -71 62 -101 -93 -79 -62 -91 -130 160 -36 108 89 vhcurveto
        -15 -75 -56 -50 -138 -49 rrcurveto
        10 257 rmoveto
        54 43 34 53 63 45 -41 -85 -1 vhcurveto
        -5 vlineto
        -98 -64 -105 21 86 vvcurveto
        endchar
      
    </CharString>
    
      
    <CharString index="18">
        
        -131 hlineto
        -72 -231 -65 -230 -63 -229 rrcurveto
        93 hlineto
        18 70 19 71 19 70 rrcurveto
        231 hlineto
        return
      
    </CharString>
    
      
    <CharString index="19">
        
        -33 callsubr
        rlinecurve
        371 10 rlineto
        -71 callgsubr
        return
      
    </CharString>
    
      
    <CharString index="20">
        
        rmoveto
        -91 callsubr
        return
      
    </CharString>
    
      
    <CharString index="21">
        
        -61 callgsubr
        -81 -165 -40 callsubr
        return
      
    </CharString>
    
      
    <CharString index="22">
        
        rmoveto
        68 41 -42 callgsubr
        -77 -59 -35 -38 -45 vhcurveto
        -6 62 -84 -5 rlineto
        6 -1 callgsubr
        91 hlineto
        190 -3 142 -2 99 vhcurveto
        29 42 44 19 53 hhcurveto
        return
      
    </CharString>
    
      
    <CharString index="23">
        
        rmoveto
        44 -28 57 58 69 86 38 62 rlinecurve
        -90 43 -27 -63 -49 -96 -42 -62 rlinecurve
        231 -1 rmoveto
        43 -28 59 58 68 86 39 62 rlinecurve
        -94 39 -26 -66 -47 -90 -42 -61 rlinecurve
        return
      
    </CharString>
    
      
    <CharString index="24">
        
        -68 -40 -63 callgsubr
        63 -54 98 77 58 35 38 45 vhcurveto
        endchar
      
    </CharString>
    
      
    <CharString index="25">
        
        -27 callsubr
        -37 callgsubr
        vhcurveto
        -46 callgsubr
        return
      
    </CharString>
    
      
    <CharString index="26">
        
        rmoveto
        76 -9 50 131 69 129 85 124 rlinecurve
        62 -329 vlineto
        -6 -64 rlineto
        257 hlineto
        3 -5 -87 -120 -68 -122 -50 -126 rlinecurve
        return
      
    </CharString>
    
      
    <CharString index="27">
        
        rmoveto
        -2 89 1 107 142 vvcurveto
        -87 hlineto
        -101 2 -103 2 -74 vhcurveto
        -219 -15 -71 108 183 vvcurveto
        153 54 113 296 -2 vhcurveto
        -6 90 rlineto
        -337 -12 -102 -162 -197 vvcurveto
        -241 142 -148 327 70 vhcurveto
        return
      
    </CharString>
    
      
    <CharString index="28">
        
        -51 callsubr
        -81 -50 52 113 vhcurveto
        459 -94 -466 vlineto
        return
      
    </CharString>
    
      
    <CharString index="29">
        
        165 -342 47 118 vvcurveto
        57 63 44 240 -16 vhcurveto
        -6 85 rlineto
        -283 16 -110 -101 -99 -160 342 -43 -126 vvcurveto
        -66 -90 -56 -251 21 vhcurveto
        return
      
    </CharString>
    
      
    <CharString index="30">
        
        65 28 39 36 51 vvcurveto
        65 -68 42 -88 -108 -59 -61 -56 -51 47 -33 54 -29 vhcurveto
        return
      
    </CharString>
    
      
    <CharString index="31">
        
        -73 -459 -102 callgsubr
      
    </CharString>
    
      
    <CharString index="32">
        
        -77 callsubr
        hlineto
        endchar
      
    </CharString>
    
      
    <CharString index="33">
        
        -184 hlineto
        -1 128 -2 106 -1 94 60 37 80 26 108 8 -4 96 rcurveline
        -112 -14 -83 -44 -52 -55 -8 93 rcurveline
        -211 hlineto
        -6 -64 137 -9 3 -108 1 -127 2 -167 rlinecurve
        -144 hlineto
        return
      
    </CharString>
    
      
    <CharString index="34">
        
        91 43 -66 -103 1 hvcurveto
        -286 -8 rlineto
        116 6 56 61 89 hhcurveto
        endchar
      
    </CharString>
    
      
    <CharString index="35">
        
        -329 234 280 70 -280 226 324 79 -418 -688 return
      
    </CharString>
    
      
    <CharString index="36">
        
        179 20 -75 120 -149 hhcurveto
        -141 -116 -127 -166 return
      
    </CharString>
    
      
    <CharString index="37">
        
        rmoveto
        8 76 -184 4 -38 49 -1 126 rlinecurve
        232 6 rlineto
        186 13 -50 111 -102 hhcurveto
        -60 -45 -34 -61 -28 hvcurveto
        hintmask 01110111
        -32 64 -67 22 -130 7 -8 -78 rcurveline
        161 -9 35 -29 3 -127 rrcurveto
        -149 -5 -72 -62 -110 vvcurveto
        -87 48 -50 70 64 49 40 45 30 vhcurveto
        39 -54 75 -29 139 -1 rrcurveto
        hintmask 01101111
        -135 482 rmoveto
        50 20 -57 -110 -1 hvcurveto
        -149 -3 rlineto
        118 3 26 52 51 hhcurveto
        hintmask 10101111
        -229 -409 rmoveto
        -39 -26 27 57 67 43 31 93 -1 hvcurveto
        -47 4 -42 12 -36 vhcurveto
        -34 -21 -30 -22 -36 hhcurveto
        endchar
      
    </CharString>
    
      
    <CharString index="38">
        
        rmoveto
        -68 callsubr
        -205 100 -155 351 24 vhcurveto
        endchar
      
    </CharString>
    
      
    <CharString index="39">
        
        rmoveto
        -166 92 -124 331 23 vhcurveto
        -66 callgsubr
        endchar
      
    </CharString>
    
      
    <CharString index="40">
        
        660 -106 callsubr
        return
      
    </CharString>
    
      
    <CharString index="41">
        
        10 76 rlineto
        -266 -13 -77 73 144 vvcurveto
        115 55 76 280 -1 vhcurveto
        -6 86 rlineto
        -317 -6 -102 -133 -150 vvcurveto
        return
      
    </CharString>
    
      
    <CharString index="42">
        
        75 callsubr
        -1 112 -22 87 -42 58 44 80 rcurveline
        -60 31 -32 -62 rlineto
        26 -35 -44 13 -50 90 callgsubr
        -114 24 -87 43 -59 hvcurveto
        -43 -78 59 -31 32 61 rlineto
        -25 36 43 -13 49 hhcurveto
        -148 366 rmoveto
        184 54 95 103 42 34 -15 -31 26 vhcurveto
        -230 -421 rlineto
        -19 47 -10 63 78 vvcurveto
        163 -289 rmoveto
        -42 -34 16 30 -27 hvcurveto
        232 422 rlineto
        19 -47 10 -63 -79 vvcurveto
        -184 -55 -95 -103 vhcurveto
        endchar
      
    </CharString>
    
      
    <CharString index="43">
        
        rmoveto
        -89 -57 -51 -69 -64 60 -51 86 89 58 51 69 63 -60 52 -87 hvcurveto
        return
      
    </CharString>
    
      
    <CharString index="44">
        
        36 105 hvcurveto
        342 vlineto
        -91 -6 rlineto
        -366 vlineto
        -134 return
      
    </CharString>
    
      
    <CharString index="45">
        
        541 169 73 -433 -73 170 -541 -170 -74 return
      
    </CharString>
    
      
    <CharString index="46">
        
        156 472 -93 callsubr
        return
      
    </CharString>
    
      
    <CharString index="47">
        
        -42 callsubr
        175 -96 102 -136 return
      
    </CharString>
    
      
    <CharString index="48">
        
        rmoveto
        31 74 rlineto
        -193 58 -85 44 59 64 98 47 69 vvcurveto
        42 -35 45 -91 24 vhcurveto
        hintmask 10101000
        93 26 35 45 41 vvcurveto
        hintmask 11010000
        63 -107 54 57 vvcurveto
        50 87 44 200 57 vhcurveto
        -29 75 rlineto
        -255 -81 -90 -77 -77 vvcurveto
        hintmask 10101000
        1 -83 111 -48 -50 vvcurveto
        -32 -40 -26 -138 -12 vhcurveto
        -3 -66 rlineto
        hintmask 10110000
        121 -8 54 -34 -42 -52 -103 -48 -88 vvcurveto
        -82 86 -51 252 -81 vhcurveto
        endchar
      
    </CharString>
    
      
    <CharString index="49">
        
        rmoveto
        30 -76 rlineto
        255 81 89 77 77 vvcurveto
        -1 84 -111 47 50 vvcurveto
        33 41 26 137 12 vhcurveto
        3 65 rlineto
        hintmask 10101000
        -121 8 -54 34 42 vvcurveto
        hintmask 11010000
        52 103 49 87 vvcurveto
        82 -86 52 -251 80 vhcurveto
        -31 -74 rlineto
        193 -58 85 -43 -60 -64 -99 -46 -70 vvcurveto
        -43 36 -44 92 -23 vhcurveto
        -93 -26 -36 -46 -41 vvcurveto
        hintmask 11001000
        -62 106 -54 -58 vvcurveto
        -49 -87 -45 -200 -56 vhcurveto
        endchar
      
    </CharString>
    
      
    <CharString index="50">
        
        -6 126 -2 177 238 vvcurveto
        -91 hlineto
        return
      
    </CharString>
    
      
    <CharString index="51">
        
        rmoveto
        5 -58 28 callsubr
        242 vlineto
        -90 -8 rlineto
        -222 vlineto
        2 -16 -16 1 -17 hhcurveto
        -165 -142 -114 -199 -161 87 -96 117 67 54 31 37 39 hvcurveto
        -125 7 rmoveto
        -87 -62 67 138 138 76 74 101 28 30 -6 -10 31 hvcurveto
        -151 1 -110 2 -94 vhcurveto
        -27 -33 -41 -19 -46 hhcurveto
        endchar
      
    </CharString>
    
      
    <CharString index="52">
        
        891 -98 callsubr
        return
      
    </CharString>
    
      
    <CharString index="53">
        
        58 -28 53 -25 -38 vvcurveto
        -33 -36 -27 -60 vhcurveto
        endchar
      
    </CharString>
    
      
    <CharString index="54">
        
        757 -94 callsubr
        return
      
    </CharString>
    
      
    <CharString index="55">
        
        460 hlineto
        7 82 -365 -2 358 528 rlineto
        80 -448 vlineto
        -8 -82 357 2 -361 -528 rlineto
        endchar
      
    </CharString>
    
      
    <CharString index="56">
        
        111 68 57 64 53 -54 34 -58 29 hvcurveto
        return
      
    </CharString>
    
      
    <CharString index="57">
        
        -10 -85 rlineto
        279 -18 67 -44 -53 vvcurveto
        -79 -199 -61 -9 -158 vhcurveto
        64 -2 rlineto
        15 143 225 56 123 vvcurveto
        87 -97 73 -335 18 vhcurveto
        return
      
    </CharString>
    
      
    <CharString index="58">
        
        -63 229 -65 227 -72 230 return
      
    </CharString>
    
      
    <CharString index="59">
        
        rmoveto
        93 hlineto
        5 -26 callgsubr
        -95 hlineto
        return
      
    </CharString>
    
      
    <CharString index="60">
        
        31 callgsubr
        -47 callsubr
        return
      
    </CharString>
    
      
    <CharString index="61">
        
        -54 26 -47 25 38 vvcurveto
        86 -292 rmoveto
        return
      
    </CharString>
    
      
    <CharString index="62">
        
        -35 callsubr
        -15 callgsubr
        return
      
    </CharString>
    
      
    <CharString index="63">
        
        222 -1 -87 123 -154 hhcurveto
        return
      
    </CharString>
    
      
    <CharString index="64">
        
        616 -94 callgsubr
        return
      
    </CharString>
    
      
    <CharString index="65">
        
        -20 callgsubr
        133 -64 56 -98 return
      
    </CharString>
    
      
    <CharString index="66">
        
        -14 73 191 61 165 78 return
      
    </CharString>
    
      
    <CharString index="67">
        
        0 79 234 70 226 79 return
      
    </CharString>
    
      
    <CharString index="68">
        
        -132 151 -60 64 58 vvcurveto
        60 46 50 180 -8 vhcurveto
        -6 84 rlineto
        -236 4 -74 -100 -96 vvcurveto
        -47 23 -44 44 -58 vhcurveto
        return
      
    </CharString>
    
      
    <CharString index="69">
        
        rmoveto
        -201 271 vlineto
        7 79 rlineto
        -197 234 162 70 -162 226 192 79 -335 hlineto
        -76 -228 -78 -231 -71 -229 rrcurveto
        91 hlineto
        20 66 21 67 21 68 rrcurveto
        128 408 rmoveto
        6 -338 -113 hlineto
        endchar
      
    </CharString>
    
      
    <CharString index="70">
        
        58 33 -26 -37 -33 -30 -28 -48 -20 return
      
    </CharString>
    
      
    <CharString index="71">
        
        23 -64 7 -72 -37 -77 return
      
    </CharString>
    
      
    <CharString index="72">
        
        621 250 hstem
        148 440 vstem
        148 650 -84 callgsubr
        endchar
      
    </CharString>
    
      
    <CharString index="73">
        
        -163 -105 -133 -243 return
      
    </CharString>
    
      
    <CharString index="74">
        
        -14 callgsubr
        369 -310 return
      
    </CharString>
    
      
    <CharString index="75">
        
        -41 callgsubr
        45 callgsubr
        return
      
    </CharString>
    
      
    <CharString index="76">
        
        4 callgsubr
        -39 callgsubr
        -98 -62 -51 -71 -83 vvcurveto
        return
      
    </CharString>
    
      
    <CharString index="77">
        
        -40 callgsubr
        hstem
        72 callsubr
        return
      
    </CharString>
    
      
    <CharString index="78">
        
        52 168 59 hstem
        140 69 203 72 vstem
        199 return
      
    </CharString>
    
      
    <CharString index="79">
        
        139 -306 25 90 vvcurveto
        43 60 38 223 -20 vhcurveto
        return
      
    </CharString>
    
      
    <CharString index="80">
        
        -13 78 188 56 173 75 return
      
    </CharString>
    
      
    <CharString index="81">
        
        151 rlineto
        return
      
    </CharString>
    
      
    <CharString index="82">
        
        rmoveto
        62 -57 rlineto
        240 197 96 163 161 vvcurveto
        157 -95 160 -237 196 vhcurveto
        -62 -59 rlineto
        222 -175 82 -143 -140 vvcurveto
        -141 -81 -141 -227 -178 vhcurveto
        endchar
      
    </CharString>
    
      
    <CharString index="83">
        
        8 callsubr
        -690 9 callsubr
        -94 -15 rmoveto
        35 callsubr
        542 vlineto
        34 callgsubr
        endchar
      
    </CharString>
    
      
    <CharString index="84">
        
        -33 callgsubr
        52 64 return
      
    </CharString>
    
      
    <CharString index="85">
        
        -13 75 564 76 hstem
        69 87 313 88 96 callsubr
        -13 rmoveto
        154 98 146 221 217 -82 131 -155 -154 -97 -146 -222 -217 82 -130 154 hvcurveto
        return
      
    </CharString>
    
      
    <CharString index="86">
        
        627 74 hstem
        103 420 vstem
        309 627 -102 callsubr
        endchar
      
    </CharString>
    
      
    <CharString index="87">
        
        -36 -105 hvcurveto
        -338 91 368 vlineto
        return
      
    </CharString>
    
      
    <CharString index="88">
        
        rmoveto
        62 -220 rlineto
        31 hlineto
        60 220 rlineto
        3 hlineto
        -1 -280 rlineto
        57 365 -71 hlineto
        -61 -222 rlineto
        -3 hlineto
        -64 222 rlineto
        -71 -365 56 hlineto
        -1 280 rlineto
        endchar
      
    </CharString>
    
      
    <CharString index="89">
        
        365 81 vstem
        284 33 rmoveto
        -23 -47 -45 callgsubr
        47 -47 53 -115 55 vhcurveto
        endchar
      
    </CharString>
    
      
    <CharString index="90">
        
        -17 78 -16 callsubr
        return
      
    </CharString>
    
      
    <CharString index="91">
        
        71 callsubr
        -7 callsubr
        return
      
    </CharString>
    
      
    <CharString index="92">
        
        7 -71 rlineto
        136 16 68 43 56 vvcurveto
        return
      
    </CharString>
    
      
    <CharString index="93">
        
        -366 1 callgsubr
        return
      
    </CharString>
    
      
    <CharString index="94">
        
        -61 -31 43 58 52 31 54 64 47 hvcurveto
        134 -156 rlineto
        -67 -43 -47 -31 -47 hhcurveto
        return
      
    </CharString>
    
      
    <CharString index="95">
        
        -107 -1325 393 hstem
        -890 532 vstem
        -384 -293 -86 callsubr
      
    </CharString>
    
      
    <CharString index="96">
        
        62 255 138 hstem
        return
      
    </CharString>
    
      
    <CharString index="97">
        
        0 69 407 69 return
      
    </CharString>
    
      
    <CharString index="98">
        
        -13 77 -15 callsubr
        return
      
    </CharString>
    
      
    <CharString index="99">
        
        hstem
        57 96 318 96 vstem
        return
      
    </CharString>
    
      
    <CharString index="100">
        
        hstem
        90 94 256 94 vstem
        return
      
    </CharString>
    
      
    <CharString index="101">
        
        1 77 rlineto
        return
      
    </CharString>
    
      
    <CharString index="102">
        
        619 238 hstem
        187 286 vstem
        187 -67 callgsubr
        endchar
      
    </CharString>
    
      
    <CharString index="103">
        
        608 235 hstem
        175 293 vstem
        321 843 -64 callgsubr
        endchar
      
    </CharString>
    
      
    <CharString index="104">
        
        77 169 77 return
      
    </CharString>
    
      
    <CharString index="105">
        
        418 hlineto
        8 79 rlineto
        -333 return
      
    </CharString>
    
      
    <CharString index="106">
        
        -126 2 -177 -238 vvcurveto
        return
      
    </CharString>
    
      
    <CharString index="107">
        
        87 callgsubr
        286 88 vstem
        return
      
    </CharString>
    
      
    <CharString index="108">
        
        -306 rlineto
        -77 vlineto
        return
      
    </CharString>
    
      
    <CharString index="109">
        
        159 286 vstem
        418 -43 callsubr
        endchar
      
    </CharString>
    
      
    <CharString index="110">
        
        13 callsubr
        440 84 hintmask 10010000
        -2 callsubr
        hintmask 01110000
        70 callsubr
        return
      
    </CharString>
    
      
    <CharString index="111">
        
        37 65 35 89 25 98 -79 9 rcurveline
        -16 -75 -22 -73 -26 -59 rrcurveto
        return
      
    </CharString>
    
      
    <CharString index="112">
        
        60 callsubr
        10 6 callsubr
        return
      
    </CharString>
    
      
    <CharString index="113">
        
        -11 callsubr
        27 callgsubr
        return
      
    </CharString>
    
      
    <CharString index="114">
        
        rmoveto
        133 -3 callsubr
        return
      
    </CharString>
    
      
    <CharString index="115">
        
        59 callsubr
        407 71 vstem
        158 return
      
    </CharString>
    
      
    <CharString index="116">
        
        49 callsubr
        hstem
        392 74 vstem
        152 return
      
    </CharString>
    
      
    <CharString index="117">
        
        -9 callsubr
        476 return
      
    </CharString>
    
      
    <CharString index="118">
        
        -25 694 -383 78 hstemhm
        440 84 hintmask 10100000
        -2 callsubr
        hintmask 01100000
        291 -240 rlineto
        return
      
    </CharString>
    
      
    <CharString index="119">
        
        -50 64 rlineto
        hintmask 10001000
        -23 callgsubr
        rlineto
        hintmask 01001000
        -155 128 rlineto
        return
      
    </CharString>
    
      
    <CharString index="120">
        
        0 112 96 callgsubr
        307 86 vstem
        return
      
    </CharString>
    
      
    <CharString index="121">
        
        -24 693 -8 callsubr
        return
      
    </CharString>
    
      
    <CharString index="122">
        
        26 callgsubr
        26 callsubr
        return
      
    </CharString>
    
      
    <CharString index="123">
        
        0 166 366 156 hstem
        95 86 return
      
    </CharString>
    
      
    <CharString index="124">
        
        -7 82 536 82 hstem
        101 96 return
      
    </CharString>
    
      
    <CharString index="125">
        
        152 62 162 68 return
      
    </CharString>
    
      
    <CharString index="126">
        
        -3 callgsubr
        hstemhm
        return
      
    </CharString>
    
      
    <CharString index="127">
        
        hlineto
        -6 callgsubr
        return
      
    </CharString>
    
      
    <CharString index="128">
        
        29 callgsubr
        endchar
      
    </CharString>
    
      
    <CharString index="129">
        
        632 151 26 callsubr
        263 7 callsubr
        endchar
      
    </CharString>
    
      
    <CharString index="130">
        
        36 callgsubr
        563 358 8 callsubr
        return
      
    </CharString>
    
      
    <CharString index="131">
        
        64 hstem
        152 335 vstem
        207 return
      
    </CharString>
    
      
    <CharString index="132">
        
        -52 -65 332 -274 rlineto
        -11 vlineto
        return
      
    </CharString>
    
      
    <CharString index="133">
        
        0 74 541 73 return
      
    </CharString>
    
      
    <CharString index="134">
        
        hstem
        47 531 vstem
        return
      
    </CharString>
    
      
    <CharString index="135">
        
        -4 -2 -3 -8 -9 2 -3 4 4 2 3 9 return
      
    </CharString>
    
      
    <CharString index="136">
        
        -2 callgsubr
        609 -93 hlineto
        return
      
    </CharString>
    
      
    <CharString index="137">
        
        168 45 callsubr
        return
      
    </CharString>
    
      
    <CharString index="138">
        
        438 hlineto
        8 69 rlineto
        return
      
    </CharString>
    
      
    <CharString index="139">
        
        hintmask 10011000
        -50 64 -23 callgsubr
        rlineto
        hintmask 01111000
        return
      
    </CharString>
    
      
    <CharString index="140">
        
        rmoveto
        123 hlineto
        3 122 rlineto
        -124 hlineto
        return
      
    </CharString>
    
      
    <CharString index="141">
        
        199 24 77 -90 -207 vvcurveto
        return
      
    </CharString>
    
      
    <CharString index="142">
        
        814 -23 callsubr
        return
      
    </CharString>
    
      
    <CharString index="143">
        
        79 hstem
        101 92 276 94 vstem
        return
      
    </CharString>
    
      
    <CharString index="144">
        
        rmoveto
        5 -67 rlineto
        return
      
    </CharString>
    
      
    <CharString index="145">
        
        hlineto
        -297 -247 rlineto
        hintmask 10100000
        -21 callsubr
        endchar
      
    </CharString>
    
      
    <CharString index="146">
        
        rmoveto
        -274 hlineto
        -4 -74 rlineto
        364 970 -361 -75 275 hlineto
        endchar
      
    </CharString>
    
      
    <CharString index="147">
        
        rmoveto
        87 56 72 106 102 -48 64 -85 -87 -57 -73 -104 -103 49 -64 85 hvcurveto
        return
      
    </CharString>
    
      
    <CharString index="148">
        
        rmoveto
        55 callgsubr
        53 callgsubr
        hvcurveto
        return
      
    </CharString>
    
      
    <CharString index="149">
        
        -10 callgsubr
        hstem
        225 89 vstem
        return
      
    </CharString>
    
      
    <CharString index="150">
        
        -246 1 callsubr
        return
      
    </CharString>
    
      
    <CharString index="151">
        
        56 347 56 return
      
    </CharString>
    
      
    <CharString index="152">
        
        hstem
        81 90 262 90 vstem
        return
      
    </CharString>
    
      
    <CharString index="153">
        
        151 hstem
        return
      
    </CharString>
    
      
    <CharString index="154">
        
        rlineto
        77 vlineto
        -764 306 -40 -70 702 -266 rlineto
        -14 vlineto
        return
      
    </CharString>
    
      
    <CharString index="155">
        
        -10 callgsubr
        87 46 callgsubr
        return
      
    </CharString>
    
      
    <CharString index="156">
        
        -9 76 407 70 hstem
        203 90 return
      
    </CharString>
    
      
    <CharString index="157">
        
        66 hstemhm
        171 87 -84 91 12 86 -80 82 hintmask 10110000
        512 return
      
    </CharString>
    
      
    <CharString index="158">
        
        0 79 122 70 42 70 226 79 hstem
        298 81 vstem
        return
      
    </CharString>
    
      
    <CharString index="159">
        
        16 callsubr
        239 92 vstem
        return
      
    </CharString>
    
      
    <CharString index="160">
        
        35 29 -29 -35 -35 -29 -29 -35 return
      
    </CharString>
    
      
    <CharString index="161">
        
        59 callgsubr
        103 61 return
      
    </CharString>
    
      
    <CharString index="162">
        
        -35 -29 29 35 35 29 29 35 return
      
    </CharString>
    
      
    <CharString index="163">
        
        hintmask 1100010001001000111100010001010000101100
        return
      
    </CharString>
    
      
    <CharString index="164">
        
        hintmask 1000010001010000111100010000100010101100
        return
      
    </CharString>
    
      
    <CharString index="165">
        
        hlineto
        -155 -129 rlineto
        return
      
    </CharString>
    
      
    <CharString index="166">
        
        -245 68 319 63 return
      
    </CharString>
    
      
    <CharString index="167">
        
        vlineto
        -91 -8 rlineto
        return
      
    </CharString>
    
      
    <CharString index="168">
        
        -50 64 -33 callgsubr
        return
      
    </CharString>
    
      
    <CharString index="169">
        
        25 callsubr
        212 94 vstem
        return
      
    </CharString>
    
      
    <CharString index="170">
        
        113 97 -103 -182 -184 -96 -102 -117 return
      
    </CharString>
    
      
    <CharString index="171">
        
        17 callgsubr
        246 96 vstem
        return
      
    </CharString>
    
      
    <CharString index="172">
        
        110 hlineto
        5 133 rlineto
        return
      
    </CharString>
    
      
    <CharString index="173">
        
        6 78 rlineto
        -352 -78 hlineto
        return
      
    </CharString>
    
      
    <CharString index="174">
        
        hstem
        178 65 return
      
    </CharString>
    
      
    <CharString index="175">
        
        73 822 74 hstem
        159 87 vstem
        159 return
      
    </CharString>
    
      
    <CharString index="176">
        
        42 73 364 77 return
      
    </CharString>
    
      
    <CharString index="177">
        
        -10 77 540 90 return
      
    </CharString>
    
      
    <CharString index="178">
        
        -17 78 566 78 return
      
    </CharString>
    
      
    <CharString index="179">
        
        135 vhcurveto
        return
      
    </CharString>
    
      
    <CharString index="180">
        
        95 callgsubr
        hstem
        105 91 243 91 vstem
        return
      
    </CharString>
    
      
    <CharString index="181">
        
        24 callsubr
        vstem
        return
      
    </CharString>
    
      
    <CharString index="182">
        
        -19 -193 rlineto
        65 hlineto
        19 193 rlineto
        return
      
    </CharString>
    
      
    <CharString index="183">
        
        -137 -206 vhcurveto
        54 3 rmoveto
        178 return
      
    </CharString>
    
      
    <CharString index="184">
        
        hintmask 1000010100001000111100010001000010101100
        return
      
    </CharString>
    
      
    <CharString index="185">
        
        hintmask 1000010001001000111010010001000010101100
        return
      
    </CharString>
    
      
    <CharString index="186">
        
        hintmask 1000010001001000111100010000100010101100
        return
      
    </CharString>
    
      
    <CharString index="187">
        
        11 vlineto
        332 275 return
      
    </CharString>
    
      
    <CharString index="188">
        
        0 79 94 callsubr
        return
      
    </CharString>
    
      
    <CharString index="189">
        
        75 36 75 hstem
        return
      
    </CharString>
    
      
    <CharString index="190">
        
        hstem
        141 70 return
      
    </CharString>
    
      
    <CharString index="191">
        
        rmoveto
        -42 callsubr
        return
      
    </CharString>
    
      
    <CharString index="192">
        
        hlineto
        102 -84 rlineto
        -11 vlineto
        -89 -74 rlineto
        return
      
    </CharString>
    
      
    <CharString index="193">
        
        -53 -52 119 -87 hhcurveto
        -65 -45 -59 return
      
    </CharString>
    
      
    <CharString index="194">
        
        hstem
        80 90 return
      
    </CharString>
    
      
    <CharString index="195">
        
        151 hstemhm
        return
      
    </CharString>
    
      
    <CharString index="196">
        
        1 callsubr
        -438 -77 hlineto
        return
      
    </CharString>
    
      
    <CharString index="197">
        
        hhcurveto
        -34 callgsubr
        return
      
    </CharString>
    
      
    <CharString index="198">
        
        1034 hstem
        405 90 vstem
        97 return
      
    </CharString>
    
      
    <CharString index="199">
        
        70 71 37 85 58 return
      
    </CharString>
    
      
    <CharString index="200">
        
        -337 279 rlineto
        return
      
    </CharString>
    
      
    <CharString index="201">
        
        rlineto
        -109 hlineto
        return
      
    </CharString>
    
      
    <CharString index="202">
        
        479 78 return
      
    </CharString>
    
      
    <CharString index="203">
        
        hstem
        71 90 return
      
    </CharString>
    
    
</GlobalSubrs>