<Subrs>
    
          
    <!-- The 'index' attribute is only for humans; it is ignored when parsed. -->
    
          
    <CharString index="0">
        
            rmoveto
            94 8 -49 callgsubr
            rlinecurve
            -89 callgsubr
            -120 399 -91 callgsubr
          
    </CharString>
    
          
    <CharString index="1">
        
            rmoveto
            25 -41 76 37 119 72 66 59 rlinecurve
            -72 70 -54 -64 -97 -89 -63 -44 rlinecurve
            return
          
    </CharString>
    
          
    <CharString index="2">
        
            230 6 85 59 73 vvcurveto
            52 -51 45 -142 21 vhcurveto
            183 135 -5 59 rlineto
            -299 -63 hlineto
            216 1 rlineto
            -3 vlineto
            -178 -133 -1 -37 rlineto
            150 -15 56 -29 -35 vvcurveto
            -38 -63 -25 -186 -6 vhcurveto
            return
          
    </CharString>
    
          
    <CharString index="3">
        
            rmoveto
            hintmask 11010100
            -51 callgsubr
            hintmask 11011000
            -77 callgsubr
            hintmask 11101000
            -52 callsubr
            hintmask 11011000
            -82 callgsubr
            hintmask 11101000
            -46 callsubr
            hintmask 11010100
            -54 callgsubr
          
    </CharString>
    
          
    <CharString index="4">
        
            rmoveto
            6 -62 84 5 rlineto
            -83 callsubr
            -83 callgsubr
          
    </CharString>
    
          
    <CharString index="5">
        
            rmoveto
            79 73 62 103 62 hvcurveto
            -53 28 rlineto
            -78 -53 -43 -41 -58 hhcurveto
            -54 -40 35 88 -55 hvcurveto
            -64 -38 rlineto
            -107 61 68 -52 77 hhcurveto
            return
          
    </CharString>
    
          
    <CharString index="6">
        
            93 80 61 91 131 -162 35 -109 -91 hvcurveto
            14 77 57 51 139 50 -25 61 rcurveline
            -174 -63 -84 -101 -125 vvcurveto
            -116 70 -61 101 vhcurveto
            7 60 rmoveto
            -62 -46 40 85 hvcurveto
            5 vlineto
            98 64 106 -21 -87 vvcurveto
            -54 -42 -32 -54 vhcurveto
            endchar
          
    </CharString>
    
          
    <CharString index="7">
        
            37 callgsubr
            -105 callsubr
            return
          
    </CharString>
    
          
    <CharString index="8">
        
            -41 callsubr
            -176 97 -102 135 hvcurveto
            15 75 rmoveto
            -92 -63 78 142 133 62 72 89 92 63 -77 -142 -134 -62 -72 -89 hvcurveto
            endchar
          
    </CharString>
    
          
    <CharString index="9">
        
            rmoveto
            147 -125 57 54 -196 160 rlineto
            -4 hlineto
            -196 -169 46 -44 rlineto
            return
          
    </CharString>
    
          
    <CharString index="10">
        
            331 hlineto
            6 62 rlineto
            -126 395 hlineto
            -71 -6 rlineto
            -67 vlineto
            -134 -17 2 -54 132 7 rlineto
            -258 -140 vlineto
            return
          
    </CharString>
    
          
    <CharString index="11">
        
            -100 callsubr
            endchar
          
    </CharString>
    
          
    <CharString index="12">
        
            -97 callgsubr
            -1 -90 rlineto
            70 hlineto
            return
          
    </CharString>
    
          
    <CharString index="13">
        
            rmoveto
            27 40 -61 46 -102 94 -56 60 rlinecurve
            -67 -75 68 -55 116 -71 75 -39 rlinecurve
            return
          
    </CharString>
    
          
    <CharString index="14">
        
            rmoveto
            -97 callsubr
            return
          
    </CharString>
    
          
    <CharString index="15">
        
            rmoveto
            141 86 89 155 hvcurveto
            -79 callgsubr
            -154 82 -85 72 callgsubr
            endchar
          
    </CharString>
    
          
    <CharString index="16">
        
            328 64 -237 hlineto
            144 99 79 71 83 vvcurveto
            74 -68 59 -232 -2 vhcurveto
            -5 -64 rlineto
            180 -4 51 -30 -52 vvcurveto
            -66 -86 -66 -161 -107 vhcurveto
            return
          
    </CharString>
    
          
    <CharString index="17">
        
            -95 callsubr
            endchar
          
    </CharString>
    
          
    <CharString index="18">
        
            rmoveto
            100 -363 rlineto
            97 hlineto
            -96 callgsubr
          
    </CharString>
    
          
    <CharString index="19">
        
            rmoveto
            91 hlineto
            3 -26 callgsubr
            -94 hlineto
            return
          
    </CharString>
    
          
    <CharString index="20">
        
            rmoveto
            105 -303 rlineto
            84 hlineto
            -79 callsubr
            -60 callsubr
          
    </CharString>
    
          
    <CharString index="21">
        
            rmoveto
            46 -14 -37 callsubr
            rlinecurve
            -112 -5 -36 callgsubr
            rlinecurve
            endchar
          
    </CharString>
    
          
    <CharString index="22">
        
            -88 callsubr
            -81 callsubr
            return
          
    </CharString>
    
          
    <CharString index="23">
        
            rmoveto
            116 75 96 141 137 -64 85 -114 -116 -75 -97 -139 -138 65 -85 113 hvcurveto
            6 398 rmoveto
            73 39 -65 -108 -102 -36 -61 -74 -73 -39 64 108 103 36 61 74 hvcurveto
            endchar
          
    </CharString>
    
          
    <CharString index="24">
        
            -63 callsubr
            -142 2 -99 vhcurveto
            -29 -42 -44 -19 -51 hhcurveto
            return
          
    </CharString>
    
          
    <CharString index="25">
        
            804 -106 callsubr
            return
          
    </CharString>
    
          
    <CharString index="26">
        
            244 -151 -88 callsubr
            return
          
    </CharString>
    
          
    <CharString index="27">
        
            491 -78 callsubr
            vlineto
            endchar
          
    </CharString>
    
          
    <CharString index="28">
        
            19 129 23 211 13 204 rrcurveto
            -86 hlineto
            -8 -155 -7 -130 -9 -147 rrcurveto
            -4 hlineto
            -11 35 -77 220 -10 28 rrcurveto
            -55 hlineto
            -96 -281 rlineto
            -4 hlineto
            return
          
    </CharString>
    
          
    <CharString index="29">
        
            hlineto
            7 69 rlineto
            -203 475 -287 hlineto
            -7 -64 203 -9 rlineto
            -402 -204 return
          
    </CharString>
    
          
    <CharString index="30">
        
            8 79 rlineto
            -72 callgsubr
            return
          
    </CharString>
    
          
    <CharString index="31">
        
            rmoveto
            -1 -86 rlineto
            319 -17 119 112 105 -78 callgsubr
            return
          
    </CharString>
    
          
    <CharString index="32">
        
            rmoveto
            -62 callgsubr
            432 vlineto
            7 74 rlineto
            endchar
          
    </CharString>
    
          
    <CharString index="33">
        
            rmoveto
            -80 callsubr
          
    </CharString>
    
          
    <CharString index="34">
        
            rmoveto
            139 -266 100 15 -164 297 rlineto
            66 48 50 63 89 vvcurveto
            141 -107 91 -317 -46 vhcurveto
            -687 93 251 vlineto
            68 vmoveto
            296 vlineto
            167 25 72 -59 -99 vvcurveto
            -71 -37 -52 -52 -36 vhcurveto
            return
          
    </CharString>
    
          
    <CharString index="35">
        
            rmoveto
            -59 callsubr
            rlineto
            305 -18 97 87 88 -28 callgsubr
            return
          
    </CharString>
    
          
    <CharString index="36">
        
            rmoveto
            -75 callgsubr
          
    </CharString>
    
          
    <CharString index="37">
        
            -50 callsubr
            -44 callgsubr
            return
          
    </CharString>
    
          
    <CharString index="38">
        
            771 -102 callsubr
            return
          
    </CharString>
    
          
    <CharString index="39">
        
            8 81 rlineto
            -287 -13 -76 96 185 vvcurveto
            158 56 101 300 3 vhcurveto
            -5 90 rlineto
            -338 -11 -109 -164 -190 vvcurveto
            return
          
    </CharString>
    
          
    <CharString index="40">
        
            -105 callsubr
            -83 -158 -40 callsubr
            return
          
    </CharString>
    
          
    <CharString index="41">
        
            rmoveto
            258 -532 rlineto
            88 688 -87 hlineto
            3 -522 rlineto
            -4 hlineto
            -249 522 rlineto
            -98 -688 87 hlineto
            -3 532 rlineto
            return
          
    </CharString>
    
          
    <CharString index="42">
        
            409 hlineto
            8 69 rlineto
            -74 callgsubr
            endchar
          
    </CharString>
    
          
    <CharString index="43">
        
            84 callgsubr
            83 -21 66 -37 47 hvcurveto
            47 67 -54 35 -41 -58 rlineto
            24 -35 -43 13 -48 hhcurveto
            -41 callsubr
            -85 22 -67 39 -47 hvcurveto
            -47 -65 54 -36 40 58 rlineto
            -24 35 42 -12 47 hhcurveto
            -141 295 rmoveto
            134 62 72 90 36 32 -12 -23 26 vhcurveto
            -217 -312 rlineto
            -19 36 -10 47 58 vvcurveto
            156 -220 rmoveto
            -36 -31 11 22 -25 hvcurveto
            216 312 rlineto
            19 -35 10 -47 -57 vvcurveto
            -134 -63 -72 -90 vhcurveto
            endchar
          
    </CharString>
    
          
    <CharString index="44">
        
            -57 callgsubr
            -191 2 return
          
    </CharString>
    
          
    <CharString index="45">
        
            94 229 hlineto
            222 459 rlineto
            -97 hlineto
            -169 -371 -173 373 -100 -4 223 -458 rlineto
            endchar
          
    </CharString>
    
          
    <CharString index="46">
        
            -64 callgsubr
            139 -850 -106 callgsubr
          
    </CharString>
    
          
    <CharString index="47">
        
            -10 147 -9 129 -7 154 rrcurveto
            -90 hlineto
            12 -204 23 -211 21 -129 rrcurveto
            81 hlineto
            endchar
          
    </CharString>
    
          
    <CharString index="48">
        
            -4 80 rlineto
            -278 21 -94 -89 -86 -136 305 -16 -96 vvcurveto
            -49 -67 -40 -238 19 vhcurveto
            -3 -80 return
          
    </CharString>
    
          
    <CharString index="49">
        
            -64 callgsubr
            175 -991 -107 callsubr
          
    </CharString>
    
          
    <CharString index="50">
        
            rmoveto
            40 -14 66 98 19 88 -12 93 rlinecurve
            -102 -2 21 -83 8 -81 -40 -99 rlinecurve
            return
          
    </CharString>
    
          
    <CharString index="51">
        
            rmoveto
            9 76 rlineto
            -181 3 -53 25 94 vvcurveto
            285 222 70 -222 159 vlineto
            -90 -8 rlineto
            -151 -103 vlineto
            -9 -70 rlineto
            112 -300 hlineto
            -134 79 -52 236 3 vhcurveto
            return
          
    </CharString>
    
          
    <CharString index="52">
        
            -10 79 247 66 238 23 callgsubr
            -307 -77 -66 77 -317 9 callsubr
            -370 -284 rmoveto
            242 141 vlineto
            4 66 rlineto
            -145 234 hlineto
            34 callgsubr
            35 callsubr
            endchar
          
    </CharString>
    
          
    <CharString index="53">
        
            760 -94 callgsubr
            return
          
    </CharString>
    
          
    <CharString index="54">
        
            451 hlineto
            7 80 -354 -2 344 390 rlineto
            76 -438 vlineto
            -7 -80 342 2 -345 -389 rlineto
            endchar
          
    </CharString>
    
          
    <CharString index="55">
        
            -69 -27 -40 -39 -54 vvcurveto
            -64 62 -45 98 vhcurveto
            return
          
    </CharString>
    
          
    <CharString index="56">
        
            461 -94 -476 vlineto
            -104 -40 -44 -85 return
          
    </CharString>
    
          
    <CharString index="57">
        
            164 104 134 243 -1 hvcurveto
            return
          
    </CharString>
    
          
    <CharString index="58">
        
            32 58 74 64 43 198 -21 hvcurveto
            return
          
    </CharString>
    
          
    <CharString index="59">
        
            44 callgsubr
            -38 callsubr
            75 hintmask 11011000
            303 return
          
    </CharString>
    
          
    <CharString index="60">
        
            -178 706 -251 hlineto
            -8 -65 168 -8 rlineto
            -633 -177 vlineto
            return
          
    </CharString>
    
          
    <CharString index="61">
        
            -62 -34 29 38 35 30 29 51 20 hvcurveto
            return
          
    </CharString>
    
          
    <CharString index="62">
        
            747 -98 callsubr
            return
          
    </CharString>
    
          
    <CharString index="63">
        
            -31 callsubr
            -401 -246 -40 callsubr
            return
          
    </CharString>
    
          
    <CharString index="64">
        
            613 -94 callsubr
            return
          
    </CharString>
    
          
    <CharString index="65">
        
            140 117 118 180 return
          
    </CharString>
    
          
    <CharString index="66">
        
            -139 -118 -121 -176 return
          
    </CharString>
    
          
    <CharString index="67">
        
            rmoveto
            -61 474 61 vlineto
            return
          
    </CharString>
    
          
    <CharString index="68">
        
            627 -57 callsubr
            return
          
    </CharString>
    
          
    <CharString index="69">
        
            hstemhm
            143 72 -64 74 179 70 -67 return
          
    </CharString>
    
          
    <CharString index="70">
        
            61 70 21 88 -9 74 return
          
    </CharString>
    
          
    <CharString index="71">
        
            629 82 callgsubr
            90 446 vstem
            390 629 -95 callgsubr
            endchar
          
    </CharString>
    
          
    <CharString index="72">
        
            rlineto
            73 -42 31 -33 -24 vvcurveto
            -24 -37 -15 -93 -14 vhcurveto
            return
          
    </CharString>
    
          
    <CharString index="73">
        
            rmoveto
            66 -55 188 244 5 91 -189 246 -67 -52 188 -241 rlineto
            return
          
    </CharString>
    
          
    <CharString index="74">
        
            -262 7 -82 48 -9 128 return
          
    </CharString>
    
          
    <CharString index="75">
        
            -27 callgsubr
            0 callgsubr
            return
          
    </CharString>
    
          
    <CharString index="76">
        
            476 615 -105 callgsubr
            return
          
    </CharString>
    
          
    <CharString index="77">
        
            -19 callsubr
            -70 -162 -40 callsubr
            return
          
    </CharString>
    
          
    <CharString index="78">
        
            60 167 51 83 callgsubr
            204 70 vstem
            312 return
          
    </CharString>
    
          
    <CharString index="79">
        
            62 336 61 hstem
            127 74 222 73 96 callsubr
            return
          
    </CharString>
    
          
    <CharString index="80">
        
            -78 348 rmoveto
            29 31 26 57 return
          
    </CharString>
    
          
    <CharString index="81">
        
            rmoveto
            -62 57 rlineto
            -240 -197 -96 -163 -161 vvcurveto
            -157 95 -160 236 -196 vhcurveto
            63 58 rlineto
            -222 175 -82 143 140 vvcurveto
            141 80 142 228 178 vhcurveto
            endchar
          
    </CharString>
    
          
    <CharString index="82">
        
            rmoveto
            189 -246 68 53 -188 242 190 231 -66 55 -188 -244 rlineto
            260 -91 rmoveto
            189 -246 68 53 -189 241 191 232 -66 55 -188 -244 rlineto
            endchar
          
    </CharString>
    
          
    <CharString index="83">
        
            vstem
            290 244 rmoveto
            191 -251 97 14 -209 276 69 81 65 87 62 89 rlinecurve
            -92 7 -58 -85 -58 -76 -64 -75 rlinecurve
            -84 -2 rlineto
            475 60 callgsubr
            -776 91 242 vlineto
            return
          
    </CharString>
    
          
    <CharString index="84">
        
            rmoveto
            79 -371 -79 vlineto
            return
          
    </CharString>
    
          
    <CharString index="85">
        
            -34 callsubr
            74 -233 -34 callsubr
            endchar
          
    </CharString>
    
          
    <CharString index="86">
        
            51 -64 -1 callsubr
            return
          
    </CharString>
    
          
    <CharString index="87">
        
            -11 callgsubr
            296 71 return
          
    </CharString>
    
          
    <CharString index="88">
        
            152 472 -87 callgsubr
            return
          
    </CharString>
    
          
    <CharString index="89">
        
            196 85 vstem
            426 hmoveto
            -25 38 rlineto
            -150 -70 -55 -52 -52 54 callsubr
            5 callgsubr
            endchar
          
    </CharString>
    
          
    <CharString index="90">
        
            -20 callsubr
            vstem
            156 return
          
    </CharString>
    
          
    <CharString index="91">
        
            566 78 -8 callgsubr
            return
          
    </CharString>
    
          
    <CharString index="92">
        
            hstem
            97 91 241 91 vstem
            return
          
    </CharString>
    
          
    <CharString index="93">
        
            632 46 callgsubr
            146 19 callsubr
            vstem
            146 632 -85 callsubr
            endchar
          
    </CharString>
    
          
    <CharString index="94">
        
            vstem
            271 310 rmoveto
            210 -317 102 13 -235 346 219 336 rlineto
            -100 hlineto
            -191 -302 rlineto
            -75 302 -94 -688 94 310 hlineto
            return
          
    </CharString>
    
          
    <CharString index="95">
        
            776 -48 callgsubr
            return
          
    </CharString>
    
          
    <CharString index="96">
        
            211 69 330 80 return
          
    </CharString>
    
          
    <CharString index="97">
        
            622 214 hstem
            114 396 vstem
            306 -45 callsubr
            endchar
          
    </CharString>
    
          
    <CharString index="98">
        
            63 67 callgsubr
            164 69 vstem
            return
          
    </CharString>
    
          
    <CharString index="99">
        
            -501 19 callgsubr
            return
          
    </CharString>
    
          
    <CharString index="100">
        
            hstem
            68 92 306 91 vstem
            return
          
    </CharString>
    
          
    <CharString index="101">
        
            hlineto
            291 241 rlineto
            hintmask 10010000
            -50 64 rlineto
            hintmask 01100000
            -14 callgsubr
            hintmask 10100000
            369 -310 52 64 rlineto
            hintmask 01100000
            -297 246 rlineto
            return
          
    </CharString>
    
          
    <CharString index="102">
        
            -37 callsubr
            -112 -5 rcurveline
            -36 callgsubr
            rrcurveto
            endchar
          
    </CharString>
    
          
    <CharString index="103">
        
            613 279 hstem
            261 88 vstem
            233 -39 callsubr
            endchar
          
    </CharString>
    
          
    <CharString index="104">
        
            hlineto
            2 130 rlineto
            -133 hlineto
            return
          
    </CharString>
    
          
    <CharString index="105">
        
            160 95 callsubr
            -52 -65 rlineto
            return
          
    </CharString>
    
          
    <CharString index="106">
        
            18 callsubr
            77 vlineto
            return
          
    </CharString>
    
          
    <CharString index="107">
        
            110 31 110 return
          
    </CharString>
    
          
    <CharString index="108">
        
            rmoveto
            -6 callgsubr
            return
          
    </CharString>
    
          
    <CharString index="109">
        
            114 396 vstem
            310 -43 callgsubr
            endchar
          
    </CharString>
    
          
    <CharString index="110">
        
            68 162 51 106 10 callgsubr
            return
          
    </CharString>
    
          
    <CharString index="111">
        
            609 212 79 -514 vlineto
            -7 -79 rlineto
            215 -609 hlineto
            return
          
    </CharString>
    
          
    <CharString index="112">
        
            -17 81 -7 callgsubr
            return
          
    </CharString>
    
          
    <CharString index="113">
        
            -35 30 callsubr
            113 53 vhcurveto
            return
          
    </CharString>
    
          
    <CharString index="114">
        
            632 -48 callgsubr
            return
          
    </CharString>
    
          
    <CharString index="115">
        
            rmoveto
            266 -127 112 -335 -47 vhcurveto
            return
          
    </CharString>
    
          
    <CharString index="116">
        
            vlineto
            309 -46 153 135 270 vvcurveto
            return
          
    </CharString>
    
          
    <CharString index="117">
        
            1 callsubr
            -511 -77 hlineto
            1099 hmoveto
            -6 callgsubr
            -512 -77 hlineto
            1099 hmoveto
            -6 callgsubr
            -511 -77 hlineto
            return
          
    </CharString>
    
          
    <CharString index="118">
        
            -362 rmoveto
            46 -14 rlineto
            hintmask 11010000
            -5 callsubr
          
    </CharString>
    
          
    <CharString index="119">
        
            14 callgsubr
            -1148 84 return
          
    </CharString>
    
          
    <CharString index="120">
        
            -25 694 -8 callsubr
            return
          
    </CharString>
    
          
    <CharString index="121">
        
            -10 callgsubr
            hstem
            290 91 vstem
            return
          
    </CharString>
    
          
    <CharString index="122">
        
            0 119 hstem
            63 92 320 87 vstem
            return
          
    </CharString>
    
          
    <CharString index="123">
        
            253 68 300 78 hstem
            109 93 return
          
    </CharString>
    
          
    <CharString index="124">
        
            hintmask 1000010001001000111100010001000010101100
            return
          
    </CharString>
    
          
    <CharString index="125">
        
            370 311 rlineto
            return
          
    </CharString>
    
          
    <CharString index="126">
        
            93 151 93 return
          
    </CharString>
    
          
    <CharString index="127">
        
            vstem
            372 47 rmoveto
            -699 272 rlineto
            14 vlineto
            702 266 -40 70 -764 1 callgsubr
            return
          
    </CharString>
    
          
    <CharString index="128">
        
            rmoveto
            269 -246 61 63 -257 229 263 227 -60 63 -271 -245 rlineto
            endchar
          
    </CharString>
    
          
    <CharString index="129">
        
            -8 74 -73 76 178 59 165 78 -74 76 hstemhm
            45 85 136 78 149 83 hintmask 01101111
            return
          
    </CharString>
    
          
    <CharString index="130">
        
            260 rmoveto
            60 hlineto
            2 95 28 295 5 101 rrcurveto
            -116 hlineto
            2 -101 19 -295 -95 vvcurveto
            return
          
    </CharString>
    
          
    <CharString index="131">
        
            0 69 637 69 hstem
            87 callsubr
            return
          
    </CharString>
    
          
    <CharString index="132">
        
            -4 76 401 78 hstem
            120 93 return
          
    </CharString>
    
          
    <CharString index="133">
        
            hstem
            265 94 vstem
            return
          
    </CharString>
    
          
    <CharString index="134">
        
            rmoveto
            60 -64 270 246 6 91 -270 245 -61 -62 258 -230 rlineto
            endchar
          
    </CharString>
    
          
    <CharString index="135">
        
            86 5 rlineto
            -6 124 -3 172 244 vvcurveto
            return
          
    </CharString>
    
          
    <CharString index="136">
        
            hintmask 1000010001001000111100010011000010101100
            return
          
    </CharString>
    
          
    <CharString index="137">
        
            17 27 vvcurveto
            26 32 34 return
          
    </CharString>
    
          
    <CharString index="138">
        
            670 79 hstem
            127 371 vstem
            498 670 -23 callsubr
            endchar
          
    </CharString>
    
          
    <CharString index="139">
        
            rmoveto
            -45 14 -61 -70 -22 -88 10 -74 rlinecurve
            112 5 -24 64 -6 72 36 77 rlinecurve
            return
          
    </CharString>
    
          
    <CharString index="140">
        
            61 hstem
            18 callgsubr
            vstem
            444 return
          
    </CharString>
    
          
    <CharString index="141">
        
            58 callsubr
            93 61 return
          
    </CharString>
    
          
    <CharString index="142">
        
            -203 -84 -94 -192 28 vhcurveto
            return
          
    </CharString>
    
          
    <CharString index="143">
        
            rmoveto
            -85 -8 rlineto
            -983 85 vlineto
            return
          
    </CharString>
    
          
    <CharString index="144">
        
            58 callgsubr
            hintmask 10010000
            -21 callsubr
            endchar
          
    </CharString>
    
          
    <CharString index="145">
        
            rmoveto
            -969 360 vlineto
            8 73 rlineto
            -281 822 276 74 hlineto
            endchar
          
    </CharString>
    
          
    <CharString index="146">
        
            25 callgsubr
            hintmask 10010000
            -337 -280 51 -64 rlineto
            return
          
    </CharString>
    
          
    <CharString index="147">
        
            rmoveto
            44 23 -38 -65 -60 -21 -37 -44 -44 -23 38 65 61 21 36 44 hvcurveto
            return
          
    </CharString>
    
          
    <CharString index="148">
        
            0 81 526 81 hstem
            81 467 vstem
            return
          
    </CharString>
    
          
    <CharString index="149">
        
            0 79 386 79 hstem
            88 458 vstem
            return
          
    </CharString>
    
          
    <CharString index="150">
        
            67 321 63 return
          
    </CharString>
    
          
    <CharString index="151">
        
            rmoveto
            9 73 rlineto
            -94 10 -36 30 callsubr
            114 53 vhcurveto
            return
          
    </CharString>
    
          
    <CharString index="152">
        
            -3 callgsubr
            hstem
            return
          
    </CharString>
    
          
    <CharString index="153">
        
            -194 3 2 176 -88 1 rlineto
            -176 vlineto
            -186 3 -4 return
          
    </CharString>
    
          
    <CharString index="154">
        
            145 124 129 212 211 -116 120 -146 return
          
    </CharString>
    
          
    <CharString index="155">
        
            -7 79 394 86 hstem
            95 90 vstem
            return
          
    </CharString>
    
          
    <CharString index="156">
        
            64 320 64 return
          
    </CharString>
    
          
    <CharString index="157">
        
            91 vstem
            283 632 rmoveto
            93 hlineto
            10 -26 callgsubr
            -96 hlineto
            return
          
    </CharString>
    
          
    <CharString index="158">
        
            65 hstemhm
            262 81 -80 86 13 90 -84 87 hintmask 11001000
            81 return
          
    </CharString>
    
          
    <CharString index="159">
        
            4 2 2 4 1 hvcurveto
            5 hlineto
            -6 -1 -4 -5 -8 hhcurveto
            return
          
    </CharString>
    
          
    <CharString index="160">
        
            -9 -7 -7 -9 -9 -7 6 10 return
          
    </CharString>
    
          
    <CharString index="161">
        
            vvcurveto
            -54 55 -38 151 -12 vhcurveto
            return
          
    </CharString>
    
          
    <CharString index="162">
        
            61 103 -11 callgsubr
            return
          
    </CharString>
    
          
    <CharString index="163">
        
            hintmask 1000010001001000111100010001000010011100
            return
          
    </CharString>
    
          
    <CharString index="164">
        
            hintmask 1000010001001000111100010100000010101100
            return
          
    </CharString>
    
          
    <CharString index="165">
        
            -244 44 callgsubr
            return
          
    </CharString>
    
          
    <CharString index="166">
        
            43 callsubr
            hstem
            return
          
    </CharString>
    
          
    <CharString index="167">
        
            8 73 rlineto
            -94 return
          
    </CharString>
    
          
    <CharString index="168">
        
            207 -81 -207 -197 -77 197 -208 81 return
          
    </CharString>
    
          
    <CharString index="169">
        
            rmoveto
            127 hlineto
            3 123 rlineto
            -127 hlineto
            endchar
          
    </CharString>
    
          
    <CharString index="170">
        
            -16 75 426 74 hstem
            68 91 309 89 vstem
            return
          
    </CharString>
    
          
    <CharString index="171">
        
            -17 77 568 77 hstem
            57 95 321 94 vstem
            return
          
    </CharString>
    
          
    <CharString index="172">
        
            607 90 hstem
            80 96 vstem
            return
          
    </CharString>
    
          
    <CharString index="173">
        
            266 94 vstem
            return
          
    </CharString>
    
          
    <CharString index="174">
        
            -13 75 417 78 hstem
            69 90 266 90 return
          
    </CharString>
    
          
    <CharString index="175">
        
            74 821 75 hstem
            380 86 vstem
            380 return
          
    </CharString>
    
          
    <CharString index="176">
        
            rmoveto
            60 callsubr
            return
          
    </CharString>
    
          
    <CharString index="177">
        
            137 -113 rlineto
            return
          
    </CharString>
    
          
    <CharString index="178">
        
            -16 75 425 75 return
          
    </CharString>
    
          
    <CharString index="179">
        
            123 94 return
          
    </CharString>
    
          
    <CharString index="180">
        
            38 22 26 41 47 vvcurveto
            71 -57 57 -71 return
          
    </CharString>
    
          
    <CharString index="181">
        
            243 67 230 7 hstem
            118 91 return
          
    </CharString>
    
          
    <CharString index="182">
        
            rmoveto
            -50 callsubr
            return
          
    </CharString>
    
          
    <CharString index="183">
        
            -205 1209 hstem
            -20 692 vstem
            return
          
    </CharString>
    
          
    <CharString index="184">
        
            hintmask 1000010001000100111100010011000010101100
            return
          
    </CharString>
    
          
    <CharString index="185">
        
            hintmask 1000010001010000111100010001000010101100
            return
          
    </CharString>
    
          
    <CharString index="186">
        
            hintmask 1100010001001000111100010000100010101100
            return
          
    </CharString>
    
          
    <CharString index="187">
        
            -13 78 417 75 hstem
            return
          
    </CharString>
    
          
    <CharString index="188">
        
            hlineto
            138 114 rlineto
            return
          
    </CharString>
    
          
    <CharString index="189">
        
            -210 1017 return
          
    </CharString>
    
          
    <CharString index="190">
        
            91 vstem
            330 return
          
    </CharString>
    
          
    <CharString index="191">
        
            1034 hstem
            130 90 vstem
            528 return
          
    </CharString>
    
          
    <CharString index="192">
        
            hlineto
            -61 -51 rlineto
            -77 vlineto
            49 -41 rlineto
            return
          
    </CharString>
    
          
    <CharString index="193">
        
            6 -1 3 -4 -3 -2 -2 -7 vhcurveto
            return
          
    </CharString>
    
          
    <CharString index="194">
        
            270 91 return
          
    </CharString>
    
          
    <CharString index="195">
        
            -78 37 -515 -985 80 -32 return
          
    </CharString>
    
          
    <CharString index="196">
        
            vvcurveto
            -54 56 -38 150 -12 vhcurveto
            return
          
    </CharString>
    
          
    <CharString index="197">
        
            54 vstem
            53 337 rmoveto
            -206 return
          
    </CharString>
    
          
    <CharString index="198">
        
            55 -39 151 -11 vhcurveto
            endchar
          
    </CharString>
    
          
    <CharString index="199">
        
            124 121 96 return
          
    </CharString>
    
          
    <CharString index="200">
        
            54 515 vstem
            return
          
    </CharString>
    
          
    <CharString index="201">
        
            hstem
            133 93 return
          
    </CharString>
    
          
    <CharString index="202">
        
            669 rmoveto
            return
          
    </CharString>
    
          
    <CharString index="203">
        
            vstem
            305 return
          
    </CharString>
    
        
</Subrs>