<GlobalSubrs>
    
      
    <!-- The 'index' attribute is only for humans; it is ignored when parsed. -->
    
      
    <CharString index="0">
        
        rmoveto
        37 -68 86 23 149 64 81 60 rlinecurve
        -111 117 -66 -68 -112 -88 -64 -40 rlinecurve
        return
      
    </CharString>
    
      
    <CharString index="1">
        
        rmoveto
        166 12 -55 228 -55 226 -65 228 rlinecurve
        -225 hlineto
        -64 -228 -56 -231 -54 -229 rrcurveto
        163 hlineto
        12 56 11 58 12 57 rrcurveto
        175 hlineto
        12 -60 12 -59 11 -58 rrcurveto
        -127 563 rmoveto
        10 hlineto
        57 -268 rlineto
        -125 hlineto
        19 90 19 90 20 88 rrcurveto
        endchar
      
    </CharString>
    
      
    <CharString index="2">
        
        rmoveto
        14 130 -225 3 -83 25 -17 94 rlinecurve
        339 9 rlineto
        205 20 -75 124 -161 hhcurveto
        -150 -132 -133 -175 -184 95 -108 375 10 hvcurveto
        -217 463 rmoveto
        -92 callgsubr
      
    </CharString>
    
      
    <CharString index="3">
        
        rmoveto
        60 -56 53 -168 18 vhcurveto
        5 57 rlineto
        197 hlineto
        10 103 rlineto
        -306 hlineto
        -18 -240 rlineto
        155 -13 66 -15 -27 vvcurveto
        -29 -60 -9 -172 -8 vhcurveto
        6 -110 rlineto
        235 11 106 64 85 vvcurveto
        return
      
    </CharString>
    
      
    <CharString index="4">
        
        rmoveto
        175 111 135 252 218 -88 119 -160 -174 -111 -134 -252 -219 88 -119 159 hvcurveto
        14 591 rmoveto
        66 37 -79 -162 -150 -26 -67 -66 -67 -36 79 162 150 25 67 67 hvcurveto
        endchar
      
    </CharString>
    
      
    <CharString index="5">
        
        rmoveto
        160 hlineto
        3 161 rlineto
        -160 hlineto
        247 -161 rmoveto
        158 hlineto
        -40 callgsubr
        -160 hlineto
        return
      
    </CharString>
    
      
    <CharString index="6">
        
        250 3 90 66 75 vvcurveto
        50 -47 42 -121 21 vhcurveto
        156 99 -9 95 rlineto
        -317 -103 hlineto
        183 2 rlineto
        -4 vlineto
        -149 -92 rlineto
        -60 vlineto
        126 -11 59 -18 -21 vvcurveto
        -22 -52 -10 -177 -5 vhcurveto
        return
      
    </CharString>
    
      
    <CharString index="7">
        
        153 96 105 164 hvcurveto
        437 -163 -468 vlineto
        -72 -23 -26 -53 -52 -33 35 82 vhcurveto
        449 -163 -452 vlineto
        -162 89 -92 149 vhcurveto
        endchar
      
    </CharString>
    
      
    <CharString index="8">
        
        rmoveto
        80 -295 rlineto
        152 hlineto
        14 130 22 262 15 296 rrcurveto
        -152 hlineto
        -9 -469 rlineto
        -5 hlineto
        -25 102 -16 58 -27 101 rrcurveto
        -81 hlineto
        -26 -101 -11 -57 -25 -103 rrcurveto
        -4 hlineto
        -17 469 rlineto
        -156 hlineto
        14 -296 21 -262 15 -130 rrcurveto
        147 hlineto
        endchar
      
    </CharString>
    
      
    <CharString index="9">
        
        rmoveto
        47 -1 8 100 -55 -1 1 133 -115 -10 1 -123 -111 1 75 262 -133 8 -34 -125 -18 -146 5 -99 rlinecurve
        216 2 -1 -76 rlineto
        115 hlineto
        return
      
    </CharString>
    
      
    <CharString index="10">
        
        rmoveto
        11 hlineto
        208 170 -74 73 -128 -101 -134 102 -96 -92 rlineto
        return
      
    </CharString>
    
      
    <CharString index="11">
        
        rmoveto
        75 -243 rlineto
        139 hlineto
        17 110 27 236 9 216 rrcurveto
        -146 hlineto
        hintmask 10110000
        -138 -1 -95 -2 -151 vhcurveto
        -4 hlineto
        -18 63 -27 85 -17 54 rrcurveto
        -88 hlineto
        hintmask 01110000
        -15 -53 -27 -83 -18 -63 rrcurveto
        -4 hlineto
        -2 151 -3 93 -1 137 rrcurveto
        -151 hlineto
        8 -216 26 -236 17 -110 rrcurveto
        136 hlineto
        endchar
      
    </CharString>
    
      
    <CharString index="12">
        
        rmoveto
        74 -46 65 57 75 82 45 66 rlinecurve
        -146 67 -25 -65 -47 -98 -41 -63 rlinecurve
        236 -2 rmoveto
        74 -45 68 57 73 80 46 66 rlinecurve
        -153 59 -25 -69 -42 -84 -41 -64 rlinecurve
        return
      
    </CharString>
    
      
    <CharString index="13">
        
        12 134 rlineto
        -286 152 235 118 -235 150 278 134 -441 -688 hlineto
        endchar
      
    </CharString>
    
      
    <CharString index="14">
        
        rmoveto
        438 146 125 -456 -125 146 -438 -146 -125 452 vlineto
        11 125 rlineto
        endchar
      
    </CharString>
    
      
    <CharString index="15">
        
        63 26 -41 -74 4 hvcurveto
        -58 -1 -81 -3 -51 -2 rrcurveto
        90 5 32 31 60 hhcurveto
        endchar
      
    </CharString>
    
      
    <CharString index="16">
        
        rmoveto
        111 -234 176 20 -160 298 rlineto
        63 45 44 57 84 vvcurveto
        144 -106 91 -365 -41 vhcurveto
        -688 161 222 vlineto
        113 vmoveto
        229 vlineto
        99 11 52 -37 -81 vvcurveto
        -50 -24 -41 -38 -29 vhcurveto
        return
      
    </CharString>
    
      
    <CharString index="17">
        
        -153 hlineto
        -2 107 -1 80 -2 72 65 24 73 13 80 3 -6 168 rcurveline
        -97 -14 -74 -47 -48 -60 -11 98 rcurveline
        -249 hlineto
        -12 -21 callgsubr
        -9 2 -88 1 -101 1 -134 rlinecurve
        -124 hlineto
        return
      
    </CharString>
    
      
    <CharString index="18">
        
        rmoveto
        11 128 -194 3 -23 22 -1 94 rlinecurve
        223 5 rlineto
        206 15 -56 122 -119 hhcurveto
        -58 -45 -25 -49 -31 hvcurveto
        hintmask 01110111
        -38 49 -70 15 -132 6 -10 -130 rcurveline
        162 -5 26 -16 4 -84 rrcurveto
        -160 -3 -53 -70 -122 vvcurveto
        -91 46 -56 81 57 46 31 37 30 vhcurveto
        44 -47 84 -25 161 5 rrcurveto
        hintmask 01101111
        -163 452 rmoveto
        27 9 -38 -74 1 hvcurveto
        -22 -31 0 -1 -28 hvcurveto
        87 1 8 26 35 hhcurveto
        hintmask 10101111
        -199 -334 rmoveto
        -30 -14 24 41 41 9 33 61 -6 hvcurveto
        -1 vlineto
        -44 2 -40 10 -35 vhcurveto
        -8 -11 -13 -5 -14 hhcurveto
        endchar
      
    </CharString>
    
      
    <CharString index="19">
        
        -37 -60 80 -71 hhcurveto
        -64 -59 -70 -89 -40 hvcurveto
        79 -38 rlineto
        54 28 23 18 14 hhcurveto
        return
      
    </CharString>
    
      
    <CharString index="20">
        
        -6 134 rlineto
        -300 18 -113 -93 -104 -142 287 -24 -61 vvcurveto
        -38 -68 -10 -203 10 vhcurveto
        -6 -133 rlineto
        333 -11 109 84 104 140 -288 38 58 vvcurveto
        return
      
    </CharString>
    
      
    <CharString index="21">
        
        165 230 hlineto
        214 458 rlineto
        -168 hlineto
        -124 -307 -131 311 -172 -7 216 -458 rlineto
        endchar
      
    </CharString>
    
      
    <CharString index="22">
        
        rmoveto
        154 129 125 189 78 -17 63 -31 46 hvcurveto
        49 70 -89 58 -39 -56 rlineto
        16 -32 -37 8 -41 hhcurveto
        -156 -127 -131 -183 -79 18 -63 31 -47 hvcurveto
        -47 -66 87 -58 38 54 rlineto
        -16 32 37 -8 41 hhcurveto
        -81 312 rmoveto
        111 39 49 60 24 21 -8 -15 17 vhcurveto
        -154 -219 rlineto
        -4 23 -3 28 31 vvcurveto
        110 -186 rmoveto
        -24 -21 7 16 -17 hvcurveto
        154 217 rlineto
        5 -23 2 -26 -30 vvcurveto
        -112 -39 -49 -60 vhcurveto
        endchar
      
    </CharString>
    
      
    <CharString index="23">
        
        rmoveto
        52 123 rlineto
        hintmask 10100000
        -163 48 -80 38 51 vvcurveto
        hintmask 10010000
        53 93 45 71 vvcurveto
        44 -34 43 -90 26 vhcurveto
        hintmask 10001000
        88 30 33 46 42 vvcurveto
        hintmask 11000000
        63 -96 52 44 vvcurveto
        39 80 32 172 46 vhcurveto
        -50 125 rlineto
        hintmask 10100000
        -268 -84 -87 -84 1 -84 rrcurveto
        hintmask 10001000
        1 -86 107 -43 -42 vvcurveto
        -26 -35 -13 -116 -14 vhcurveto
        -5 -110 rlineto
        hintmask 10010000
        98 -10 50 -24 -36 vvcurveto
        hintmask 10100000
        -46 -99 -48 -89 vvcurveto
        -86 83 -51 265 -85 vhcurveto
        endchar
      
    </CharString>
    
      
    <CharString index="24">
        
        rmoveto
        64 59 70 89 40 hvcurveto
        -79 38 rlineto
        -55 -30 -22 -17 -14 hhcurveto
        return
      
    </CharString>
    
      
    <CharString index="25">
        
        88 286 87 hstemhm
        125 118 -21 callgsubr
        121 116 -115 124 hintmask 11011000
        303 return
      
    </CharString>
    
      
    <CharString index="26">
        
        468 hlineto
        12 140 -298 -6 286 297 rlineto
        131 -458 vlineto
        -12 -139 290 4 -288 -295 rlineto
        endchar
      
    </CharString>
    
      
    <CharString index="27">
        
        -147 -8 rlineto
        8 -125 2 -172 -260 vvcurveto
        158 hlineto
        166 -2 143 -3 107 vhcurveto
        return
      
    </CharString>
    
      
    <CharString index="28">
        
        147 472 rmoveto
        -99 callsubr
        -75 -184 -71 callgsubr
        return
      
    </CharString>
    
      
    <CharString index="29">
        
        0 134 152 118 150 134 return
      
    </CharString>
    
      
    <CharString index="30">
        
        rmoveto
        7 -54 146 7 rlineto
        -7 120 -2 169 274 vvcurveto
        227 vlineto
        -158 -14 rlineto
        -203 vlineto
        -185 -145 -119 -208 -168 83 -98 116 61 48 30 37 36 hvcurveto
        -78 62 rmoveto
        -65 -45 51 125 104 39 50 68 19 23 -4 -8 25 hvcurveto
        1 -117 2 -101 2 -77 rrcurveto
        -15 -20 -20 -8 -29 hhcurveto
        endchar
      
    </CharString>
    
      
    <CharString index="31">
        
        -34 callsubr
        -165 660 -308 hlineto
        -13 -113 162 -9 rlineto
        -538 -164 vlineto
        return
      
    </CharString>
    
      
    <CharString index="32">
        
        152 132 110 132 return
      
    </CharString>
    
      
    <CharString index="33">
        
        rlineto
        60 -26 33 -22 -20 vvcurveto
        -18 -33 -11 -81 -8 vhcurveto
        9 -118 rlineto
        165 12 82 56 66 vvcurveto
        return
      
    </CharString>
    
      
    <CharString index="34">
        
        rmoveto
        134 -400 -134 vlineto
        return
      
    </CharString>
    
      
    <CharString index="35">
        
        hstem
        74 157 -26 callsubr
        vstem
        return
      
    </CharString>
    
      
    <CharString index="36">
        
        rmoveto
        -100 480 100 vlineto
        return
      
    </CharString>
    
      
    <CharString index="37">
        
        144 566 -25 callsubr
        -101 callgsubr
        return
      
    </CharString>
    
      
    <CharString index="38">
        
        -16 callsubr
        hstem
        46 169 195 169 vstem
        return
      
    </CharString>
    
      
    <CharString index="39">
        
        78 111 94 hstem
        121 116 147 118 vstem
        174 return
      
    </CharString>
    
      
    <CharString index="40">
        
        83 -112 370 298 rlineto
        129 vlineto
        return
      
    </CharString>
    
      
    <CharString index="41">
        
        rmoveto
        182 -226 111 90 -173 219 179 210 -111 91 -181 -231 rlineto
        272 -153 rmoveto
        182 -226 111 90 -176 217 181 212 -111 91 -181 -231 rlineto
        endchar
      
    </CharString>
    
      
    <CharString index="42">
        
        100 262 99 hstem
        107 124 161 123 vstem
        303 return
      
    </CharString>
    
      
    <CharString index="43">
        
        492 619 -104 callgsubr
        return
      
    </CharString>
    
      
    <CharString index="44">
        
        vstem
        297 232 rmoveto
        135 -242 169 20 -175 293 57 81 53 87 48 83 rlinecurve
        -162 11 -39 -79 -41 -73 -48 -70 rlinecurve
        -47 -1 rlineto
        452 vlineto
        -158 -14 rlineto
        -780 158 230 vlineto
        return
      
    </CharString>
    
      
    <CharString index="45">
        
        hstem
        64 156 169 154 vstem
        return
      
    </CharString>
    
      
    <CharString index="46">
        
        rmoveto
        -107 93 rlineto
        -232 -205 -90 -161 -163 vvcurveto
        -158 88 -158 229 -204 vhcurveto
        109 95 rlineto
        -204 172 -66 129 131 vvcurveto
        129 62 123 211 177 vhcurveto
        endchar
      
    </CharString>
    
      
    <CharString index="47">
        
        -16 127 466 127 hstem
        54 148 220 149 vstem
        303 -16 rmoveto
        166 102 149 223 217 -80 131 -170 -165 -102 -149 -223 -217 80 -131 169 hvcurveto
        return
      
    </CharString>
    
      
    <CharString index="48">
        
        103 239 108 hstem
        354 125 vstem
        141 return
      
    </CharString>
    
      
    <CharString index="49">
        
        95 110 78 hstem
        121 118 148 115 vstem
        311 return
      
    </CharString>
    
      
    <CharString index="50">
        
        280 281 rmoveto
        148 -291 176 20 -188 347 172 331 rlineto
        -173 hlineto
        -130 -272 rlineto
        -44 272 -163 -688 163 281 hlineto
        return
      
    </CharString>
    
      
    <CharString index="51">
        
        -49 callsubr
        hstem
        165 106 106 115 vstem
        492 return
      
    </CharString>
    
      
    <CharString index="52">
        
        0 125 438 125 return
      
    </CharString>
    
      
    <CharString index="53">
        
        207 hlineto
        3 183 rlineto
        -207 hlineto
        return
      
    </CharString>
    
      
    <CharString index="54">
        
        319 443 -74 callsubr
        return
      
    </CharString>
    
      
    <CharString index="55">
        
        32 59 33 78 22 75 -131 16 rcurveline
        -8 -39 -13 -48 -14 -44 rrcurveto
        return
      
    </CharString>
    
      
    <CharString index="56">
        
        0 118 543 118 hstem
        7 callgsubr
        return
      
    </CharString>
    
      
    <CharString index="57">
        
        -33 callsubr
        hstem
        271 119 vstem
        147 return
      
    </CharString>
    
      
    <CharString index="58">
        
        177 693 rmoveto
        -88 -114 return
      
    </CharString>
    
      
    <CharString index="59">
        
        443 134 -20 20 hstemhm
        80 158 156 158 hintmask 10110000
        return
      
    </CharString>
    
      
    <CharString index="60">
        
        hstem
        231 -8 callgsubr
        return
      
    </CharString>
    
      
    <CharString index="61">
        
        125 -45 125 hstemhm
        return
      
    </CharString>
    
      
    <CharString index="62">
        
        -9 119 -118 128 122 91 105 130 -124 128 hstemhm
        29 143 70 129 81 142 hintmask 01101111
        return
      
    </CharString>
    
      
    <CharString index="63">
        
        rmoveto
        132 -516 -132 vlineto
        1116 hmoveto
        -20 callsubr
        return
      
    </CharString>
    
      
    <CharString index="64">
        
        rmoveto
        250 -226 105 110 -228 195 236 195 -105 110 -248 -231 rlineto
        endchar
      
    </CharString>
    
      
    <CharString index="65">
        
        hintmask 1000010001001000111100010001000010101100
        return
      
    </CharString>
    
      
    <CharString index="66">
        
        40 24 53 60 60 vhcurveto
        18 -48 24 -51 30 -53 rrcurveto
        -40 -44 -38 -15 -28 hhcurveto
        -29 -17 16 38 hvcurveto
        return
      
    </CharString>
    
      
    <CharString index="67">
        
        5 161 rlineto
        return
      
    </CharString>
    
      
    <CharString index="68">
        
        -15 callgsubr
        84 100 return
      
    </CharString>
    
      
    <CharString index="69">
        
        hlineto
        13 -23 callgsubr
        return
      
    </CharString>
    
      
    <CharString index="70">
        
        1061 hstemhm
        145 152 -151 157 -58 151 -143 140 hintmask 10001000
        494 return
      
    </CharString>
    
      
    <CharString index="71">
        
        -8 141 411 155 hstem
        69 170 vstem
        return
      
    </CharString>
    
      
    <CharString index="72">
        
        0 140 409 139 hstem
        72 490 vstem
        return
      
    </CharString>
    
      
    <CharString index="73">
        
        hintmask 1000010001001000111100010011000010101100
        return
      
    </CharString>
    
      
    <CharString index="74">
        
        36 67 10 188 -16 vhcurveto
        return
      
    </CharString>
    
      
    <CharString index="75">
        
        rmoveto
        81 -24 rlineto
        return
      
    </CharString>
    
      
    <CharString index="76">
        
        rmoveto
        -979 376 vlineto
        15 125 rlineto
        -240 730 232 124 hlineto
        endchar
      
    </CharString>
    
      
    <CharString index="77">
        
        rlineto
        36 49 25 64 74 vvcurveto
        137 -89 86 -202 -27 vhcurveto
        -687 118 vlineto
        return
      
    </CharString>
    
      
    <CharString index="78">
        
        rmoveto
        191 hlineto
        4 167 rlineto
        -190 hlineto
        return
      
    </CharString>
    
      
    <CharString index="79">
        
        -3 callgsubr
        72 100 return
      
    </CharString>
    
      
    <CharString index="80">
        
        -165 -31 -62 -144 20 vhcurveto
        return
      
    </CharString>
    
      
    <CharString index="81">
        
        hstem
        26 574 vstem
        return
      
    </CharString>
    
      
    <CharString index="82">
        
        107 242 102 return
      
    </CharString>
    
      
    <CharString index="83">
        
        0 134 30 118 4 118 150 -31 callsubr
        289 131 vstem
        return
      
    </CharString>
    
      
    <CharString index="84">
        
        118 rlineto
        return
      
    </CharString>
    
      
    <CharString index="85">
        
        145 hlineto
        7 194 rlineto
        -146 hlineto
        return
      
    </CharString>
    
      
    <CharString index="86">
        
        -112 124 return
      
    </CharString>
    
      
    <CharString index="87">
        
        111 hmoveto
        -56 callsubr
        return
      
    </CharString>
    
      
    <CharString index="88">
        
        -167 3 3 155 -149 1 rlineto
        -154 vlineto
        -157 3 rlineto
        return
      
    </CharString>
    
      
    <CharString index="89">
        
        311 -240 rlineto
        -14 vlineto
        return
      
    </CharString>
    
      
    <CharString index="90">
        
        -10 126 431 152 return
      
    </CharString>
    
      
    <CharString index="91">
        
        125 730 124 hstem
        return
      
    </CharString>
    
      
    <CharString index="92">
        
        -246 -49 callsubr
        return
      
    </CharString>
    
      
    <CharString index="93">
        
        137 -60 56 -95 return
      
    </CharString>
    
      
    <CharString index="94">
        
        186 -141 -186 -176 -132 176 -188 141 return
      
    </CharString>
    
      
    <CharString index="95">
        
        156 126 135 206 207 -119 124 -157 return
      
    </CharString>
    
      
    <CharString index="96">
        
        99 hstem
        348 114 vstem
        461 return
      
    </CharString>
    
      
    <CharString index="97">
        
        161 hstem
        return
      
    </CharString>
    
      
    <CharString index="98">
        
        231 151 -149 140 -50 158 -151 152 return
      
    </CharString>
    
      
    <CharString index="99">
        
        165 vstem
        return
      
    </CharString>
    
      
    <CharString index="100">
        
        -63 97 -52 -45 vvcurveto
        -39 -80 -32 -172 -45 vhcurveto
        endchar
      
    </CharString>
    
      
    <CharString index="101">
        
        -177 -71 callgsubr
        return
      
    </CharString>
    
      
    <CharString index="102">
        
        hintmask 1000010001001000111100010001000010011100
        return
      
    </CharString>
    
      
    <CharString index="103">
        
        hintmask 1000010001001000111100010100000010101100
        return
      
    </CharString>
    
      
    <CharString index="104">
        
        -244 88 286 87 return
      
    </CharString>
    
      
    <CharString index="105">
        
        rmoveto
        -11 callsubr
        return
      
    </CharString>
    
      
    <CharString index="106">
        
        rmoveto
        132 return
      
    </CharString>
    
      
    <CharString index="107">
        
        -51 callgsubr
        vstem
        return
      
    </CharString>
    
      
    <CharString index="108">
        
        rmoveto
        193 hlineto
        4 169 rlineto
        -193 hlineto
        endchar
      
    </CharString>
    
      
    <CharString index="109">
        
        rlineto
        hintmask 11100000
        return
      
    </CharString>
    
      
    <CharString index="110">
        
        284 rmoveto
        106 hlineto
        55 469 rlineto
        -202 hlineto
        return
      
    </CharString>
    
      
    <CharString index="111">
        
        420 -38 callgsubr
        return
      
    </CharString>
    
      
    <CharString index="112">
        
        100 83 -33 callsubr
        hstemhm
        return
      
    </CharString>
    
      
    <CharString index="113">
        
        545 394 -1 callgsubr
        return
      
    </CharString>
    
      
    <CharString index="114">
        
        238 159 return
      
    </CharString>
    
      
    <CharString index="115">
        
        159 vstem
        return
      
    </CharString>
    
      
    <CharString index="116">
        
        -54 -92 -44 -71 vvcurveto
        -44 34 -44 91 -25 vhcurveto
        return
      
    </CharString>
    
      
    <CharString index="117">
        
        419 vlineto
        15 25 26 9 31 hhcurveto
        endchar
      
    </CharString>
    
      
    <CharString index="118">
        
        -135 64 -501 -1009 136 -64 return
      
    </CharString>
    
      
    <CharString index="119">
        
        -205 1209 hstem
        -20 692 vstem
        return
      
    </CharString>
    
      
    <CharString index="120">
        
        -135 -205 vhcurveto
        85 4 rmoveto
        170 return
      
    </CharString>
    
      
    <CharString index="121">
        
        118 328 117 76 161 hstemhm
        return
      
    </CharString>
    
    
</GlobalSubrs>