<GlobalSubrs>
    
      
    <!-- The 'index' attribute is only for humans; it is ignored when parsed. -->
    
      
    <CharString index="0">
        
        rmoveto
        62 6 -47 callsubr
        rlinecurve
        -85 callgsubr
        20 -68 20 -68 19 -69 rrcurveto
        -175 570 -86 callsubr
      
    </CharString>
    
      
    <CharString index="1">
        
        -99 callgsubr
        79 62 37 37 40 vhcurveto
        -66 callsubr
        -16 callsubr
        hvcurveto
        -59 callgsubr
      
    </CharString>
    
      
    <CharString index="2">
        
        -52 callsubr
        -69 callgsubr
        -201 81 -113 33 callgsubr
        7 597 -86 callgsubr
      
    </CharString>
    
      
    <CharString index="3">
        
        -101 callsubr
        -75 callsubr
      
    </CharString>
    
      
    <CharString index="4">
        
        -56 callgsubr
        -179 -39 callgsubr
        -20 -53 hhcurveto
        -68 -39 -64 callgsubr
        58 -49 88 70 54 33 33 41 vhcurveto
        endchar
      
    </CharString>
    
      
    <CharString index="5">
        
        -102 callsubr
        endchar
      
    </CharString>
    
      
    <CharString index="6">
        
        rmoveto
        69 63 54 91 56 hvcurveto
        -37 20 rlineto
        -74 -51 -40 -41 -55 hhcurveto
        -51 -37 33 86 -52 hvcurveto
        -44 -26 rlineto
        -96 56 57 -47 66 hhcurveto
        return
      
    </CharString>
    
      
    <CharString index="7">
        
        rmoveto
        5 -55 70 callsubr
        -103 callgsubr
      
    </CharString>
    
      
    <CharString index="8">
        
        -100 callsubr
        62 -47 88 return
      
    </CharString>
    
      
    <CharString index="9">
        
        rmoveto
        -36 callgsubr
        -85 callsubr
        -45 callsubr
      
    </CharString>
    
      
    <CharString index="10">
        
        rmoveto
        55 -1 4 44 rlineto
        -59 hlineto
        1 141 -48 -4 1 -137 rlineto
        -163 hlineto
        3 41 39 161 20 68 -55 4 rcurveline
        -32 -120 -19 -124 1 -74 206 2 rcurveline
        return
      
    </CharString>
    
      
    <CharString index="11">
        
        -96 callsubr
        endchar
      
    </CharString>
    
      
    <CharString index="12">
        
        -97 callgsubr
        -1 -86 rlineto
        48 hlineto
        return
      
    </CharString>
    
      
    <CharString index="13">
        
        rmoveto
        6 -58 156 22 44 46 61 154 rlinecurve
        71 171 53 143 45 126 rrcurveto
        -58 hlineto
        -35 -95 -69 -200 -46 -110 rrcurveto
        -7 hlineto
        -61 134 -59 138 -54 135 -62 -3 rcurveline
        56 -135 86 -201 65 -139 rrcurveto
        1 hlineto
        -38 -86 -27 -22 -128 -20 rrcurveto
        endchar
      
    </CharString>
    
      
    <CharString index="14">
        
        -74 callgsubr
        -64 hlineto
        -80 callsubr
        return
      
    </CharString>
    
      
    <CharString index="15">
        
        rmoveto
        6 -56 rlineto
        261 13 68 97 161 vvcurveto
        40 -1 305 -1 27 vhcurveto
        15 -47 -44 8 -46 hhcurveto
        -135 -121 -96 -158 -130 80 -77 106 61 51 23 28 36 hvcurveto
        -144 -33 -38 -241 -18 vhcurveto
        148 199 rmoveto
        -85 -62 58 114 120 77 67 97 33 33 -6 -11 33 hvcurveto
        -299 vlineto
        -24 -35 -46 -19 -45 hhcurveto
        endchar
      
    </CharString>
    
      
    <CharString index="16">
        
        rmoveto
        30 -10 54 67 13 75 -12 61 rlinecurve
        -78 -3 23 -58 8 -60 -38 -72 rlinecurve
        endchar
      
    </CharString>
    
      
    <CharString index="17">
        
        -248 7 -73 53 -6 125 rlinecurve
        344 8 rlineto
        154 18 -67 107 -130 hhcurveto
        -125 -100 -113 -147 return
      
    </CharString>
    
      
    <CharString index="18">
        
        rmoveto
        53 -52 46 -166 13 vhcurveto
        8 110 rlineto
        193 hlineto
        4 45 rlineto
        -238 hlineto
        -15 -192 rlineto
        return
      
    </CharString>
    
      
    <CharString index="19">
        
        rmoveto
        124 74 76 136 hvcurveto
        -72 callsubr
        -137 71 -74 70 callgsubr
        endchar
      
    </CharString>
    
      
    <CharString index="20">
        
        -38 callsubr
        -70 -54 -31 -33 -42 vhcurveto
        -5 55 -56 -4 rlineto
        5 -6 callsubr
        61 hlineto
        180 -2 128 -3 86 vhcurveto
        29 43 46 20 53 hhcurveto
        return
      
    </CharString>
    
      
    <CharString index="21">
        
        rmoveto
        107 58 -96 -178 -175 -58 -95 -103 -108 -57 96 178 175 57 95 104 hvcurveto
        endchar
      
    </CharString>
    
      
    <CharString index="22">
        
        -88 hlineto
        -67 -209 -62 -206 -59 -207 rrcurveto
        61 hlineto
        57 202 rlineto
        225 hlineto
        return
      
    </CharString>
    
      
    <CharString index="23">
        
        0 callsubr
        -87 callsubr
        endchar
      
    </CharString>
    
      
    <CharString index="24">
        
        rmoveto
        101 65 86 127 124 -57 76 -98 -101 -64 -86 -126 -125 56 -76 98 hvcurveto
        6 370 rmoveto
        71 38 -62 -104 -100 -36 -60 -73 -71 -38 62 103 101 36 60 73 hvcurveto
        endchar
      
    </CharString>
    
      
    <CharString index="25">
        
        437 -78 callgsubr
        vlineto
        endchar
      
    </CharString>
    
      
    <CharString index="26">
        
        rmoveto
        30 -20 49 53 61 79 32 54 rlinecurve
        -64 32 -24 -57 -45 -86 -39 -55 rlinecurve
        207 -1 rmoveto
        29 -19 51 52 59 79 34 55 rlinecurve
        -67 28 -24 -58 -44 -82 -38 -55 rlinecurve
        return
      
    </CharString>
    
      
    <CharString index="27">
        
        -71 -408 -102 callgsubr
      
    </CharString>
    
      
    <CharString index="28">
        
        rmoveto
        -2 80 1 97 128 vvcurveto
        -60 hlineto
        3 -265 rlineto
        -223 -21 -70 107 174 vvcurveto
        145 56 111 276 5 vhcurveto
        -4 60 rlineto
        -300 -11 -91 -147 -175 vvcurveto
        -213 120 -137 294 62 vhcurveto
        return
      
    </CharString>
    
      
    <CharString index="29">
        
        hlineto
        5 47 rlineto
        -191 437 -244 hlineto
        -5 -42 188 -8 rlineto
        -387 -190 return
      
    </CharString>
    
      
    <CharString index="30">
        
        -47 callgsubr
        hintmask 11000000
        -4 -45 rlineto
        hintmask 10100000
        -42 callgsubr
        endchar
      
    </CharString>
    
      
    <CharString index="31">
        
        rmoveto
        -61 callgsubr
        382 vlineto
        5 50 rlineto
        endchar
      
    </CharString>
    
      
    <CharString index="32">
        
        rmoveto
        -82 callgsubr
      
    </CharString>
    
      
    <CharString index="33">
        
        rmoveto
        61 hlineto
        2 -19 callsubr
        return
      
    </CharString>
    
      
    <CharString index="34">
        
        rmoveto
        135 -249 66 12 -150 267 rlineto
        61 43 47 59 83 vvcurveto
        126 -96 82 -271 -44 vhcurveto
        -618 62 235 vlineto
        48 vmoveto
        287 vlineto
        172 27 71 -60 -95 vvcurveto
        -70 -37 -51 -52 -35 vhcurveto
        return
      
    </CharString>
    
      
    <CharString index="35">
        
        -310 236 267 48 -267 228 306 54 -369 -620 return
      
    </CharString>
    
      
    <CharString index="36">
        
        rmoveto
        -76 callsubr
      
    </CharString>
    
      
    <CharString index="37">
        
        -60 callgsubr
        -20 callsubr
        return
      
    </CharString>
    
      
    <CharString index="38">
        
        201 -1 -79 113 -136 -43 callgsubr
        return
      
    </CharString>
    
      
    <CharString index="39">
        
        701 -101 callgsubr
        return
      
    </CharString>
    
      
    <CharString index="40">
        
        rmoveto
        -147 83 -108 289 16 vhcurveto
        8 52 rlineto
        -62 callgsubr
        endchar
      
    </CharString>
    
      
    <CharString index="41">
        
        -104 callsubr
        -78 -136 -35 callsubr
        return
      
    </CharString>
    
      
    <CharString index="42">
        
        rmoveto
        251 -526 rlineto
        65 620 -59 hlineto
        2 -514 rlineto
        -4 hlineto
        -243 514 rlineto
        -74 -620 59 hlineto
        -2 526 rlineto
        return
      
    </CharString>
    
      
    <CharString index="43">
        
        35 100 hvcurveto
        311 -3 callgsubr
        -325 vlineto
        -120 return
      
    </CharString>
    
      
    <CharString index="44">
        
        rmoveto
        121 102 105 159 76 -21 61 -35 42 hvcurveto
        42 59 -38 26 -37 -54 rlineto
        24 -33 -40 13 -44 hhcurveto
        -121 -103 -105 -157 -77 22 -62 36 -42 hvcurveto
        -42 -60 38 -25 37 53 rlineto
        -23 33 39 -13 44 hhcurveto
        -146 261 rmoveto
        127 64 72 89 37 32 -12 -23 26 vhcurveto
        -213 -307 rlineto
        -22 35 -13 48 60 vvcurveto
        155 -210 rmoveto
        -35 -32 12 22 -25 hvcurveto
        212 308 rlineto
        22 -35 13 -47 -59 vvcurveto
        -128 -65 -73 -90 vhcurveto
        endchar
      
    </CharString>
    
      
    <CharString index="45">
        
        -251 -11 -69 76 130 vvcurveto
        109 58 78 254 4 vhcurveto
        -4 58 rlineto
        -277 -9 -91 -117 -131 vvcurveto
        return
      
    </CharString>
    
      
    <CharString index="46">
        
        520 160 50 -382 -50 160 -520 -160 -50 return
      
    </CharString>
    
      
    <CharString index="47">
        
        79 51 45 61 57 -54 46 -76 hvcurveto
        -41 vmoveto
        50 33 -27 -37 -37 -31 -27 -52 return
      
    </CharString>
    
      
    <CharString index="48">
        
        -54 1 -39 1 -34 vhcurveto
        -34 -41 -58 -27 -57 hhcurveto
        endchar
      
    </CharString>
    
      
    <CharString index="49">
        
        585 -107 callsubr
        return
      
    </CharString>
    
      
    <CharString index="50">
        
        -3 55 rlineto
        -243 20 -79 -79 -71 -122 280 -11 -98 vvcurveto
        -47 -61 -45 -224 18 vhcurveto
        -3 -55 return
      
    </CharString>
    
      
    <CharString index="51">
        
        -5 114 -2 161 207 vvcurveto
        -60 hlineto
        return
      
    </CharString>
    
      
    <CharString index="52">
        
        817 -95 callsubr
        return
      
    </CharString>
    
      
    <CharString index="53">
        
        401 hlineto
        5 54 -337 -1 328 380 rlineto
        51 -388 vlineto
        -5 -53 rlineto
        324 hlineto
        -328 -379 rlineto
        endchar
      
    </CharString>
    
      
    <CharString index="54">
        
        -9 54 247 46 237 19 callsubr
        -283 -75 -46 75 -293 1 callsubr
        -343 -273 rmoveto
        242 143 vlineto
        3 46 rlineto
        -146 233 hlineto
        25 callgsubr
        25 callsubr
        endchar
      
    </CharString>
    
      
    <CharString index="55">
        
        691 -93 callsubr
        return
      
    </CharString>
    
      
    <CharString index="56">
        
        408 hlineto
        5 56 -346 -2 341 512 rlineto
        54 -398 vlineto
        -5 -56 338 2 -343 -512 rlineto
        endchar
      
    </CharString>
    
      
    <CharString index="57">
        
        -64 -26 -40 -36 -50 vvcurveto
        -57 55 -39 84 vhcurveto
        return
      
    </CharString>
    
      
    <CharString index="58">
        
        61 27 38 33 47 vvcurveto
        57 -58 37 -76 vhcurveto
        return
      
    </CharString>
    
      
    <CharString index="59">
        
        -6 -57 rlineto
        261 -16 69 -46 -54 vvcurveto
        -79 -193 -61 -9 -141 vhcurveto
        42 -1 rlineto
        14 129 209 57 109 vvcurveto
        78 -88 64 -299 18 vhcurveto
        return
      
    </CharString>
    
      
    <CharString index="60">
        
        52 -6 46 121 64 121 78 116 rlinecurve
        43 -289 vlineto
        return
      
    </CharString>
    
      
    <CharString index="61">
        
        38 callgsubr
        -32 callsubr
        -45 52 hintmask 11101000
        267 return
      
    </CharString>
    
      
    <CharString index="62">
        
        140 462 rmoveto
        4 -47 rlineto
        -66 callgsubr
        return
      
    </CharString>
    
      
    <CharString index="63">
        
        36 callsubr
        -42 callsubr
        return
      
    </CharString>
    
      
    <CharString index="64">
        
        hhcurveto
        -144 -92 -120 -216 return
      
    </CharString>
    
      
    <CharString index="65">
        
        240 hlineto
        1 -3 -79 -113 -63 -115 -46 -119 rlinecurve
        return
      
    </CharString>
    
      
    <CharString index="66">
        
        -93 -52 -53 -49 -47 45 -30 51 -26 hvcurveto
        return
      
    </CharString>
    
      
    <CharString index="67">
        
        -51 25 -45 25 38 vvcurveto
        86 -276 rmoveto
        return
      
    </CharString>
    
      
    <CharString index="68">
        
        1 -129 3 -85 vhcurveto
        -30 -43 -45 return
      
    </CharString>
    
      
    <CharString index="69">
        
        -24 callgsubr
        hstem
        159 45 165 48 vstem
        417 return
      
    </CharString>
    
      
    <CharString index="70">
        
        69 callgsubr
        -24 callsubr
        return
      
    </CharString>
    
      
    <CharString index="71">
        
        81 69 54 82 119 -149 33 -98 -89 hvcurveto
        return
      
    </CharString>
    
      
    <CharString index="72">
        
        0 54 236 48 228 54 return
      
    </CharString>
    
      
    <CharString index="73">
        
        587 -107 callsubr
        return
      
    </CharString>
    
      
    <CharString index="74">
        
        -29 callgsubr
        -5 callsubr
        return
      
    </CharString>
    
      
    <CharString index="75">
        
        188 14 84 53 71 vvcurveto
        return
      
    </CharString>
    
      
    <CharString index="76">
        
        43 168 39 76 callsubr
        202 48 vstem
        275 return
      
    </CharString>
    
      
    <CharString index="77">
        
        38 170 42 hstem
        125 48 201 50 vstem
        181 return
      
    </CharString>
    
      
    <CharString index="78">
        
        -11 53 189 40 174 51 return
      
    </CharString>
    
      
    <CharString index="79">
        
        156 52 171 52 return
      
    </CharString>
    
      
    <CharString index="80">
        
        rmoveto
        -42 40 rlineto
        -219 -175 -88 -148 -144 vvcurveto
        -141 87 -145 216 -174 vhcurveto
        42 40 rlineto
        -206 160 -79 132 130 vvcurveto
        131 79 133 210 161 vhcurveto
        endchar
      
    </CharString>
    
      
    <CharString index="81">
        
        -132 149 -60 63 60 vvcurveto
        59 47 55 177 -8 vhcurveto
        -4 58 rlineto
        -212 4 -66 -91 -83 vvcurveto
        return
      
    </CharString>
    
      
    <CharString index="82">
        
        -26 callgsubr
        -44 21 -41 42 -54 vhcurveto
        -90 -57 -44 -66 -72 vvcurveto
        -77 49 -62 89 63 65 36 82 54 vhcurveto
        return
      
    </CharString>
    
      
    <CharString index="83">
        
        47 166 37 110 45 return
      
    </CharString>
    
      
    <CharString index="84">
        
        rlineto
        69 -44 28 -32 -23 vvcurveto
        -24 -35 -15 -87 -14 vhcurveto
        return
      
    </CharString>
    
      
    <CharString index="85">
        
        rmoveto
        45 -38 171 224 4 62 -173 227 -47 -35 174 -224 rlineto
        60 -216 rmoveto
        45 -38 172 224 3 62 -172 227 -47 -35 173 -224 rlineto
        endchar
      
    </CharString>
    
      
    <CharString index="86">
        
        -60 -31 42 58 50 32 55 68 47 hvcurveto
        34 -41 43 -48 53 -61 rrcurveto
        -69 -43 -49 -33 -47 hhcurveto
        return
      
    </CharString>
    
      
    <CharString index="87">
        
        35 -42 10 callgsubr
        54 vlineto
        return
      
    </CharString>
    
      
    <CharString index="88">
        
        -11 callsubr
        268 50 return
      
    </CharString>
    
      
    <CharString index="89">
        
        rmoveto
        60 -221 rlineto
        30 hlineto
        58 221 rlineto
        3 hlineto
        -1 -273 rlineto
        42 326 -59 hlineto
        -56 -214 rlineto
        -2 hlineto
        -59 214 rlineto
        -59 -326 41 hlineto
        -1 273 rlineto
        endchar
      
    </CharString>
    
      
    <CharString index="90">
        
        -19 callgsubr
        vstem
        138 return
      
    </CharString>
    
      
    <CharString index="91">
        
        -5 callgsubr
        566 -62 hlineto
        return
      
    </CharString>
    
      
    <CharString index="92">
        
        rmoveto
        53 -326 -53 vlineto
        return
      
    </CharString>
    
      
    <CharString index="93">
        
        -36 callsubr
        63 callsubr
        return
      
    </CharString>
    
      
    <CharString index="94">
        
        703 -39 callsubr
        return
      
    </CharString>
    
      
    <CharString index="95">
        
        45 callgsubr
        hstem
        359 50 vstem
        134 return
      
    </CharString>
    
      
    <CharString index="96">
        
        -79 -52 -45 -62 -56 54 -46 77 return
      
    </CharString>
    
      
    <CharString index="97">
        
        202 48 317 55 return
      
    </CharString>
    
      
    <CharString index="98">
        
        -28 callgsubr
        hstemhm
        return
      
    </CharString>
    
      
    <CharString index="99">
        
        127 112 115 192 vhcurveto
        -420 -9 rmoveto
        163 77 108 109 104 90 -97 -168 -170 -92 -97 -106 -105 -77 99 162 vhcurveto
        return
      
    </CharString>
    
      
    <CharString index="100">
        
        -44 callsubr
        -285 242 rlineto
        return
      
    </CharString>
    
      
    <CharString index="101">
        
        9 7 6 9 9 7 -6 -9 -9 -7 -7 -9 -9 -7 6 10 vhcurveto
        return
      
    </CharString>
    
      
    <CharString index="102">
        
        371 hlineto
        11 callsubr
        -315 return
      
    </CharString>
    
      
    <CharString index="103">
        
        hstem
        82 62 261 63 vstem
        return
      
    </CharString>
    
      
    <CharString index="104">
        
        vlineto
        -61 -5 rlineto
        return
      
    </CharString>
    
      
    <CharString index="105">
        
        1 52 rlineto
        return
      
    </CharString>
    
      
    <CharString index="106">
        
        566 200 54 -460 vlineto
        -5 -54 rlineto
        202 -566 hlineto
        return
      
    </CharString>
    
      
    <CharString index="107">
        
        -12 53 -9 callsubr
        return
      
    </CharString>
    
      
    <CharString index="108">
        
        -10 callgsubr
        29 callgsubr
        return
      
    </CharString>
    
      
    <CharString index="109">
        
        0 47 390 64 -63 47 hstemhm
        204 59 return
      
    </CharString>
    
      
    <CharString index="110">
        
        hlineto
        280 236 -36 43 rlineto
        hintmask 11000000
        -7 callgsubr
        return
      
    </CharString>
    
      
    <CharString index="111">
        
        -36 43 -44 callsubr
        return
      
    </CharString>
    
      
    <CharString index="112">
        
        85 callgsubr
        307 hmoveto
        -1 callgsubr
        return
      
    </CharString>
    
      
    <CharString index="113">
        
        -2 callgsubr
        -426 -52 hlineto
        return
      
    </CharString>
    
      
    <CharString index="114">
        
        226 rmoveto
        40 hlineto
        3 116 16 212 6 122 rrcurveto
        -77 hlineto
        2 -122 10 -212 -116 vvcurveto
        return
      
    </CharString>
    
      
    <CharString index="115">
        
        18 callsubr
        55 callgsubr
        return
      
    </CharString>
    
      
    <CharString index="116">
        
        hintmask 1001000001010000111100100100010010100110
        return
      
    </CharString>
    
      
    <CharString index="117">
        
        334 283 rlineto
        return
      
    </CharString>
    
      
    <CharString index="118">
        
        hlineto
        144 121 4 callgsubr
        -158 134 rlineto
        return
      
    </CharString>
    
      
    <CharString index="119">
        
        -334 22 rmoveto
        612 69 callsubr
        -605 258 25 43 668 -278 rlineto
        -54 vlineto
        return
      
    </CharString>
    
      
    <CharString index="120">
        
        63 155 62 return
      
    </CharString>
    
      
    <CharString index="121">
        
        -36 callsubr
        54 57 callgsubr
        hstemhm
        72 60 11 58 callgsubr
        -6 60 return
      
    </CharString>
    
      
    <CharString index="122">
        
        0 82 hstem
        65 61 302 58 vstem
        return
      
    </CharString>
    
      
    <CharString index="123">
        
        -220 -24 callgsubr
        return
      
    </CharString>
    
      
    <CharString index="124">
        
        237 48 291 54 hstem
        100 62 return
      
    </CharString>
    
      
    <CharString index="125">
        
        0 47 604 47 hstem
        247 61 return
      
    </CharString>
    
      
    <CharString index="126">
        
        40 vstem
        505 314 rmoveto
        192 -105 107 -128 -129 -98 -124 -186 -186 return
      
    </CharString>
    
      
    <CharString index="127">
        
        rmoveto
        40 -42 250 225 4 63 -249 227 -41 -42 241 -217 rlineto
        endchar
      
    </CharString>
    
      
    <CharString index="128">
        
        hintmask 1001000001010000111100100100100010100110
        return
      
    </CharString>
    
      
    <CharString index="129">
        
        132 hstem
        return
      
    </CharString>
    
      
    <CharString index="130">
        
        16 callgsubr
        98 43 return
      
    </CharString>
    
      
    <CharString index="131">
        
        746 -15 callgsubr
        return
      
    </CharString>
    
      
    <CharString index="132">
        
        198 25 82 -83 -202 vvcurveto
        return
      
    </CharString>
    
      
    <CharString index="133">
        
        53 callgsubr
        90 43 return
      
    </CharString>
    
      
    <CharString index="134">
        
        55 hstem
        92 61 280 63 vstem
        return
      
    </CharString>
    
      
    <CharString index="135">
        
        -4 52 386 58 hstem
        85 60 return
      
    </CharString>
    
      
    <CharString index="136">
        
        hstem
        43 464 vstem
        return
      
    </CharString>
    
      
    <CharString index="137">
        
        rmoveto
        4 -47 rlineto
        return
      
    </CharString>
    
      
    <CharString index="138">
        
        rmoveto
        -30 10 -54 -67 -14 -75 12 -61 rlinecurve
        79 3 -23 57 -8 61 38 72 rlinecurve
        return
      
    </CharString>
    
      
    <CharString index="139">
        
        rmoveto
        -870 318 vlineto
        6 50 rlineto
        -266 769 263 51 hlineto
        endchar
      
    </CharString>
    
      
    <CharString index="140">
        
        136 hvcurveto
        return
      
    </CharString>
    
      
    <CharString index="141">
        
        rmoveto
        6 callgsubr
        935 hmoveto
        6 callgsubr
        return
      
    </CharString>
    
      
    <CharString index="142">
        
        0 54 377 53 hstem
        77 406 vstem
        return
      
    </CharString>
    
      
    <CharString index="143">
        
        0 54 hstem
        120 62 return
      
    </CharString>
    
      
    <CharString index="144">
        
        47 314 45 return
      
    </CharString>
    
      
    <CharString index="145">
        
        40 333 40 return
      
    </CharString>
    
      
    <CharString index="146">
        
        124 74 76 33 callgsubr
        -49 callsubr
        return
      
    </CharString>
    
      
    <CharString index="147">
        
        50 callsubr
        43 callsubr
        return
      
    </CharString>
    
      
    <CharString index="148">
        
        -258 rlineto
        -8 vlineto
        return
      
    </CharString>
    
      
    <CharString index="149">
        
        53 callsubr
        15 25 vvcurveto
        25 29 32 108 52 vhcurveto
        return
      
    </CharString>
    
      
    <CharString index="150">
        
        hlineto
        -158 -134 -20 callgsubr
        endchar
      
    </CharString>
    
      
    <CharString index="151">
        
        -9 53 392 48 hstem
        185 60 return
      
    </CharString>
    
      
    <CharString index="152">
        
        45 314 44 return
      
    </CharString>
    
      
    <CharString index="153">
        
        40 callsubr
        hintmask 11100000
        75 callsubr
        return
      
    </CharString>
    
      
    <CharString index="154">
        
        0 54 139 48 49 48 228 54 hstem
        265 57 vstem
        return
      
    </CharString>
    
      
    <CharString index="155">
        
        -10 callsubr
        -137 71 -74 70 callgsubr
        endchar
      
    </CharString>
    
      
    <CharString index="156">
        
        -16 callgsubr
        endchar
      
    </CharString>
    
      
    <CharString index="157">
        
        43 99 -11 callsubr
        return
      
    </CharString>
    
      
    <CharString index="158">
        
        rmoveto
        90 hlineto
        2 96 rlineto
        -91 hlineto
        return
      
    </CharString>
    
      
    <CharString index="159">
        
        hintmask 1001000001001000111100100110100010100110
        return
      
    </CharString>
    
      
    <CharString index="160">
        
        -220 38 callgsubr
        return
      
    </CharString>
    
      
    <CharString index="161">
        
        45 -30 127 -12 vhcurveto
        return
      
    </CharString>
    
      
    <CharString index="162">
        
        hstem
        56 callgsubr
        return
      
    </CharString>
    
      
    <CharString index="163">
        
        243 62 vstem
        return
      
    </CharString>
    
      
    <CharString index="164">
        
        40 128 41 return
      
    </CharString>
    
      
    <CharString index="165">
        
        48 166 47 return
      
    </CharString>
    
      
    <CharString index="166">
        
        192 -55 -192 -184 -52 184 -193 55 return
      
    </CharString>
    
      
    <CharString index="167">
        
        vstem
        5 callsubr
        280 -236 rlineto
        return
      
    </CharString>
    
      
    <CharString index="168">
        
        -52 hlineto
        963 89 callgsubr
        -442 -52 hlineto
        return
      
    </CharString>
    
      
    <CharString index="169">
        
        rmoveto
        1 60 rlineto
        -1486 -60 hlineto
        1485 return
      
    </CharString>
    
      
    <CharString index="170">
        
        hstem
        96 61 247 60 vstem
        return
      
    </CharString>
    
      
    <CharString index="171">
        
        3 52 rlineto
        -314 -52 hlineto
        return
      
    </CharString>
    
      
    <CharString index="172">
        
        hstem
        60 61 return
      
    </CharString>
    
      
    <CharString index="173">
        
        hlineto
        18 181 rlineto
        -46 hlineto
        -18 -181 rlineto
        return
      
    </CharString>
    
      
    <CharString index="174">
        
        134 90 callsubr
        0 callsubr
        return
      
    </CharString>
    
      
    <CharString index="175">
        
        396 vlineto
        28 42 44 19 52 hhcurveto
        endchar
      
    </CharString>
    
      
    <CharString index="176">
        
        -15 53 544 53 return
      
    </CharString>
    
      
    <CharString index="177">
        
        117 vhcurveto
        return
      
    </CharString>
    
      
    <CharString index="178">
        
        -18 -183 rlineto
        46 hlineto
        18 183 rlineto
        return
      
    </CharString>
    
      
    <CharString index="179">
        
        45 -32 callsubr
        return
      
    </CharString>
    
      
    <CharString index="180">
        
        18 callgsubr
        vstem
        return
      
    </CharString>
    
      
    <CharString index="181">
        
        hintmask 1010000001010000111100100100100010101110
        return
      
    </CharString>
    
      
    <CharString index="182">
        
        -17 -79 -24 -72 -27 -58 return
      
    </CharString>
    
      
    <CharString index="183">
        
        hintmask 1111111100000000
        return
      
    </CharString>
    
      
    <CharString index="184">
        
        rmoveto
        11 callsubr
        return
      
    </CharString>
    
      
    <CharString index="185">
        
        10 callsubr
        56 callsubr
        return
      
    </CharString>
    
      
    <CharString index="186">
        
        25 49 33 53 48 -116 79 hhcurveto
        return
      
    </CharString>
    
      
    <CharString index="187">
        
        rlineto
        hintmask 11100000
        return
      
    </CharString>
    
      
    <CharString index="188">
        
        vlineto
        hintmask 1010000001010000111100100100101000000110
        4 return
      
    </CharString>
    
      
    <CharString index="189">
        
        vlineto
        hintmask 1001000001001000111100101000100010100110
        3 return
      
    </CharString>
    
      
    <CharString index="190">
        
        -92 78 rlineto
        8 vlineto
        101 85 rlineto
        return
      
    </CharString>
    
      
    <CharString index="191">
        
        -79 hhcurveto
        -54 -38 -50 -98 -37 hvcurveto
        return
      
    </CharString>
    
      
    <CharString index="192">
        
        566 54 hstem
        64 callsubr
        return
      
    </CharString>
    
      
    <CharString index="193">
        
        45 callsubr
        -386 -52 hlineto
        return
      
    </CharString>
    
      
    <CharString index="194">
        
        103 172 142 -79 90 -105 return
      
    </CharString>
    
      
    <CharString index="195">
        
        43 hstemhm
        9 callsubr
        return
      
    </CharString>
    
      
    <CharString index="196">
        
        hmoveto
        -2 callgsubr
        return
      
    </CharString>
    
      
    <CharString index="197">
        
        443 52 return
      
    </CharString>
    
    
</GlobalSubrs>