<Subrs>
    
          
    <!-- The 'index' attribute is only for humans; it is ignored when parsed. -->
    
          
    <CharString index="0">
        
            rmoveto
            19 -28 65 37 99 68 54 53 rlinecurve
            -52 48 -45 -56 -83 -80 -57 -42 rlinecurve
            return
          
    </CharString>
    
          
    <CharString index="1">
        
            rmoveto
            55 3 rlineto
            -106 callgsubr
          
    </CharString>
    
          
    <CharString index="2">
        
            rmoveto
            hintmask 11100100
            -40 callsubr
            hintmask 11101000
            -49 callgsubr
            hintmask 11011000
            -41 callgsubr
            hintmask 11101000
            -50 callgsubr
            hintmask 11011000
            -81 callsubr
            hintmask 11101000
            -41 callsubr
            hintmask 11100100
            -53 callsubr
          
    </CharString>
    
          
    <CharString index="3">
        
            -73 callsubr
            -82 callsubr
            -64 callsubr
            return
          
    </CharString>
    
          
    <CharString index="4">
        
            rmoveto
            121 102 105 159 154 -86 93 -120 -121 -103 -105 -157 -155 88 -94 119 hvcurveto
            9 51 rmoveto
            -91 -64 76 134 127 64 72 89 92 64 -75 -133 -128 -64 -73 -90 hvcurveto
            endchar
          
    </CharString>
    
          
    <CharString index="5">
        
            -89 callgsubr
            -78 callsubr
            -32 callgsubr
            return
          
    </CharString>
    
          
    <CharString index="6">
        
            rmoveto
            8 53 -90 callgsubr
            -157 83 -85 296 -5 hvcurveto
            -166 456 rmoveto
            return
          
    </CharString>
    
          
    <CharString index="7">
        
            -3 71 -3 63 106 vvcurveto
            184 -77 58 -272 10 vhcurveto
            -7 -54 222 -9 67 -33 6 -124 rlinecurve
            -221 16 -104 -73 -103 vvcurveto
            -78 return
          
    </CharString>
    
          
    <CharString index="8">
        
            rmoveto
            96 -348 rlineto
            71 hlineto
            15 117 22 236 13 267 rrcurveto
            -59 hlineto
            -7 -165 -18 -298 -9 -81 rrcurveto
            -3 hlineto
            -32 116 -36 130 -31 116 rrcurveto
            -41 hlineto
            -31 -114 -29 -116 -37 -132 rrcurveto
            -4 hlineto
            -8 81 -19 298 -7 165 rrcurveto
            -62 hlineto
            13 -267 21 -236 15 -117 rrcurveto
            73 hlineto
            endchar
          
    </CharString>
    
          
    <CharString index="9">
        
            rmoveto
            103 -292 rlineto
            58 hlineto
            18 122 20 183 12 179 rrcurveto
            -58 hlineto
            -9 -144 -9 -129 -11 -131 rrcurveto
            -3 hlineto
            -99 281 rlineto
            -40 hlineto
            -6 -17 -82 -239 -9 -23 rrcurveto
            -4 hlineto
            -12 131 -9 128 -9 143 rrcurveto
            -61 hlineto
            12 -179 19 -183 20 -122 rrcurveto
            56 hlineto
            endchar
          
    </CharString>
    
          
    <CharString index="10">
        
            293 hlineto
            4 44 rlineto
            -117 368 hlineto
            -50 -4 rlineto
            -61 vlineto
            -125 -17 1 -37 124 9 rlineto
            -258 -130 vlineto
            return
          
    </CharString>
    
          
    <CharString index="11">
        
            30 callgsubr
            -104 callsubr
            return
          
    </CharString>
    
          
    <CharString index="12">
        
            rmoveto
            137 -121 38 37 -170 147 rlineto
            -3 hlineto
            -172 -153 32 -30 rlineto
            return
          
    </CharString>
    
          
    <CharString index="13">
        
            rmoveto
            -97 callsubr
            return
          
    </CharString>
    
          
    <CharString index="14">
        
            rmoveto
            2 hlineto
            172 151 -32 31 -137 -120 -137 121 -39 -38 rlineto
            return
          
    </CharString>
    
          
    <CharString index="15">
        
            rmoveto
            20 27 -56 43 -85 84 -46 53 rlinecurve
            -50 -52 56 -49 96 -68 65 -38 rlinecurve
            return
          
    </CharString>
    
          
    <CharString index="16">
        
            rmoveto
            47 44 51 86 35 hvcurveto
            -37 16 rlineto
            -62 -27 -27 -40 -29 -45 -37 110 -64 hhcurveto
            -48 -43 -51 -86 -36 hvcurveto
            37 -15 rlineto
            61 26 28 40 29 45 38 -110 64 hhcurveto
            return
          
    </CharString>
    
          
    <CharString index="17">
        
            -95 callgsubr
            endchar
          
    </CharString>
    
          
    <CharString index="18">
        
            rmoveto
            19 -44 rlineto
            151 60 73 90 112 vvcurveto
            103 -62 54 -87 -81 -69 -54 -82 -119 147 -32 99 86 vhcurveto
            -13 -74 -54 -54 -123 -46 rrcurveto
            -8 243 rmoveto
            55 45 35 52 61 43 -40 -81 vhcurveto
            -7 vlineto
            -91 -70 -110 20 88 vvcurveto
            endchar
          
    </CharString>
    
          
    <CharString index="19">
        
            -59 callsubr
            -76 -143 -35 callsubr
            return
          
    </CharString>
    
          
    <CharString index="20">
        
            138 98 75 67 78 vvcurveto
            65 -59 52 -203 -2 vhcurveto
            -4 -44 rlineto
            168 -3 48 -31 -50 vvcurveto
            -65 -81 -63 -149 -105 vhcurveto
            return
          
    </CharString>
    
          
    <CharString index="21">
        
            rmoveto
            7 hlineto
            33 -106 31 -105 31 -106 rrcurveto
            -197 hlineto
            31 105 32 106 32 106 rrcurveto
            endchar
          
    </CharString>
    
          
    <CharString index="22">
        
            12 75 55 54 123 48 -18 43 rcurveline
            -151 -59 -72 -91 -112 vvcurveto
            -102 61 -55 87 vhcurveto
            6 43 rmoveto
            -62 -44 39 82 hvcurveto
            5 vlineto
            return
          
    </CharString>
    
          
    <CharString index="23">
        
            721 -107 callsubr
            return
          
    </CharString>
    
          
    <CharString index="24">
        
            -175 hlineto
            -1 120 -2 105 -1 91 53 39 73 27 107 8 rrcurveto
            hintmask 11010000
            -3 64 -105 -11 -78 -40 -49 -47 rlinecurve
            hintmask 10110000
            -1 23 -3 45 -1 13 rrcurveto
            -178 hlineto
            -5 -43 128 -7 3 -104 1 -123 3 -160 rlinecurve
            -137 hlineto
            return
          
    </CharString>
    
          
    <CharString index="25">
        
            -4 42 rlineto
            -263 -45 hlineto
            205 1 rlineto
            -2 vlineto
            -170 -133 -1 -26 rlineto
            return
          
    </CharString>
    
          
    <CharString index="26">
        
            -29 callsubr
            -34 callsubr
            vhcurveto
            -40 callgsubr
            return
          
    </CharString>
    
          
    <CharString index="27">
        
            219 -132 -74 callgsubr
            -63 hlineto
            return
          
    </CharString>
    
          
    <CharString index="28">
        
            11 callsubr
            -72 callgsubr
            return
          
    </CharString>
    
          
    <CharString index="29">
        
            165 -10 53 -29 -37 vvcurveto
            -46 -61 -31 -167 -13 vhcurveto
            4 -47 rlineto
            return
          
    </CharString>
    
          
    <CharString index="30">
        
            149 -322 44 116 vvcurveto
            56 61 47 227 -14 vhcurveto
            -4 58 rlineto
            -254 15 -93 -87 -86 -145 322 -41 -122 vvcurveto
            -64 -86 -61 -237 21 vhcurveto
            return
          
    </CharString>
    
          
    <CharString index="31">
        
            -79 callsubr
            hlineto
            endchar
          
    </CharString>
    
          
    <CharString index="32">
        
            92 45 -69 -101 -2 hvcurveto
            -288 -8 rlineto
            112 6 58 66 89 hhcurveto
            endchar
          
    </CharString>
    
          
    <CharString index="33">
        
            rmoveto
            -1 -60 rlineto
            279 -17 108 99 92 -77 callsubr
            return
          
    </CharString>
    
          
    <CharString index="34">
        
            201 6 75 52 64 vvcurveto
            48 -46 41 -135 19 vhcurveto
            173 133 return
          
    </CharString>
    
          
    <CharString index="35">
        
            -49 callsubr
            2 callsubr
            vhcurveto
            -10 callsubr
            return
          
    </CharString>
    
          
    <CharString index="36">
        
            -57 callgsubr
            rlineto
            266 -17 84 78 75 -31 callsubr
            return
          
    </CharString>
    
          
    <CharString index="37">
        
            rmoveto
            5 53 -162 3 -38 54 -1 123 rlinecurve
            211 5 rlineto
            161 11 -43 97 -87 hhcurveto
            -55 -41 -35 -60 -24 hvcurveto
            hintmask 10110111
            -26 64 -60 22 -117 7 -5 -53 rcurveline
            142 -10 36 -30 3 -128 rrcurveto
            -131 -4 -71 -54 -96 vvcurveto
            -77 44 -42 59 60 46 39 42 27 vhcurveto
            34 -51 65 -27 118 -3 rrcurveto
            hintmask 10101111
            -114 444 rmoveto
            53 22 -57 -111 -2 hvcurveto
            hintmask 11001111
            -155 -4 rlineto
            117 3 28 55 51 hhcurveto
            -215 -393 rmoveto
            -38 -27 25 57 69 50 27 93 1 hvcurveto
            -43 4 -38 12 -33 vhcurveto
            -37 -23 -32 -28 -39 hhcurveto
            endchar
          
    </CharString>
    
          
    <CharString index="38">
        
            365 37 callsubr
            -83 callsubr
            endchar
          
    </CharString>
    
          
    <CharString index="39">
        
            -70 callgsubr
            135 -717 rmoveto
            55 3 rlineto
            55 callsubr
            -99 callgsubr
            vhcurveto
            76 callgsubr
            79 62 37 37 40 hvcurveto
            -66 callsubr
            hvcurveto
            55 callsubr
            -16 callsubr
            vhcurveto
            -59 callgsubr
          
    </CharString>
    
          
    <CharString index="40">
        
            77 callgsubr
            -62 callsubr
            -184 87 -137 314 19 vhcurveto
            endchar
          
    </CharString>
    
          
    <CharString index="41">
        
            2 -21 3 -29 1 -14 rrcurveto
            -165 40 rmoveto
            -67 -45 32 57 return
          
    </CharString>
    
          
    <CharString index="42">
        
            -52 callsubr
            -1 103 -20 79 -39 54 41 72 rcurveline
            -41 22 -32 -59 rlineto
            28 -34 -41 15 -49 -43 callgsubr
            -104 21 -80 40 -53 hvcurveto
            -40 -71 41 -22 32 58 rlineto
            -28 33 41 -14 49 hhcurveto
            -154 327 rmoveto
            176 57 94 104 43 35 -15 -30 27 vhcurveto
            -232 -415 rlineto
            -22 46 -12 63 81 vvcurveto
            165 -274 rmoveto
            -43 -36 15 30 -26 hvcurveto
            232 414 rlineto
            22 -45 12 -64 -80 vvcurveto
            -176 -58 -94 -103 vhcurveto
            endchar
          
    </CharString>
    
          
    <CharString index="43">
        
            143 -15 49 -30 -35 vvcurveto
            -39 -60 -28 -171 -6 vhcurveto
            return
          
    </CharString>
    
          
    <CharString index="44">
        
            -48 callsubr
            172 -852 -107 callgsubr
          
    </CharString>
    
          
    <CharString index="45">
        
            -273 -11 -70 98 170 vvcurveto
            147 56 104 281 8 vhcurveto
            -4 60 rlineto
            -301 -12 -96 -147 -169 vvcurveto
            return
          
    </CharString>
    
          
    <CharString index="46">
        
            -11 callgsubr
            -70 callgsubr
            return
          
    </CharString>
    
          
    <CharString index="47">
        
            63 208 hlineto
            202 412 rlineto
            -65 hlineto
            -166 -353 -169 354 -67 -2 202 -413 rlineto
            endchar
          
    </CharString>
    
          
    <CharString index="48">
        
            138 425 -94 callsubr
            return
          
    </CharString>
    
          
    <CharString index="49">
        
            rmoveto
            20 -53 rlineto
            hintmask 10101000
            226 72 81 68 66 vvcurveto
            hintmask 11010000
            75 -102 44 48 vvcurveto
            31 38 28 131 10 vhcurveto
            2 45 rlineto
            hintmask 10110000
            -117 6 -49 35 39 49 94 44 78 vvcurveto
            73 -78 46 -223 72 vhcurveto
            -21 -52 rlineto
            184 -56 77 -40 -56 -62 -90 -42 -62 vvcurveto
            -39 33 -40 85 -20 vhcurveto
            hintmask 11010000
            -87 -22 -33 -41 -37 vvcurveto
            hintmask 10101000
            -56 98 -49 -56 vvcurveto
            -47 -81 -45 -188 -54 vhcurveto
            endchar
          
    </CharString>
    
          
    <CharString index="50">
        
            rmoveto
            21 51 rlineto
            -184 57 -77 40 56 62 89 42 62 vvcurveto
            38 -32 41 -82 20 vhcurveto
            hintmask 10101000
            85 22 32 41 36 vvcurveto
            hintmask 11010000
            57 -98 50 55 vvcurveto
            48 80 44 189 54 vhcurveto
            -19 53 rlineto
            -227 -72 -82 -68 -67 vvcurveto
            hintmask 10101000
            -73 102 -45 -48 vvcurveto
            -31 -37 -27 -132 -11 vhcurveto
            -1 -45 rlineto
            hintmask 10110000
            116 -6 49 -35 -39 -49 -94 -44 -78 vvcurveto
            -73 79 -46 223 -72 vhcurveto
            endchar
          
    </CharString>
    
          
    <CharString index="51">
        
            703 -93 callgsubr
            return
          
    </CharString>
    
          
    <CharString index="52">
        
            rmoveto
            5 53 rlineto
            -171 3 -48 24 90 vvcurveto
            275 209 48 -209 143 vlineto
            -60 -6 rlineto
            -137 -94 vlineto
            -8 -48 rlineto
            102 -285 hlineto
            -116 70 -45 204 1 vhcurveto
            return
          
    </CharString>
    
          
    <CharString index="53">
        
            4 callsubr
            223 -3 callgsubr
            -208 20 callsubr
            -177 -22 callsubr
            74 101 29 28 -5 -10 -3 callsubr
          
    </CharString>
    
          
    <CharString index="54">
        
            54 -27 51 -25 -38 vvcurveto
            -34 -37 -28 -60 vhcurveto
            endchar
          
    </CharString>
    
          
    <CharString index="55">
        
            rmoveto
            144 92 121 215 -1 hvcurveto
            return
          
    </CharString>
    
          
    <CharString index="56">
        
            686 -92 callsubr
            return
          
    </CharString>
    
          
    <CharString index="57">
        
            -328 -279 rlineto
            -53 vlineto
            333 -283 return
          
    </CharString>
    
          
    <CharString index="58">
        
            423 -63 -431 vlineto
            -104 -42 -45 -86 return
          
    </CharString>
    
          
    <CharString index="59">
        
            rmoveto
            -61 callsubr
            return
          
    </CharString>
    
          
    <CharString index="60">
        
            -59 206 -62 205 -67 208 return
          
    </CharString>
    
          
    <CharString index="61">
        
            rmoveto
            28 -11 62 91 12 80 -16 78 rlinecurve
            -73 -2 22 -73 10 -71 -45 -92 rlinecurve
            return
          
    </CharString>
    
          
    <CharString index="62">
        
            92 71 110 -21 -88 vvcurveto
            -55 -44 -33 -52 vhcurveto
            endchar
          
    </CharString>
    
          
    <CharString index="63">
        
            -50 callsubr
            36 42 return
          
    </CharString>
    
          
    <CharString index="64">
        
            rmoveto
            -193 236 vlineto
            11 callsubr
            -185 236 156 48 -156 228 181 54 -282 hlineto
            -73 -206 -71 -207 -69 -207 rrcurveto
            63 hlineto
            20 63 21 65 22 65 rrcurveto
            125 373 rmoveto
            6 -325 -115 hlineto
            36 109 37 110 36 106 rrcurveto
            endchar
          
    </CharString>
    
          
    <CharString index="65">
        
            -164 650 -208 hlineto
            -6 -43 153 -7 rlineto
            -600 -163 vlineto
            return
          
    </CharString>
    
          
    <CharString index="66">
        
            -60 -35 29 38 35 32 29 55 21 hvcurveto
            return
          
    </CharString>
    
          
    <CharString index="67">
        
            95 60 50 56 49 -51 30 -55 27 hvcurveto
            return
          
    </CharString>
    
          
    <CharString index="68">
        
            rmoveto
            62 hlineto
            5 -8 callsubr
            return
          
    </CharString>
    
          
    <CharString index="69">
        
            -37 callsubr
            119 -58 49 -90 return
          
    </CharString>
    
          
    <CharString index="70">
        
            rmoveto
            69 41 -36 -99 hvcurveto
            -308 60 327 vlineto
            return
          
    </CharString>
    
          
    <CharString index="71">
        
            -12 50 193 42 166 54 return
          
    </CharString>
    
          
    <CharString index="72">
        
            rmoveto
            -43 426 43 vlineto
            return
          
    </CharString>
    
          
    <CharString index="73">
        
            57 33 -26 -36 -35 -31 -26 -52 -22 return
          
    </CharString>
    
          
    <CharString index="74">
        
            -35 callgsubr
            hstem
            110 63 return
          
    </CharString>
    
          
    <CharString index="75">
        
            hstemhm
            128 50 -42 51 179 49 return
          
    </CharString>
    
          
    <CharString index="76">
        
            125 -280 18 91 vvcurveto
            42 51 43 212 -20 vhcurveto
            return
          
    </CharString>
    
          
    <CharString index="77">
        
            44 326 43 hstem
            115 51 218 51 vstem
            269 return
          
    </CharString>
    
          
    <CharString index="78">
        
            -80 60 callsubr
            30 31 27 58 return
          
    </CharString>
    
          
    <CharString index="79">
        
            rmoveto
            42 -40 rlineto
            219 175 88 148 144 vvcurveto
            141 -87 145 -216 174 vhcurveto
            -42 -42 rlineto
            206 -159 79 -132 -129 vvcurveto
            -131 -79 -133 -210 -161 vhcurveto
            endchar
          
    </CharString>
    
          
    <CharString index="80">
        
            16 callsubr
            225 174 215 -46 38 -171 -223 rlineto
            231 -63 16 callsubr
            224 174 216 -45 38 -171 -223 rlineto
            endchar
          
    </CharString>
    
          
    <CharString index="81">
        
            vstem
            253 224 rmoveto
            190 -229 65 10 -201 245 67 73 63 78 60 81 rlinecurve
            -62 5 -57 -77 -58 -72 -65 -68 rlinecurve
            -85 -2 rlineto
            435 vlineto
            -60 -5 rlineto
            -698 60 222 vlineto
            return
          
    </CharString>
    
          
    <CharString index="82">
        
            8 callsubr
            -622 1 callsubr
            -63 -12 rmoveto
            25 callsubr
            521 vlineto
            25 callgsubr
            endchar
          
    </CharString>
    
          
    <CharString index="83">
        
            hstem
            49 63 326 63 vstem
            return
          
    </CharString>
    
          
    <CharString index="84">
        
            -12 52 540 52 hstem
            60 60 310 61 vstem
            269 -12 rmoveto
            135 87 132 199 195 -75 118 -134 -136 -86 -131 -200 -195 75 -118 134 hvcurveto
            return
          
    </CharString>
    
          
    <CharString index="85">
        
            -143 80 -87 106 62 51 29 33 36 hvcurveto
            -127 -10 rmoveto
            -86 -61 66 128 135 80 return
          
    </CharString>
    
          
    <CharString index="86">
        
            -23 callgsubr
            -7 callsubr
            return
          
    </CharString>
    
          
    <CharString index="87">
        
            -51 -32 27 37 37 31 27 52 hvcurveto
            return
          
    </CharString>
    
          
    <CharString index="88">
        
            132 rlineto
            return
          
    </CharString>
    
          
    <CharString index="89">
        
            45 hstemhm
            135 293 -52 53 hintmask 10100000
            188 return
          
    </CharString>
    
          
    <CharString index="90">
        
            -12 callsubr
            309 60 vstem
            return
          
    </CharString>
    
          
    <CharString index="91">
        
            76 71 43 195 -20 return
          
    </CharString>
    
          
    <CharString index="92">
        
            57 hintmask 11100000
            5 callsubr
            144 -121 rlineto
            return
          
    </CharString>
    
          
    <CharString index="93">
        
            vstem
            233 288 rmoveto
            211 -293 68 9 -226 312 212 304 rlineto
            -67 hlineto
            -195 -282 rlineto
            -74 282 -62 -620 62 288 hlineto
            return
          
    </CharString>
    
          
    <CharString index="94">
        
            37 callgsubr
            hstem
            371 49 vstem
            140 return
          
    </CharString>
    
          
    <CharString index="95">
        
            -4 callsubr
            65 callgsubr
            return
          
    </CharString>
    
          
    <CharString index="96">
        
            44 254 113 hstem
            return
          
    </CharString>
    
          
    <CharString index="97">
        
            417 -62 -424 vlineto
            return
          
    </CharString>
    
          
    <CharString index="98">
        
            hstem
            89 61 244 60 vstem
            return
          
    </CharString>
    
          
    <CharString index="99">
        
            -19 callsubr
            -64 hlineto
            return
          
    </CharString>
    
          
    <CharString index="100">
        
            5 -50 rlineto
            113 16 58 35 47 vvcurveto
            return
          
    </CharString>
    
          
    <CharString index="101">
        
            -113 2 -162 -207 vvcurveto
            return
          
    </CharString>
    
          
    <CharString index="102">
        
            80 callsubr
            288 59 vstem
            return
          
    </CharString>
    
          
    <CharString index="103">
        
            -14 51 409 51 return
          
    </CharString>
    
          
    <CharString index="104">
        
            30 hvcurveto
            -150 1 -97 2 -93 vhcurveto
            -27 -34 -45 -21 -45 hhcurveto
            endchar
          
    </CharString>
    
          
    <CharString index="105">
        
            vstem
            120 hmoveto
            -16 callgsubr
            return
          
    </CharString>
    
          
    <CharString index="106">
        
            -15 55 -4 callgsubr
            return
          
    </CharString>
    
          
    <CharString index="107">
        
            289 45 -227 hlineto
            return
          
    </CharString>
    
          
    <CharString index="108">
        
            vlineto
            263 -42 141 121 245 vvcurveto
            return
          
    </CharString>
    
          
    <CharString index="109">
        
            -82 -51 51 112 return
          
    </CharString>
    
          
    <CharString index="110">
        
            45 callsubr
            -443 -52 hlineto
            963 hmoveto
            1 52 rlineto
            -442 61 callgsubr
            return
          
    </CharString>
    
          
    <CharString index="111">
        
            rmoveto
            4 -52 58 4 rlineto
            -5 112 -2 156 210 vvcurveto
            return
          
    </CharString>
    
          
    <CharString index="112">
        
            133 595 rmoveto
            -36 -43 return
          
    </CharString>
    
          
    <CharString index="113">
        
            -19 hlineto
            hintmask 1010000001010000111100100110100010100110
            -6 2 -3 5 4 2 2 4 1 vhcurveto
            5 hlineto
            -6 -1 -4 -5 -8 hhcurveto
            return
          
    </CharString>
    
          
    <CharString index="114">
        
            10 callsubr
            29 callsubr
            return
          
    </CharString>
    
          
    <CharString index="115">
        
            rmoveto
            237 -114 103 -290 -42 vhcurveto
            return
          
    </CharString>
    
          
    <CharString index="116">
        
            136 43 163 47 return
          
    </CharString>
    
          
    <CharString index="117">
        
            0 47 391 46 return
          
    </CharString>
    
          
    <CharString index="118">
        
            6 54 rlineto
            return
          
    </CharString>
    
          
    <CharString index="119">
        
            rmoveto
            249 -227 41 42 -241 216 245 214 -40 43 -250 -225 rlineto
            endchar
          
    </CharString>
    
          
    <CharString index="120">
        
            -6 53 177 43 -37 39 166 53 -50 52 hstemhm
            39 59 143 55 155 56 hintmask 10101111
            return
          
    </CharString>
    
          
    <CharString index="121">
        
            0 76 hstem
            59 62 312 59 vstem
            return
          
    </CharString>
    
          
    <CharString index="122">
        
            -171 56 149 50 359 52 return
          
    </CharString>
    
          
    <CharString index="123">
        
            rmoveto
            172 -227 47 35 -173 return
          
    </CharString>
    
          
    <CharString index="124">
        
            -9 callgsubr
            -1010 return
          
    </CharString>
    
          
    <CharString index="125">
        
            0 50 520 50 return
          
    </CharString>
    
          
    <CharString index="126">
        
            27 callgsubr
            496 323 8 callsubr
            return
          
    </CharString>
    
          
    <CharString index="127">
        
            vlineto
            3 -19 -19 2 -21 hhcurveto
            -143 -127 -100 return
          
    </CharString>
    
          
    <CharString index="128">
        
            hlineto
            -2 callgsubr
            return
          
    </CharString>
    
          
    <CharString index="129">
        
            2 callsubr
            hvcurveto
            48 callgsubr
          
    </CharString>
    
          
    <CharString index="130">
        
            43 hstem
            9 callsubr
            vstem
            388 return
          
    </CharString>
    
          
    <CharString index="131">
        
            rmoveto
            96 hlineto
            2 101 rlineto
            -97 hlineto
            return
          
    </CharString>
    
          
    <CharString index="132">
        
            -194 -92 -95 -188 28 vhcurveto
            return
          
    </CharString>
    
          
    <CharString index="133">
        
            -3 54 516 60 hstem
            69 64 return
          
    </CharString>
    
          
    <CharString index="134">
        
            0 106 420 94 hstem
            86 58 return
          
    </CharString>
    
          
    <CharString index="135">
        
            -6 56 516 58 hstem
            90 63 return
          
    </CharString>
    
          
    <CharString index="136">
        
            hstem
            264 61 vstem
            return
          
    </CharString>
    
          
    <CharString index="137">
        
            88 callsubr
            -50 callsubr
            return
          
    </CharString>
    
          
    <CharString index="138">
        
            -10 callgsubr
            59 57 callgsubr
            hstem
            142 58 callgsubr
            vstem
            return
          
    </CharString>
    
          
    <CharString index="139">
        
            rmoveto
            -262 hlineto
            -1 -51 rlineto
            320 871 -319 -52 262 hlineto
            endchar
          
    </CharString>
    
          
    <CharString index="140">
        
            39 callgsubr
            vhcurveto
            return
          
    </CharString>
    
          
    <CharString index="141">
        
            0 55 510 55 hstem
            70 413 vstem
            return
          
    </CharString>
    
          
    <CharString index="142">
        
            hintmask 1010000001010000111100100100010010100110
            return
          
    </CharString>
    
          
    <CharString index="143">
        
            382 37 callsubr
            return
          
    </CharString>
    
          
    <CharString index="144">
        
            hlineto
            6 47 rlineto
            return
          
    </CharString>
    
          
    <CharString index="145">
        
            -32 callgsubr
            -355 -227 -35 callsubr
            return
          
    </CharString>
    
          
    <CharString index="146">
        
            rmoveto
            6 50 rlineto
            -88 10 -34 16 25 vvcurveto
            24 30 32 108 52 vhcurveto
            return
          
    </CharString>
    
          
    <CharString index="147">
        
            306 41 callgsubr
            return
          
    </CharString>
    
          
    <CharString index="148">
        
            rlineto
            54 vlineto
            668 278 25 -43 -605 41 callgsubr
            return
          
    </CharString>
    
          
    <CharString index="149">
        
            hlineto
            -286 -242 -20 callgsubr
            endchar
          
    </CharString>
    
          
    <CharString index="150">
        
            -9 2 -3 4 4 2 3 9 vhcurveto
            return
          
    </CharString>
    
          
    <CharString index="151">
        
            389 50 -50 53 hstemhm
            111 62 return
          
    </CharString>
    
          
    <CharString index="152">
        
            rmoveto
            -2 callgsubr
            return
          
    </CharString>
    
          
    <CharString index="153">
        
            45 hstemhm
            156 59 -56 62 32 57 -52 55 hintmask 10110000
            461 return
          
    </CharString>
    
          
    <CharString index="154">
        
            rmoveto
            49 callgsubr
          
    </CharString>
    
          
    <CharString index="155">
        
            45 hstemhm
            239 54 -52 57 33 61 -55 58 hintmask 10110000
            68 return
          
    </CharString>
    
          
    <CharString index="156">
        
            rmoveto
            -56 -5 rlineto
            -881 56 vlineto
            return
          
    </CharString>
    
          
    <CharString index="157">
        
            8 -2 3 -4 -4 -2 -3 -8 return
          
    </CharString>
    
          
    <CharString index="158">
        
            -12 52 403 52 65 callgsubr
            return
          
    </CharString>
    
          
    <CharString index="159">
        
            hintmask 1001000001010000111100100110100010100110
            return
          
    </CharString>
    
          
    <CharString index="160">
        
            6 51 rlineto
            -88 10 -34 return
          
    </CharString>
    
          
    <CharString index="161">
        
            306 258 -36 43 return
          
    </CharString>
    
          
    <CharString index="162">
        
            hintmask 1111111010000000
            return
          
    </CharString>
    
          
    <CharString index="163">
        
            83 22 callgsubr
            return
          
    </CharString>
    
          
    <CharString index="164">
        
            264 52 hstem
            return
          
    </CharString>
    
          
    <CharString index="165">
        
            hlineto
            hintmask 11010000
            101 -85 rlineto
            -8 vlineto
            -92 -78 80 callgsubr
            return
          
    </CharString>
    
          
    <CharString index="166">
        
            17 callgsubr
            56 callgsubr
            return
          
    </CharString>
    
          
    <CharString index="167">
        
            316 rmoveto
            return
          
    </CharString>
    
          
    <CharString index="168">
        
            28 callsubr
            259 63 vstem
            return
          
    </CharString>
    
          
    <CharString index="169">
        
            88 hlineto
            5 101 rlineto
            -88 hlineto
            return
          
    </CharString>
    
          
    <CharString index="170">
        
            hstem
            72 60 266 60 vstem
            return
          
    </CharString>
    
          
    <CharString index="171">
        
            244 63 vstem
            return
          
    </CharString>
    
          
    <CharString index="172">
        
            50 769 51 hstem
            143 58 vstem
            143 return
          
    </CharString>
    
          
    <CharString index="173">
        
            10 hlineto
            6 -1 3 -4 -3 -2 -2 -7 vhcurveto
            return
          
    </CharString>
    
          
    <CharString index="174">
        
            51 768 52 hstem
            351 57 vstem
            351 return
          
    </CharString>
    
          
    <CharString index="175">
        
            -9 55 521 60 return
          
    </CharString>
    
          
    <CharString index="176">
        
            264 rlineto
            8 vlineto
            return
          
    </CharString>
    
          
    <CharString index="177">
        
            56 3 rlineto
            return
          
    </CharString>
    
          
    <CharString index="178">
        
            -61 1 rlineto
            -166 vlineto
            -176 3 -3 return
          
    </CharString>
    
          
    <CharString index="179">
        
            90 callgsubr
            63 callgsubr
            return
          
    </CharString>
    
          
    <CharString index="180">
        
            rmoveto
            93 hlineto
            3 96 rlineto
            -94 hlineto
            endchar
          
    </CharString>
    
          
    <CharString index="181">
        
            hintmask 1001000100010000111100100100100010101110
            return
          
    </CharString>
    
          
    <CharString index="182">
        
            -312 -264 35 -42 return
          
    </CharString>
    
          
    <CharString index="183">
        
            hstem
            127 48 return
          
    </CharString>
    
          
    <CharString index="184">
        
            -181 898 return
          
    </CharString>
    
          
    <CharString index="185">
        
            -205 1099 hstem
            -20 629 vstem
            return
          
    </CharString>
    
          
    <CharString index="186">
        
            -58 49 -90 -66 -53 -28 -31 -41 vhcurveto
            return
          
    </CharString>
    
          
    <CharString index="187">
        
            hstem
            71 60 return
          
    </CharString>
    
          
    <CharString index="188">
        
            5 hlineto
            hintmask 1001000001010000111010100100100010100110
            return
          
    </CharString>
    
          
    <CharString index="189">
        
            hhcurveto
            84 62 -70 -126 -133 return
          
    </CharString>
    
          
    <CharString index="190">
        
            -51 24 -469 -879 54 -19 return
          
    </CharString>
    
          
    <CharString index="191">
        
            vvcurveto
            -46 54 callgsubr
            return
          
    </CharString>
    
          
    <CharString index="192">
        
            rmoveto
            53 callsubr
            16 return
          
    </CharString>
    
          
    <CharString index="193">
        
            hlineto
            -193 164 -36 -43 rlineto
            return
          
    </CharString>
    
          
    <CharString index="194">
        
            220 44 190 45 vstem
            46 return
          
    </CharString>
    
          
    <CharString index="195">
        
            8 vlineto
            54 callsubr
            return
          
    </CharString>
    
          
    <CharString index="196">
        
            49 451 vstem
            return
          
    </CharString>
    
          
    <CharString index="197">
        
            425 rmoveto
            return
          
    </CharString>
    
        
</Subrs>