<Glyph name="ampersand_ampersand.liga" lsb="-432" width="550">
    <CharString>
        -12 67 501 76 hstemhm
        -269 80 227 77 -4 80 hintmask 11110000
        316 169 rmoveto
        {78109b05} callsubr
        -79 -50 -44 -56 -8 -65 -14 16 rcurveline
        {78109b05} callsubr
        {63e41646} callsubr
        22 -27 47 -52 67 -22 rrcurveto
        -6 17 20 -4 23 hhcurveto
        64 -1 69 35 51 77 28 -34 31 -37 32 -41 65 51 rcurveline
        -41 50 -37 43 -33 38 rrcurveto
        -587 -114 {d2b30628} callgsubr
        380 hmoveto
        -55 -29 39 53 hvcurveto
        hintmask 11101000
        47 28 49 59 42 vhcurveto
        {71578616} callgsubr
        endchar
    </CharString>
    <Subrs>
        <CharString index="0" fingerprint="78109b05">
            {1ffac2b6} callsubr
            {6ff78137} callsubr
            return
        </CharString>
        <CharString index="1" fingerprint="1ffac2b6">
            33 59 32 79 22 89 -70 9 rcurveline
            -14 -68 -21 -66 -23 -54 rrcurveto
            return
        </CharString>
        <CharString index="2" fingerprint="6ff78137">
            -119 136 -55 59 52 vvcurveto
            54 42 46 163 -8 vhcurveto
            -6 76 rlineto
            -213 4 -66 -91 -86 vvcurveto
            -43 20 -40 40 -52 vhcurveto
            return
        </CharString>
        <CharString index="3" fingerprint="78109b05">
            {1ffac2b6} callsubr
            {6ff78137} callsubr
            return
        </CharString>
        <CharString index="4" fingerprint="63e41646">
            -88 -56 -45 -63 -75 vvcurveto
            -80 49 -62 95 64 64 34 77 51 vhcurveto
            return
        </CharString>
    </Subrs>
    <GlobalSubrs>
        <CharString index="0" fingerprint="d2b30628">
            rmoveto
            -55 -29 39 53 47 28 49 59 42 hvcurveto
            {71578616} callgsubr
            return
        </CharString>
        <CharString index="1" fingerprint="71578616">
            32 -38 41 -46 48 -57 rrcurveto
            -61 -39 -43 -28 -42 hhcurveto
            return
        </CharString>
    </GlobalSubrs>
</Glyph>