<Glyph name="equal_equal.liga" lsb="-472" width="550">
    <CharString>
        {806e0ede} callsubr
        -472 944 vstem
        471 373 {b0478dca} callsubr
        -944 -69 hlineto
        943 {dbbb91b3} callgsubr
        -944 -69 hlineto
        endchar
    </CharString>
    <Subrs>
        <CharString index="0" fingerprint="806e0ede">
            {03f44ce8} callgsubr
            hstem
            return
        </CharString>
        <CharString index="1" fingerprint="2a39309a">
            69 153 69 return
        </CharString>
        <CharString index="2" fingerprint="b0478dca">
            rmoveto
            {16905bc3} callsubr
            return
        </CharString>
        <CharString index="3" fingerprint="16905bc3">
            1 69 rlineto
            return
        </CharString>
    </Subrs>
    <GlobalSubrs>
        <CharString index="0" fingerprint="03f44ce8">
            151 {2a39309a} callsubr
            return
        </CharString>
        <CharString index="1" fingerprint="dbbb91b3">
            -222 {b0478dca} callsubr
            return
        </CharString>
    </GlobalSubrs>
</Glyph>