<Glyph name="equal_less_less.liga" lsb="-1022" width="550">
    <CharString>
        {f3caf16b} callgsubr
        -1022 1486 -688 75 235 75 hintmask 11011000
        -149 297 rmoveto
        {8a45f119} callsubr
        hintmask 11100000
        -936 -69 854 hlineto
        hintmask 11011000
        {80e97e3f} callsubr
        hintmask 11100000
        -842 -69 924 hlineto
        206 -173 46 57 rlineto
        hintmask 11011000
        -303 252 rlineto
        310 hmoveto
        10 vlineto
        299 248 {b5c7d737} callsubr
        rlineto
        hintmask 11100000
        46 57 rlineto
        endchar
    </CharString>
    <Subrs>
        <CharString index="0" fingerprint="2a39309a">
            69 153 69 return
        </CharString>
        <CharString index="1" fingerprint="8a45f119">
            299 248 -45 58 -191 -161 rlineto
            return
        </CharString>
        <CharString index="2" fingerprint="80e97e3f">
            -56 -47 rlineto
            -69 vlineto
            44 -37 rlineto
            return
        </CharString>
        <CharString index="3" fingerprint="b5c7d737">
            {f3a774e8} callsubr
            332 -279 return
        </CharString>
        <CharString index="4" fingerprint="f3a774e8">
            -45 58 -329 -277 rlineto
            -69 vlineto
            return
        </CharString>
    </Subrs>
    <GlobalSubrs>
        <CharString index="0" fingerprint="f3caf16b">
            {03f44ce8} callgsubr
            hstemhm
            return
        </CharString>
        <CharString index="1" fingerprint="03f44ce8">
            151 {2a39309a} callsubr
            return
        </CharString>
    </GlobalSubrs>
</Glyph>