<Glyph name="equal_greater.liga" lsb="-472" width="550">
    <CharString>
        {f3caf16b} callgsubr
        -472 937 -74 74 hintmask 11100000
        {d4d5756e} callgsubr
        -687 -69 771 hlineto
        hintmask 11010000
        {53342509} callsubr
        hintmask 11100000
        -782 -69 699 {6c481ea1} callsubr
        endchar
    </CharString>
    <Subrs>
        <CharString index="0" fingerprint="2a39309a">
            69 153 69 return
        </CharString>
        <CharString index="1" fingerprint="2e66eddf">
            602 rmoveto
            return
        </CharString>
        <CharString index="2" fingerprint="53342509">
            92 -76 rlineto
            -10 vlineto
            -81 -67 rlineto
            return
        </CharString>
        <CharString index="3" fingerprint="6c481ea1">
            hlineto
            -140 -116 {f9e588f2} callgsubr
            return
        </CharString>
    </Subrs>
    <GlobalSubrs>
        <CharString index="0" fingerprint="f3caf16b">
            {03f44ce8} callgsubr
            hstemhm
            return
        </CharString>
        <CharString index="1" fingerprint="03f44ce8">
            151 {2a39309a} callsubr
            return
        </CharString>
        <CharString index="2" fingerprint="d4d5756e">
            {d95d51dd} callgsubr
            124 -102 rlineto
            return
        </CharString>
        <CharString index="3" fingerprint="d95d51dd">
            138 {2e66eddf} callsubr
            -47 -58 return
        </CharString>
        <CharString index="4" fingerprint="f9e588f2">
            45 -57 333 280 rlineto
            69 vlineto
            return
        </CharString>
    </GlobalSubrs>
</Glyph>