<Glyph name="equal_equal_equal.liga" lsb="-1022" width="550">
    <CharString>
        40 69 153 {2a39309a} callsubr
        hstem
        -1022 1494 cntrmask 11100000
        471 484 {b0478dca} callsubr
        -1494 -69 hlineto
        1493 {dbbb91b3} callgsubr
        -1494 -69 hlineto
        1493 {dbbb91b3} callgsubr
        -1494 -69 hlineto
        endchar
    </CharString>
    <Subrs>
        <CharString index="0" fingerprint="2a39309a">
            69 153 69 return
        </CharString>
        <CharString index="1" fingerprint="b0478dca">
            rmoveto
            {16905bc3} callsubr
            return
        </CharString>
        <CharString index="2" fingerprint="16905bc3">
            1 69 rlineto
            return
        </CharString>
    </Subrs>
    <GlobalSubrs>
        <CharString index="0" fingerprint="dbbb91b3">
            -222 {b0478dca} callsubr
            return
        </CharString>
        <CharString index="1" fingerprint="dbbb91b3">
            -222 {b0478dca} callsubr
            return
        </CharString>
    </GlobalSubrs>
</Glyph>