<Glyph name="exclam_equal.liga" lsb="-472" width="550">
    <CharString>
        {749ae412} callsubr
        -575 {2a39309a} callsubr
        hstemhm
        -472 944 -762 534 hintmask 00110000
        76 373 rmoveto
        395 {9988f976} callgsubr
        -360 hlineto
        hintmask 00101000
        132 252 rlineto
        hintmask 10001000
        -69 32 rlineto
        hintmask 00101000
        -149 -284 rlineto
        -498 -69 462 hlineto
        hintmask 01101000
        -81 -153 rlineto
        -381 -69 345 hlineto
        -163 -311 rlineto
        hintmask 10001000
        71 -29 rlineto
        hintmask 01101000
        178 340 rlineto
        512 {9988f976} callgsubr
        -477 hlineto
        endchar
    </CharString>
    <Subrs>
        <CharString index="0" fingerprint="749ae412">
            -189 915 return
        </CharString>
        <CharString index="1" fingerprint="2a39309a">
            69 153 69 return
        </CharString>
        <CharString index="2" fingerprint="16905bc3">
            1 69 rlineto
            return
        </CharString>
    </Subrs>
    <GlobalSubrs>
        <CharString index="0" fingerprint="9988f976">
            hlineto
            {16905bc3} callsubr
            return
        </CharString>
        <CharString index="1" fingerprint="9988f976">
            hlineto
            {16905bc3} callsubr
            return
        </CharString>
    </GlobalSubrs>
</Glyph>