<Glyph name="less_hyphen_hyphen.liga" lsb="-1014" width="550">
    <CharString>
        {05172461} callsubr
        -1014 1450 vstem
        436 327 rmoveto
        -1339 hlineto
        263 218 {a2b8be51} callgsubr
        1334 hlineto
        endchar
    </CharString>
    <Subrs>
        <CharString index="0" fingerprint="05172461">
            258 69 hstem
            return
        </CharString>
        <CharString index="1" fingerprint="b5c7d737">
            {f3a774e8} callsubr
            332 -279 return
        </CharString>
        <CharString index="2" fingerprint="f3a774e8">
            -45 58 -329 -277 rlineto
            -69 vlineto
            return
        </CharString>
    </Subrs>
    <GlobalSubrs>
        <CharString index="0" fingerprint="a2b8be51">
            {5a448ea3} callgsubr
            -268 223 rlineto
            return
        </CharString>
        <CharString index="1" fingerprint="5a448ea3">
            {b5c7d737} callsubr
            46 57 return
        </CharString>
    </GlobalSubrs>
</Glyph>