<Glyph name="less_equal_greater.liga" lsb="-1014" width="550">
    <CharString>
        {e5de916d} callgsubr
        1479 -74 74 hintmask 11010000
        {d4d5756e} callgsubr
        -979 {4e43c992} callgsubr
        1002 {e779a49c} callsubr
        -1168 hlineto
        hintmask 11100000
        {0541aa7a} callsubr
        1146 {9b0fa5a4} callsubr
    </CharString>
    <Subrs>
        <CharString index="0" fingerprint="2a39309a">
            69 153 69 return
        </CharString>
        <CharString index="1" fingerprint="2e66eddf">
            602 rmoveto
            return
        </CharString>
        <CharString index="2" fingerprint="b5c7d737">
            {f3a774e8} callsubr
            332 -279 return
        </CharString>
        <CharString index="3" fingerprint="f3a774e8">
            -45 58 -329 -277 rlineto
            -69 vlineto
            return
        </CharString>
        <CharString index="4" fingerprint="e779a49c">
            {6c481ea1} callsubr
            hintmask 11001000
            -74 -40 rmoveto
            -81 -67 rlineto
            return
        </CharString>
        <CharString index="5" fingerprint="6c481ea1">
            hlineto
            -140 -116 {f9e588f2} callgsubr
            return
        </CharString>
        <CharString index="6" fingerprint="0541aa7a">
            -81 67 rlineto
            10 vlineto
            92 76 rlineto
            return
        </CharString>
        <CharString index="7" fingerprint="9b0fa5a4">
            hlineto
            hintmask 11001000
            92 -76 rlineto
            endchar
        </CharString>
    </Subrs>
    <GlobalSubrs>
        <CharString index="0" fingerprint="e5de916d">
            {f3caf16b} callgsubr
            -1014 75 -75 return
        </CharString>
        <CharString index="1" fingerprint="f3caf16b">
            {03f44ce8} callgsubr
            hstemhm
            return
        </CharString>
        <CharString index="2" fingerprint="03f44ce8">
            151 {2a39309a} callsubr
            return
        </CharString>
        <CharString index="3" fingerprint="d4d5756e">
            {d95d51dd} callgsubr
            124 -102 rlineto
            return
        </CharString>
        <CharString index="4" fingerprint="d95d51dd">
            138 {2e66eddf} callsubr
            -47 -58 return
        </CharString>
        <CharString index="5" fingerprint="4e43c992">
            hlineto
            124 103 {5a448ea3} callgsubr
            -139 116 rlineto
            return
        </CharString>
        <CharString index="6" fingerprint="5a448ea3">
            {b5c7d737} callsubr
            46 57 return
        </CharString>
        <CharString index="7" fingerprint="f9e588f2">
            45 -57 333 280 rlineto
            69 vlineto
            return
        </CharString>
    </GlobalSubrs>
</Glyph>