<Glyph name="less_equal_less.liga" lsb="-1014" width="550">
    <CharString>
        {e5de916d} callgsubr
        1478 -378 75 hintmask 11101000
        418 -22 rmoveto
        hintmask 11010000
        46 57 -222 185 rlineto
        hintmask 11101000
        -81 67 rlineto
        10 vlineto
        {8a45f119} callsubr
        -988 {4e43c992} callgsubr
        987 hlineto
        -1070 69 rmoveto
        {0541aa7a} callsubr
        989 hlineto
        {80e97e3f} callsubr
        endchar
    </CharString>
    <Subrs>
        <CharString index="0" fingerprint="2a39309a">
            69 153 69 return
        </CharString>
        <CharString index="1" fingerprint="8a45f119">
            299 248 -45 58 -191 -161 rlineto
            return
        </CharString>
        <CharString index="2" fingerprint="b5c7d737">
            {f3a774e8} callsubr
            332 -279 return
        </CharString>
        <CharString index="3" fingerprint="f3a774e8">
            -45 58 -329 -277 rlineto
            -69 vlineto
            return
        </CharString>
        <CharString index="4" fingerprint="0541aa7a">
            -81 67 rlineto
            10 vlineto
            92 76 rlineto
            return
        </CharString>
        <CharString index="5" fingerprint="80e97e3f">
            -56 -47 rlineto
            -69 vlineto
            44 -37 rlineto
            return
        </CharString>
    </Subrs>
    <GlobalSubrs>
        <CharString index="0" fingerprint="e5de916d">
            {f3caf16b} callgsubr
            -1014 75 -75 return
        </CharString>
        <CharString index="1" fingerprint="f3caf16b">
            {03f44ce8} callgsubr
            hstemhm
            return
        </CharString>
        <CharString index="2" fingerprint="03f44ce8">
            151 {2a39309a} callsubr
            return
        </CharString>
        <CharString index="3" fingerprint="4e43c992">
            hlineto
            124 103 {5a448ea3} callgsubr
            -139 116 rlineto
            return
        </CharString>
        <CharString index="4" fingerprint="5a448ea3">
            {b5c7d737} callsubr
            46 57 return
        </CharString>
    </GlobalSubrs>
</Glyph>