<GlobalSubrs>
    
      
    <!-- The 'index' attribute is only for humans; it is ignored when parsed. -->
    
      
    <CharString index="0">
        
        -100 callgsubr
        68 -53 98 88 68 41 41 44 vhcurveto
        2 -23 4 -33 1 -15 rrcurveto
        -180 48 rmoveto
        -73 -49 -47 callsubr
        -58 1 -42 2 -38 vhcurveto
        -37 -45 -63 -29 -62 hhcurveto
        endchar
      
    </CharString>
    
      
    <CharString index="1">
        
        rmoveto
        22 -33 73 41 110 75 62 58 rlinecurve
        -61 57 -50 -63 -93 -89 -63 -46 rlinecurve
        return
      
    </CharString>
    
      
    <CharString index="2">
        
        rmoveto
        33 callgsubr
        -107 callgsubr
      
    </CharString>
    
      
    <CharString index="3">
        
        -48 callsubr
        172 -96 103 -134 -39 callsubr
        -173 97 -103 132 hvcurveto
        12 59 rmoveto
        -100 -69 83 148 139 69 79 97 100 70 -82 -147 -141 -69 -79 -98 hvcurveto
        endchar
      
    </CharString>
    
      
    <CharString index="4">
        
        -92 callsubr
        -81 callgsubr
        return
      
    </CharString>
    
      
    <CharString index="5">
        
        rmoveto
        77 71 61 101 62 hvcurveto
        -44 23 rlineto
        -82 -55 -45 -44 -60 hhcurveto
        -56 -41 36 94 -57 hvcurveto
        -51 -30 rlineto
        -107 61 64 -52 74 hhcurveto
        return
      
    </CharString>
    
      
    <CharString index="6">
        
        rmoveto
        8 61 -91 callsubr
        -174 92 -95 331 -5 hvcurveto
        -186 85 callgsubr
        return
      
    </CharString>
    
      
    <CharString index="7">
        
        -4 78 -3 71 117 vvcurveto
        205 -86 64 -303 11 vhcurveto
        -9 -62 246 -10 73 -37 7 -135 rlinecurve
        -244 18 -115 -83 -113 vvcurveto
        -87 return
      
    </CharString>
    
      
    <CharString index="8">
        
        rmoveto
        106 -383 rlineto
        81 hlineto
        17 130 24 262 14 296 rrcurveto
        -69 hlineto
        -7 -175 -19 -337 -10 -86 rrcurveto
        -3 hlineto
        -36 128 -38 140 -34 128 rrcurveto
        -48 hlineto
        -33 -126 -32 -125 -40 -145 rrcurveto
        -4 hlineto
        -9 86 -21 337 -7 175 rrcurveto
        -73 hlineto
        15 -296 22 -262 18 -130 rrcurveto
        83 hlineto
        endchar
      
    </CharString>
    
      
    <CharString index="9">
        
        rmoveto
        -101 callsubr
      
    </CharString>
    
      
    <CharString index="10">
        
        138 82 85 152 hvcurveto
        -83 callgsubr
        -152 79 -83 131 vhcurveto
        endchar
      
    </CharString>
    
      
    <CharString index="11">
        
        326 hlineto
        5 51 rlineto
        -129 407 hlineto
        -58 -5 rlineto
        -68 vlineto
        -138 -18 2 -44 136 9 72 callgsubr
        -144 vlineto
        return
      
    </CharString>
    
      
    <CharString index="12">
        
        -94 callgsubr
        endchar
      
    </CharString>
    
      
    <CharString index="13">
        
        38 callgsubr
        -103 callgsubr
        return
      
    </CharString>
    
      
    <CharString index="14">
        
        rmoveto
        3 hlineto
        192 168 -37 36 -152 -132 -151 132 -45 -43 rlineto
        return
      
    </CharString>
    
      
    <CharString index="15">
        
        rmoveto
        -96 callgsubr
        return
      
    </CharString>
    
      
    <CharString index="16">
        
        322 52 -249 90 callgsubr
        106 83 75 86 vvcurveto
        73 -66 58 -226 -2 vhcurveto
        -5 -52 rlineto
        186 -3 52 -34 -55 vvcurveto
        -71 -89 -70 -165 -115 vhcurveto
        return
      
    </CharString>
    
      
    <CharString index="17">
        
        rmoveto
        8 hlineto
        35 -116 35 -116 33 -116 rrcurveto
        -214 hlineto
        34 116 34 116 35 116 rrcurveto
        endchar
      
    </CharString>
    
      
    <CharString index="18">
        
        rmoveto
        22 -51 rlineto
        169 66 81 100 125 vvcurveto
        114 -69 61 -97 -90 -77 -61 -91 -132 163 -35 109 94 vhcurveto
        -14 -81 -59 -58 -138 -51 rrcurveto
        -5 268 rmoveto
        60 48 37 57 67 48 -43 -90 vhcurveto
        -7 vlineto
        -100 -76 -120 23 96 vvcurveto
        endchar
      
    </CharString>
    
      
    <CharString index="19">
        
        rmoveto
        60 -58 50 -184 15 vhcurveto
        10 119 rlineto
        212 hlineto
        6 52 rlineto
        -267 hlineto
        -16 -214 rlineto
        return
      
    </CharString>
    
      
    <CharString index="20">
        
        rmoveto
        -91 callgsubr
        return
      
    </CharString>
    
      
    <CharString index="21">
        
        -80 callgsubr
        -83 -160 -37 callgsubr
        return
      
    </CharString>
    
      
    <CharString index="22">
        
        -15 callgsubr
        -82 callgsubr
        return
      
    </CharString>
    
      
    <CharString index="23">
        
        -74 -43 -65 callgsubr
        65 -54 97 78 60 36 37 46 vhcurveto
        endchar
      
    </CharString>
    
      
    <CharString index="24">
        
        468 -73 -478 vlineto
        -114 -45 -49 -94 -90 -55 57 122 vhcurveto
        462 -73 -470 vlineto
        return
      
    </CharString>
    
      
    <CharString index="25">
        
        88 57 50 69 63 -60 51 -85 hvcurveto
        -47 vmoveto
        55 35 -29 -40 -41 -34 -29 -56 -55 -35 29 41 40 34 29 56 hvcurveto
        return
      
    </CharString>
    
      
    <CharString index="26">
        
        -187 -145 -1 -31 rlineto
        157 -15 55 -33 -39 vvcurveto
        -42 -66 -31 -189 -6 vhcurveto
        return
      
    </CharString>
    
      
    <CharString index="27">
        
        159 472 -92 callgsubr
        return
      
    </CharString>
    
      
    <CharString index="28">
        
        -192 hlineto
        -2 133 -2 114 -1 100 59 42 82 29 116 10 -3 75 rcurveline
        -116 -14 -86 -43 -54 -52 -2 25 -3 51 -1 14 rrcurveto
        -200 hlineto
        -5 -51 141 -8 3 -114 1 -135 3 -176 rlinecurve
        -150 hlineto
        return
      
    </CharString>
    
      
    <CharString index="29">
        
        101 48 -75 -111 -2 hvcurveto
        -313 -8 rlineto
        123 6 64 71 96 hhcurveto
        endchar
      
    </CharString>
    
      
    <CharString index="30">
        
        -55 callgsubr
        -51 callsubr
        return
      
    </CharString>
    
      
    <CharString index="31">
        
        -48 callgsubr
        hintmask 11000000
        -5 -52 rlineto
        hintmask 10100000
        -44 callsubr
        endchar
      
    </CharString>
    
      
    <CharString index="32">
        
        rmoveto
        -61 callgsubr
        425 vlineto
        6 58 rlineto
        endchar
      
    </CharString>
    
      
    <CharString index="33">
        
        rmoveto
        -1 -69 rlineto
        311 -20 120 111 102 -76 callsubr
        return
      
    </CharString>
    
      
    <CharString index="34">
        
        67 29 41 36 53 vvcurveto
        63 -65 42 -84 -104 -58 -60 -54 -52 50 -34 56 -29 vhcurveto
        return
      
    </CharString>
    
      
    <CharString index="35">
        
        -342 258 293 56 -293 248 337 63 -410 -688 return
      
    </CharString>
    
      
    <CharString index="36">
        
        486 hlineto
        5 55 rlineto
        -34 callsubr
        -35 callgsubr
      
    </CharString>
    
      
    <CharString index="37">
        
        -60 callsubr
        rlineto
        297 -19 94 87 83 -27 callsubr
        return
      
    </CharString>
    
      
    <CharString index="38">
        
        rmoveto
        -85 callgsubr
        148 -796 rmoveto
        33 callgsubr
        hintmask 1111111010000000
        -107 callgsubr
      
    </CharString>
    
      
    <CharString index="39">
        
        rmoveto
        7 64 rlineto
        -63 callsubr
        -204 97 -153 349 21 vhcurveto
        endchar
      
    </CharString>
    
      
    <CharString index="40">
        
        405 hlineto
        7 55 rlineto
        -79 callgsubr
        endchar
      
    </CharString>
    
      
    <CharString index="41">
        
        rmoveto
        -71 callgsubr
      
    </CharString>
    
      
    <CharString index="42">
        
        39 109 hvcurveto
        345 vlineto
        -72 -5 rlineto
        -362 vlineto
        -133 return
      
    </CharString>
    
      
    <CharString index="43">
        
        -53 callsubr
        -1 114 -23 89 -43 59 45 79 rcurveline
        -47 26 -36 -65 rlineto
        30 -36 -46 16 -54 -45 callsubr
        -114 24 -89 43 -59 hvcurveto
        -44 -79 48 -25 34 63 rlineto
        -29 37 46 -16 53 hhcurveto
        -168 364 rmoveto
        193 63 104 113 47 39 -17 -34 29 vhcurveto
        -254 -454 rlineto
        -24 50 -13 70 88 vvcurveto
        180 -302 rmoveto
        -47 -38 17 33 -29 hvcurveto
        253 454 rlineto
        24 -50 13 -69 -88 vvcurveto
        -194 -63 -103 -113 vhcurveto
        endchar
      
    </CharString>
    
      
    <CharString index="44">
        
        -48 callsubr
        84 -23 67 -39 47 hvcurveto
        47 66 -44 30 -41 -59 rlineto
        26 -37 -44 14 -49 hhcurveto
        -39 callsubr
        -86 24 -68 40 -47 hvcurveto
        -47 -66 44 -29 41 59 rlineto
        -25 36 43 -14 48 hhcurveto
        -158 290 rmoveto
        140 69 79 98 40 36 -13 -25 28 vhcurveto
        -233 -338 rlineto
        -24 39 -14 52 66 vvcurveto
        170 -231 rmoveto
        -39 -34 13 24 -28 hvcurveto
        233 336 rlineto
        23 -38 13 -51 -64 vvcurveto
        -141 -70 -79 -98 vhcurveto
        endchar
      
    </CharString>
    
      
    <CharString index="45">
        
        rmoveto
        71 hlineto
        3 -51 callgsubr
        return
      
    </CharString>
    
      
    <CharString index="46">
        
        572 176 58 -426 -58 177 -572 -177 -58 return
      
    </CharString>
    
      
    <CharString index="47">
        
        rmoveto
        24 -62 rlineto
        hintmask 10101000
        252 80 89 76 74 vvcurveto
        hintmask 11010000
        83 -113 49 52 vvcurveto
        35 42 30 144 11 vhcurveto
        3 52 rlineto
        hintmask 10110000
        -129 7 -54 38 43 54 104 50 86 vvcurveto
        81 -87 51 -248 80 vhcurveto
        -24 -60 rlineto
        202 -61 86 -44 -63 -67 -100 -47 -70 vvcurveto
        -42 36 -45 93 -22 vhcurveto
        hintmask 11010000
        -95 -25 -36 -45 -41 vvcurveto
        hintmask 10101000
        -62 108 -55 -61 vvcurveto
        -52 -89 -49 -208 -59 vhcurveto
        endchar
      
    </CharString>
    
      
    <CharString index="48">
        
        rmoveto
        25 60 rlineto
        hintmask 10110000
        -202 61 -86 45 62 67 99 47 70 vvcurveto
        42 -35 45 -93 22 vhcurveto
        hintmask 11001000
        95 25 36 45 41 62 -109 56 60 vvcurveto
        53 89 48 208 60 vhcurveto
        -22 61 rlineto
        -253 -80 -90 -75 -75 -82 113 -50 -52 vvcurveto
        -35 -41 -29 -145 -11 vhcurveto
        -2 -53 rlineto
        hintmask 11010000
        128 -7 54 -38 -43 vvcurveto
        hintmask 10110000
        -54 -104 -49 -87 vvcurveto
        -81 88 -51 247 -80 vhcurveto
        endchar
      
    </CharString>
    
      
    <CharString index="49">
        
        1 callgsubr
        719 -235 hlineto
        -6 -51 169 -8 rlineto
        -660 -180 vlineto
        return
      
    </CharString>
    
      
    <CharString index="50">
        
        14 callgsubr
        246 vlineto
        -72 -6 rlineto
        -229 vlineto
        3 -20 -20 2 -22 hhcurveto
        -160 -141 -112 -196 -7 callsubr
        148 42 callsubr
        -164 21 callgsubr
      
    </CharString>
    
      
    <CharString index="51">
        
        rmoveto
        7 61 rlineto
        -188 4 -53 27 98 vvcurveto
        303 229 56 -229 158 46 callgsubr
        -152 -105 vlineto
        -8 -56 rlineto
        113 -314 hlineto
        -130 78 -50 227 1 vhcurveto
        return
      
    </CharString>
    
      
    <CharString index="52">
        
        4 50 rlineto
        -64 hlineto
        1 156 -56 -4 1 -152 rlineto
        return
      
    </CharString>
    
      
    <CharString index="53">
        
        60 -29 56 -28 -41 vvcurveto
        -38 -40 -30 -66 vhcurveto
        endchar
      
    </CharString>
    
      
    <CharString index="54">
        
        760 -94 callsubr
        return
      
    </CharString>
    
      
    <CharString index="55">
        
        455 hlineto
        5 65 -381 -1 376 561 rlineto
        63 -443 vlineto
        -7 -65 373 2 -378 -562 rlineto
        endchar
      
    </CharString>
    
      
    <CharString index="56">
        
        147 rlineto
        -75 hlineto
        return
      
    </CharString>
    
      
    <CharString index="57">
        
        -71 -28 -44 -41 -54 vvcurveto
        -64 62 -43 93 vhcurveto
        return
      
    </CharString>
    
      
    <CharString index="58">
        
        -144 163 -65 69 64 vvcurveto
        65 51 60 194 -9 vhcurveto
        -6 67 rlineto
        -235 5 -73 -101 -93 vvcurveto
        -49 23 -44 46 -60 vhcurveto
        -100 -63 -49 -73 -81 vvcurveto
        return
      
    </CharString>
    
      
    <CharString index="59">
        
        61 -7 51 134 100 callsubr
        85 128 rlinecurve
        50 -321 vlineto
        return
      
    </CharString>
    
      
    <CharString index="60">
        
        -66 229 -68 228 -74 231 return
      
    </CharString>
    
      
    <CharString index="61">
        
        47 callsubr
        -20 callsubr
        hintmask 11010100
        303 return
      
    </CharString>
    
      
    <CharString index="62">
        
        630 -96 callsubr
        return
      
    </CharString>
    
      
    <CharString index="63">
        
        -25 callsubr
        132 -65 55 -99 return
      
    </CharString>
    
      
    <CharString index="64">
        
        106 67 55 64 54 -56 33 -60 30 hvcurveto
        return
      
    </CharString>
    
      
    <CharString index="65">
        
        -31 callgsubr
        -10 callgsubr
        return
      
    </CharString>
    
      
    <CharString index="66">
        
        41 callsubr
        6 -51 callgsubr
        return
      
    </CharString>
    
      
    <CharString index="67">
        
        611 -94 callsubr
        return
      
    </CharString>
    
      
    <CharString index="68">
        
        -15 callsubr
        228 1 rcurveline
        return
      
    </CharString>
    
      
    <CharString index="69">
        
        0 63 258 56 248 63 return
      
    </CharString>
    
      
    <CharString index="70">
        
        rmoveto
        -50 472 50 vlineto
        return
      
    </CharString>
    
      
    <CharString index="71">
        
        hlineto
        157 132 rlineto
        hintmask 10010000
        -32 callsubr
        42 50 rlineto
        hintmask 01010000
        -173 145 rlineto
        return
      
    </CharString>
    
      
    <CharString index="72">
        
        -24 callgsubr
        vlineto
        endchar
      
    </CharString>
    
      
    <CharString index="73">
        
        -86 85 callsubr
        33 33 29 63 vhcurveto
        return
      
    </CharString>
    
      
    <CharString index="74">
        
        628 84 callsubr
        94 438 vstem
        391 628 -95 callsubr
        endchar
      
    </CharString>
    
      
    <CharString index="75">
        
        619 243 hstem
        152 424 vstem
        152 643 -84 callsubr
        endchar
      
    </CharString>
    
      
    <CharString index="76">
        
        rlineto
        77 -47 31 -36 -25 vvcurveto
        -26 -39 -17 -96 -15 vhcurveto
        return
      
    </CharString>
    
      
    <CharString index="77">
        
        -24 callsubr
        3 callgsubr
        return
      
    </CharString>
    
      
    <CharString index="78">
        
        -14 callgsubr
        -73 -157 -37 callgsubr
        return
      
    </CharString>
    
      
    <CharString index="79">
        
        -38 callgsubr
        hstem
        129 73 return
      
    </CharString>
    
      
    <CharString index="80">
        
        210 16 94 59 79 vvcurveto
        return
      
    </CharString>
    
      
    <CharString index="81">
        
        43 185 50 hstem
        145 56 220 57 vstem
        206 return
      
    </CharString>
    
      
    <CharString index="82">
        
        50 359 50 hstem
        133 59 240 59 vstem
        306 return
      
    </CharString>
    
      
    <CharString index="83">
        
        209 -9 rlineto
        -425 -210 return
      
    </CharString>
    
      
    <CharString index="84">
        
        rmoveto
        -49 47 rlineto
        -242 -195 -98 -164 -160 vvcurveto
        -157 96 -160 240 -194 vhcurveto
        49 47 rlineto
        -228 177 -86 146 143 vvcurveto
        145 85 147 233 178 vhcurveto
        endchar
      
    </CharString>
    
      
    <CharString index="85">
        
        24 callgsubr
        248 192 238 -52 45 -190 -248 rlineto
        257 -73 24 callgsubr
        247 192 239 -52 45 -190 -248 rlineto
        endchar
      
    </CharString>
    
      
    <CharString index="86">
        
        vstem
        288 248 rmoveto
        208 -254 76 12 -221 272 74 81 69 87 65 89 rlinecurve
        -72 6 -62 -85 -64 -78 -69 -76 rlinecurve
        -94 -3 rlineto
        482 46 callgsubr
        -775 71 245 vlineto
        return
      
    </CharString>
    
      
    <CharString index="87">
        
        -4 rlineto
        5 -125 2 -179 -232 vvcurveto
        return
      
    </CharString>
    
      
    <CharString index="88">
        
        627 59 hstem
        109 409 90 callsubr
        627 -102 callgsubr
        endchar
      
    </CharString>
    
      
    <CharString index="89">
        
        rmoveto
        62 -363 -62 vlineto
        return
      
    </CharString>
    
      
    <CharString index="90">
        
        -31 callsubr
        69 -239 -31 callsubr
        endchar
      
    </CharString>
    
      
    <CharString index="91">
        
        -6 callsubr
        303 58 return
      
    </CharString>
    
      
    <CharString index="92">
        
        -88 -57 -50 -69 -63 60 -51 85 return
      
    </CharString>
    
      
    <CharString index="93">
        
        155 472 -87 callgsubr
        return
      
    </CharString>
    
      
    <CharString index="94">
        
        206 66 vstem
        422 hmoveto
        -20 31 rlineto
        -145 -69 -51 -49 -49 0 callsubr
        5 callsubr
        endchar
      
    </CharString>
    
      
    <CharString index="95">
        
        -16 callgsubr
        vstem
        159 return
      
    </CharString>
    
      
    <CharString index="96">
        
        75 callsubr
        -4 callsubr
        return
      
    </CharString>
    
      
    <CharString index="97">
        
        6 -58 rlineto
        128 18 64 39 53 vvcurveto
        return
      
    </CharString>
    
      
    <CharString index="98">
        
        222 56 348 65 return
      
    </CharString>
    
      
    <CharString index="99">
        
        -38 callsubr
        99 callsubr
        289 71 vstem
        return
      
    </CharString>
    
      
    <CharString index="100">
        
        630 31 callgsubr
        157 22 callsubr
        -29 callsubr
        endchar
      
    </CharString>
    
      
    <CharString index="101">
        
        vstem
        266 318 rmoveto
        231 -324 80 11 -249 346 233 337 rlineto
        -78 hlineto
        -212 -311 rlineto
        -82 311 -73 -688 73 318 hlineto
        return
      
    </CharString>
    
      
    <CharString index="102">
        
        622 205 hstem
        120 385 90 callsubr
        -42 callsubr
        endchar
      
    </CharString>
    
      
    <CharString index="103">
        
        hstem
        61 74 354 75 vstem
        return
      
    </CharString>
    
      
    <CharString index="104">
        
        371 314 rlineto
        62 vlineto
        return
      
    </CharString>
    
      
    <CharString index="105">
        
        618 231 hstem
        199 267 vstem
        199 -66 callsubr
        endchar
      
    </CharString>
    
      
    <CharString index="106">
        
        -19 callsubr
        1662 hintmask 10010000
        2 callgsubr
        hintmask 00110000
        156 -131 rlineto
        return
      
    </CharString>
    
      
    <CharString index="107">
        
        23 callsubr
        108 50 return
      
    </CharString>
    
      
    <CharString index="108">
        
        427 hlineto
        6 55 rlineto
        -181 return
      
    </CharString>
    
      
    <CharString index="109">
        
        156 662 rmoveto
        -42 -51 rlineto
        return
      
    </CharString>
    
      
    <CharString index="110">
        
        102 callsubr
        313 70 vstem
        return
      
    </CharString>
    
      
    <CharString index="111">
        
        165 266 vstem
        408 -40 callgsubr
        endchar
      
    </CharString>
    
      
    <CharString index="112">
        
        hlineto
        hintmask 10010000
        -214 182 13 callsubr
        rlineto
        hintmask 01010000
        230 195 rlineto
        return
      
    </CharString>
    
      
    <CharString index="113">
        
        625 220 63 -511 vlineto
        -6 -63 rlineto
        223 -625 hlineto
        return
      
    </CharString>
    
      
    <CharString index="114">
        
        -13 61 -5 callsubr
        return
      
    </CharString>
    
      
    <CharString index="115">
        
        -17 64 2 callsubr
        return
      
    </CharString>
    
      
    <CharString index="116">
        
        rmoveto
        111 hlineto
        2 114 67 callgsubr
        return
      
    </CharString>
    
      
    <CharString index="117">
        
        38 callsubr
        hstem
        417 57 vstem
        162 return
      
    </CharString>
    
      
    <CharString index="118">
        
        630 -41 callgsubr
        return
      
    </CharString>
    
      
    <CharString index="119">
        
        779 -41 callgsubr
        return
      
    </CharString>
    
      
    <CharString index="120">
        
        54 callsubr
        hstem
        403 59 vstem
        155 return
      
    </CharString>
    
      
    <CharString index="121">
        
        rmoveto
        4 -57 68 4 rlineto
        -6 124 -2 173 236 vvcurveto
        return
      
    </CharString>
    
      
    <CharString index="122">
        
        vstem
        99 hmoveto
        -58 callgsubr
        return
      
    </CharString>
    
      
    <CharString index="123">
        
        252 rmoveto
        46 hlineto
        3 124 20 244 6 130 rrcurveto
        -91 hlineto
        3 -130 13 -244 -124 vvcurveto
        return
      
    </CharString>
    
      
    <CharString index="124">
        
        0 125 450 113 hstem
        102 67 return
      
    </CharString>
    
      
    <CharString index="125">
        
        20 callgsubr
        50 callsubr
        return
      
    </CharString>
    
      
    <CharString index="126">
        
        hintmask 1000010001001000111100010001000010101100
        return
      
    </CharString>
    
      
    <CharString index="127">
        
        0 55 430 55 return
      
    </CharString>
    
      
    <CharString index="128">
        
        2 -109 2 -101 vhcurveto
        -30 -37 -48 -23 -50 hhcurveto
        endchar
      
    </CharString>
    
      
    <CharString index="129">
        
        630 31 callgsubr
        275 74 vstem
        273 11 callgsubr
        endchar
      
    </CharString>
    
      
    <CharString index="130">
        
        63 callgsubr
        559 358 11 callsubr
        return
      
    </CharString>
    
      
    <CharString index="131">
        
        rmoveto
        191 -251 54 41 -191 return
      
    </CharString>
    
      
    <CharString index="132">
        
        0 94 hstem
        78 71 331 68 vstem
        return
      
    </CharString>
    
      
    <CharString index="133">
        
        -1 -94 rlineto
        56 hlineto
        return
      
    </CharString>
    
      
    <CharString index="134">
        
        rmoveto
        47 -50 277 249 4 73 -275 251 -48 -49 266 -238 rlineto
        endchar
      
    </CharString>
    
      
    <CharString index="135">
        
        36 callsubr
        281 74 vstem
        return
      
    </CharString>
    
      
    <CharString index="136">
        
        172 3 callsubr
        hstem
        return
      
    </CharString>
    
      
    <CharString index="137">
        
        7 59 rlineto
        -97 10 -37 return
      
    </CharString>
    
      
    <CharString index="138">
        
        147 hstem
        return
      
    </CharString>
    
      
    <CharString index="139">
        
        115 100 -107 -186 -187 -102 -108 -117 -117 -85 110 179 vhcurveto
        return
      
    </CharString>
    
      
    <CharString index="140">
        
        65 5 rlineto
        return
      
    </CharString>
    
      
    <CharString index="141">
        
        -4 64 566 70 hstem
        83 75 return
      
    </CharString>
    
      
    <CharString index="142">
        
        rmoveto
        -66 -6 rlineto
        -979 66 vlineto
        return
      
    </CharString>
    
      
    <CharString index="143">
        
        -213 -99 -105 -206 32 vhcurveto
        return
      
    </CharString>
    
      
    <CharString index="144">
        
        -4 60 423 68 hstem
        100 71 return
      
    </CharString>
    
      
    <CharString index="145">
        
        rmoveto
        5 -55 rlineto
        return
      
    </CharString>
    
      
    <CharString index="146">
        
        rmoveto
        30 callsubr
        return
      
    </CharString>
    
      
    <CharString index="147">
        
        rmoveto
        -35 11 -61 -73 -16 -84 13 -69 rlinecurve
        91 4 -25 64 -8 67 41 80 rlinecurve
        return
      
    </CharString>
    
      
    <CharString index="148">
        
        rmoveto
        -967 354 vlineto
        7 59 rlineto
        -293 849 289 59 hlineto
        endchar
      
    </CharString>
    
      
    <CharString index="149">
        
        rmoveto
        62 callsubr
        61 callsubr
        hvcurveto
        return
      
    </CharString>
    
      
    <CharString index="150">
        
        0 65 559 64 hstem
        84 460 vstem
        return
      
    </CharString>
    
      
    <CharString index="151">
        
        0 63 414 63 hstem
        92 451 vstem
        return
      
    </CharString>
    
      
    <CharString index="152">
        
        112 71 270 71 return
      
    </CharString>
    
      
    <CharString index="153">
        
        vlineto
        -71 -6 rlineto
        return
      
    </CharString>
    
      
    <CharString index="154">
        
        142 -13 vhcurveto
        return
      
    </CharString>
    
      
    <CharString index="155">
        
        hintmask 10010000
        2 callgsubr
        hintmask 01110000
        156 -131 rlineto
        return
      
    </CharString>
    
      
    <CharString index="156">
        
        -27 callgsubr
        -395 -251 -37 callgsubr
        return
      
    </CharString>
    
      
    <CharString index="157">
        
        55 callgsubr
        -370 61 hstemhm
        return
      
    </CharString>
    
      
    <CharString index="158">
        
        -3 59 53 callgsubr
        238 73 hintmask 10111000
        return
      
    </CharString>
    
      
    <CharString index="159">
        
        rmoveto
        104 hlineto
        2 109 rlineto
        -104 hlineto
        return
      
    </CharString>
    
      
    <CharString index="160">
        
        426 60 -60 63 hstemhm
        129 72 return
      
    </CharString>
    
      
    <CharString index="161">
        
        47 139 47 return
      
    </CharString>
    
      
    <CharString index="162">
        
        -23 685 return
      
    </CharString>
    
      
    <CharString index="163">
        
        0 63 149 56 53 56 248 63 hstem
        300 67 vstem
        return
      
    </CharString>
    
      
    <CharString index="164">
        
        rmoveto
        60 callgsubr
      
    </CharString>
    
      
    <CharString index="165">
        
        52 hstemhm
        271 63 -61 67 33 71 -65 68 hintmask 10110000
        82 return
      
    </CharString>
    
      
    <CharString index="166">
        
        17 callsubr
        265 72 vstem
        return
      
    </CharString>
    
      
    <CharString index="167">
        
        -12 callsubr
        endchar
      
    </CharString>
    
      
    <CharString index="168">
        
        66 callgsubr
        98 50 return
      
    </CharString>
    
      
    <CharString index="169">
        
        -9 -7 -7 -9 -9 -7 6 10 return
      
    </CharString>
    
      
    <CharString index="170">
        
        63 hstem
        107 73 305 74 vstem
        return
      
    </CharString>
    
      
    <CharString index="171">
        
        hintmask 1100010001001000111100010001010000101100
        return
      
    </CharString>
    
      
    <CharString index="172">
        
        hintmask 1000010001001000111100010001000010011100
        return
      
    </CharString>
    
      
    <CharString index="173">
        
        -244 47 callsubr
        return
      
    </CharString>
    
      
    <CharString index="174">
        
        rlineto
        -112 hlineto
        return
      
    </CharString>
    
      
    <CharString index="175">
        
        -57 -51 127 -88 hhcurveto
        -60 -43 -56 -110 -42 hvcurveto
        return
      
    </CharString>
    
      
    <CharString index="176">
        
        685 hstem
        -387 805 vstem
        -388 27 rmoveto
        return
      
    </CharString>
    
      
    <CharString index="177">
        
        39 callgsubr
        -1679 -60 hlineto
        1678 return
      
    </CharString>
    
      
    <CharString index="178">
        
        4 61 rlineto
        -349 -61 hlineto
        return
      
    </CharString>
    
      
    <CharString index="179">
        
        rlineto
        -281 return
      
    </CharString>
    
      
    <CharString index="180">
        
        -13 60 443 61 hstem
        73 71 292 72 return
      
    </CharString>
    
      
    <CharString index="181">
        
        59 849 59 hstem
        165 68 vstem
        165 return
      
    </CharString>
    
      
    <CharString index="182">
        
        107 hlineto
        3 110 rlineto
        -108 hlineto
        endchar
      
    </CharString>
    
      
    <CharString index="183">
        
        -17 62 598 62 return
      
    </CharString>
    
      
    <CharString index="184">
        
        hlineto
        111 -93 rlineto
        return
      
    </CharString>
    
      
    <CharString index="185">
        
        -75 21 -75 return
      
    </CharString>
    
      
    <CharString index="186">
        
        7 callsubr
        vstem
        return
      
    </CharString>
    
      
    <CharString index="187">
        
        38 22 26 41 47 vvcurveto
        71 -57 57 -71 return
      
    </CharString>
    
      
    <CharString index="188">
        
        hintmask 1000010001001000111100010000100010101100
        return
      
    </CharString>
    
      
    <CharString index="189">
        
        hintmask 1000010100001000111100010001000010101100
        return
      
    </CharString>
    
      
    <CharString index="190">
        
        hintmask 1000010001000100111100010011000010101100
        return
      
    </CharString>
    
      
    <CharString index="191">
        
        -203 1000 return
      
    </CharString>
    
      
    <CharString index="192">
        
        504 rmoveto
        return
      
    </CharString>
    
      
    <CharString index="193">
        
        660 rmoveto
        return
      
    </CharString>
    
      
    <CharString index="194">
        
        1030 hstem
        136 71 vstem
        525 return
      
    </CharString>
    
      
    <CharString index="195">
        
        91 callsubr
        hstemhm
        return
      
    </CharString>
    
      
    <CharString index="196">
        
        rmoveto
        60 -1 return
      
    </CharString>
    
      
    <CharString index="197">
        
        hlineto
        151 return
      
    </CharString>
    
      
    <CharString index="198">
        
        98 callsubr
        71 callsubr
        return
      
    </CharString>
    
      
    <CharString index="199">
        
        248 53 208 53 vstem
        56 return
      
    </CharString>
    
      
    <CharString index="200">
        
        rmoveto
        85 hlineto
        1 93 rlineto
        -85 hlineto
        return
      
    </CharString>
    
      
    <CharString index="201">
        
        162 515 38 callgsubr
        return
      
    </CharString>
    
      
    <CharString index="202">
        
        113 67 callgsubr
        endchar
      
    </CharString>
    
      
    <CharString index="203">
        
        1670 hintmask 10010000
        return
      
    </CharString>
    
      
    <CharString index="204">
        
        70 72 40 89 60 return
      
    </CharString>
    
      
    <CharString index="205">
        
        60 503 vstem
        return
      
    </CharString>
    
      
    <CharString index="206">
        
        339 285 return
      
    </CharString>
    
      
    <CharString index="207">
        
        -1152 return
      
    </CharString>
    
      
    <CharString index="208">
        
        rlineto
        -10 vlineto
        return
      
    </CharString>
    
      
    <CharString index="209">
        
        490 61 return
      
    </CharString>
    
    
</GlobalSubrs>