<Subrs>
    
          
    <!-- The 'index' attribute is only for humans; it is ignored when parsed. -->
    
          
    <CharString index="0">
        
            rmoveto
            74 6 -47 callgsubr
            rlinecurve
            -87 callsubr
            22 -75 21 78 callgsubr
            rrcurveto
            -191 629 -90 callgsubr
          
    </CharString>
    
          
    <CharString index="1">
        
            -53 callsubr
            -69 callsubr
            -222 89 -126 152 hvcurveto
            8 86 callgsubr
            116 63 -105 -196 -193 -62 -104 -113 -117 -62 105 197 193 62 103 113 hvcurveto
            endchar
          
    </CharString>
    
          
    <CharString index="2">
        
            -101 callgsubr
            -78 callgsubr
          
    </CharString>
    
          
    <CharString index="3">
        
            rmoveto
            -43 callgsubr
            hintmask 11011000
            -73 callgsubr
            hintmask 11100100
            -50 callgsubr
            hintmask 11010100
            -34 callgsubr
            hintmask 11011000
            -73 callsubr
            hintmask 11100100
            -72 callsubr
          
    </CharString>
    
          
    <CharString index="4">
        
            -102 callsubr
            endchar
          
    </CharString>
    
          
    <CharString index="5">
        
            -88 callgsubr
            -77 callsubr
            -27 callgsubr
            return
          
    </CharString>
    
          
    <CharString index="6">
        
            90 78 60 91 133 -165 35 -109 -96 hvcurveto
            14 82 60 101 callsubr
            53 -21 50 rcurveline
            -169 -66 -80 -101 -124 vvcurveto
            -114 68 -61 97 vhcurveto
            6 49 rmoveto
            -67 -48 44 89 hvcurveto
            7 vlineto
            102 75 119 -22 -97 vvcurveto
            -59 -48 -37 -58 vhcurveto
            endchar
          
    </CharString>
    
          
    <CharString index="7">
        
            rmoveto
            5 -62 33 callgsubr
            -83 callsubr
            -84 callgsubr
          
    </CharString>
    
          
    <CharString index="8">
        
            rmoveto
            113 -320 rlineto
            68 hlineto
            19 135 22 203 14 201 rrcurveto
            -68 hlineto
            -10 -160 -9 -140 -12 -146 rrcurveto
            -3 hlineto
            -10 27 -91 259 -7 21 rrcurveto
            -47 hlineto
            -6 -20 -90 -258 -9 -28 rrcurveto
            -5 hlineto
            -13 146 -10 140 -9 159 rrcurveto
            -71 hlineto
            13 -201 22 -203 21 -135 rrcurveto
            66 hlineto
            endchar
          
    </CharString>
    
          
    <CharString index="9">
        
            rmoveto
            35 -11 60 74 16 84 -13 69 rlinecurve
            -7 -78 -4 -6 hhcurveto
            25 -64 9 -67 -41 -81 rrcurveto
            endchar
          
    </CharString>
    
          
    <CharString index="10">
        
            rmoveto
            151 -132 46 43 -191 162 rlineto
            -3 hlineto
            -191 -169 37 -35 rlineto
            return
          
    </CharString>
    
          
    <CharString index="11">
        
            -62 callgsubr
            -80 callsubr
            return
          
    </CharString>
    
          
    <CharString index="12">
        
            rmoveto
            53 49 58 95 39 hvcurveto
            -43 18 rlineto
            -68 -30 -29 -43 -32 -49 -42 121 -72 hhcurveto
            -53 -49 -58 -95 -39 hvcurveto
            42 -18 rlineto
            67 30 30 44 32 49 43 -121 71 hhcurveto
            return
          
    </CharString>
    
          
    <CharString index="13">
        
            rmoveto
            23 31 -62 48 -95 93 -52 59 rlinecurve
            -57 -60 63 -55 108 -74 72 -42 rlinecurve
            return
          
    </CharString>
    
          
    <CharString index="14">
        
            rmoveto
            7 -66 175 24 49 50 69 175 rlinecurve
            77 188 59 159 49 140 rrcurveto
            -68 hlineto
            -38 -102 -76 -226 -50 -120 rrcurveto
            -7 hlineto
            -67 148 -66 153 -58 149 -73 -4 rcurveline
            61 -148 97 -228 71 -151 rrcurveto
            2 hlineto
            -41 -95 -30 -23 -142 -23 rrcurveto
            endchar
          
    </CharString>
    
          
    <CharString index="15">
        
            224 7 83 58 72 vvcurveto
            52 -51 46 -148 21 vhcurveto
            190 146 -5 48 rlineto
            -292 -52 hlineto
            225 2 rlineto
            -3 vlineto
            return
          
    </CharString>
    
          
    <CharString index="16">
        
            -273 8 -81 57 -7 137 rlinecurve
            381 10 rlineto
            172 20 -76 119 -145 hhcurveto
            -138 -112 -127 -163 return
          
    </CharString>
    
          
    <CharString index="17">
        
            rmoveto
            8 -66 rlineto
            292 15 74 109 180 vvcurveto
            48 0 332 -1 32 vhcurveto
            16 -53 -49 9 -52 hhcurveto
            -151 -134 -106 -175 -145 89 -86 118 67 55 26 31 40 hvcurveto
            -1 -160 -38 -40 -264 -20 rrcurveto
            166 221 rmoveto
            -93 -68 64 126 131 84 73 105 37 35 -7 -12 37 hvcurveto
            -329 vlineto
            -26 -39 -49 -20 -49 hhcurveto
            endchar
          
    </CharString>
    
          
    <CharString index="18">
        
            89 callgsubr
            -77 callgsubr
            -39 callgsubr
            26 callgsubr
            endchar
          
    </CharString>
    
          
    <CharString index="19">
        
            rmoveto
            -97 callgsubr
          
    </CharString>
    
          
    <CharString index="20">
        
            -103 hlineto
            -74 -232 -68 -229 -66 -230 rrcurveto
            73 hlineto
            20 75 21 73 21 74 rrcurveto
            246 hlineto
            return
          
    </CharString>
    
          
    <CharString index="21">
        
            rmoveto
            75 45 -44 callgsubr
            -78 -60 -35 -37 -47 vhcurveto
            -5 61 -65 -20 callgsubr
            71 hlineto
            198 -2 142 -3 96 vhcurveto
            32 47 50 22 58 hhcurveto
            return
          
    </CharString>
    
          
    <CharString index="22">
        
            rmoveto
            112 73 95 141 138 -63 85 -110 -113 -72 -96 -140 -139 63 -84 110 hvcurveto
            6 409 rmoveto
            78 42 -69 -114 -110 -40 -66 -80 -78 -42 68 115 110 40 66 80 hvcurveto
            endchar
          
    </CharString>
    
          
    <CharString index="23">
        
            rmoveto
            35 -23 55 58 67 87 37 62 rlinecurve
            -75 35 -27 -62 -49 -96 -43 -61 rlinecurve
            229 -1 rmoveto
            35 -23 56 59 67 87 37 61 rlinecurve
            -77 32 -26 -64 -49 -91 -43 -61 rlinecurve
            return
          
    </CharString>
    
          
    <CharString index="24">
        
            -59 callsubr
            -198 2 -142 3 -96 vhcurveto
            -33 -47 -49 -22 -58 hhcurveto
            return
          
    </CharString>
    
          
    <CharString index="25">
        
            800 -106 callgsubr
            return
          
    </CharString>
    
          
    <CharString index="26">
        
            rmoveto
            -2 89 1 108 142 vvcurveto
            -70 hlineto
            -111 2 -104 1 -77 vhcurveto
            -243 -21 -76 118 190 vvcurveto
            160 60 121 305 5 vhcurveto
            -5 70 rlineto
            -333 -12 -101 -163 -195 vvcurveto
            -236 134 -152 327 68 vhcurveto
            return
          
    </CharString>
    
          
    <CharString index="27">
        
            243 -147 41 callsubr
            2 147 rlineto
            -74 hlineto
            return
          
    </CharString>
    
          
    <CharString index="28">
        
            -77 -454 -103 callsubr
          
    </CharString>
    
          
    <CharString index="29">
        
            7 63 rlineto
            -72 callgsubr
            return
          
    </CharString>
    
          
    <CharString index="30">
        
            182 -11 59 -32 -40 vvcurveto
            -50 -67 -33 -185 -14 vhcurveto
            4 -56 rlineto
            return
          
    </CharString>
    
          
    <CharString index="31">
        
            166 -355 48 127 vvcurveto
            62 67 51 250 -16 vhcurveto
            -5 68 72 callgsubr
            16 -105 -98 -95 -161 355 -45 -134 vvcurveto
            -71 -94 -65 -262 23 vhcurveto
            return
          
    </CharString>
    
          
    <CharString index="32">
        
            -78 callsubr
            hlineto
            endchar
          
    </CharString>
    
          
    <CharString index="33">
        
            rmoveto
            148 -275 77 13 -166 297 rlineto
            68 48 51 64 93 vvcurveto
            140 -106 91 -304 -49 vhcurveto
            -686 73 260 vlineto
            55 vmoveto
            315 vlineto
            187 29 78 -65 -105 vvcurveto
            -77 -41 -55 -57 -39 vhcurveto
            return
          
    </CharString>
    
          
    <CharString index="34">
        
            63 36 -28 -40 -38 -34 -29 -56 -23 hvcurveto
            -56 28 -49 27 41 vvcurveto
            93 -304 rmoveto
            return
          
    </CharString>
    
          
    <CharString index="35">
        
            -43 callsubr
            -54 callgsubr
          
    </CharString>
    
          
    <CharString index="36">
        
            rmoveto
            -75 callsubr
          
    </CharString>
    
          
    <CharString index="37">
        
            rmoveto
            6 62 -181 4 -41 57 -1 135 rlinecurve
            234 6 rlineto
            180 12 -48 108 -97 hhcurveto
            -61 -46 -38 -66 -26 hvcurveto
            hintmask 11101110
            -30 71 -66 23 -130 8 -7 -62 rcurveline
            159 -11 39 -32 3 -140 rrcurveto
            -146 -4 -78 -61 -107 vvcurveto
            -86 50 -47 66 66 50 43 46 30 vhcurveto
            38 -56 73 -30 132 -3 rrcurveto
            hintmask 11011110
            -128 492 rmoveto
            58 24 -63 -121 -3 hvcurveto
            -168 -3 rlineto
            127 3 31 60 55 hhcurveto
            -237 -432 rmoveto
            -41 -30 27 63 74 53 30 102 2 hvcurveto
            -48 5 -43 13 -35 vhcurveto
            -41 -25 -34 -29 -43 hhcurveto
            endchar
          
    </CharString>
    
          
    <CharString index="38">
        
            223 -1 -88 125 -152 -45 callsubr
            return
          
    </CharString>
    
          
    <CharString index="39">
        
            776 -102 callgsubr
            return
          
    </CharString>
    
          
    <CharString index="40">
        
            rmoveto
            -164 93 -120 322 19 vhcurveto
            9 60 rlineto
            -62 callsubr
            endchar
          
    </CharString>
    
          
    <CharString index="41">
        
            651 -106 callgsubr
            return
          
    </CharString>
    
          
    <CharString index="42">
        
            rmoveto
            274 -575 rlineto
            75 688 -69 hlineto
            3 -563 rlineto
            -5 hlineto
            -266 563 rlineto
            -84 -688 68 hlineto
            -2 575 rlineto
            return
          
    </CharString>
    
          
    <CharString index="43">
        
            rmoveto
            -85 callgsubr
            188 -943 -107 callsubr
          
    </CharString>
    
          
    <CharString index="44">
        
            -301 -12 -77 106 188 vvcurveto
            163 61 113 310 8 vhcurveto
            -4 70 rlineto
            -335 -13 -107 -163 -188 vvcurveto
            return
          
    </CharString>
    
          
    <CharString index="45">
        
            -277 -12 -76 82 145 vvcurveto
            120 62 85 282 3 vhcurveto
            -5 68 rlineto
            -309 -9 -101 -130 -147 vvcurveto
            return
          
    </CharString>
    
          
    <CharString index="46">
        
            74 230 hlineto
            224 458 rlineto
            -76 hlineto
            -183 -388 -185 390 -78 -3 224 -459 rlineto
            endchar
          
    </CharString>
    
          
    <CharString index="47">
        
            -3 65 rlineto
            -272 22 -88 -88 -80 -135 310 -14 -106 vvcurveto
            -52 -68 -49 -247 21 vhcurveto
            -3 -64 return
          
    </CharString>
    
          
    <CharString index="48">
        
            -5 125 -2 179 232 vvcurveto
            -71 hlineto
            return
          
    </CharString>
    
          
    <CharString index="49">
        
            779 -96 callsubr
            return
          
    </CharString>
    
          
    <CharString index="50">
        
            rmoveto
            32 -12 69 100 14 89 -17 87 rlinecurve
            -84 -2 24 -81 11 -79 -49 -102 rlinecurve
            return
          
    </CharString>
    
          
    <CharString index="51">
        
            903 -97 callsubr
            return
          
    </CharString>
    
          
    <CharString index="52">
        
            -10 63 270 53 260 23 callgsubr
            -313 -82 -53 82 -324 10 callsubr
            -379 -299 rmoveto
            264 155 vlineto
            3 53 rlineto
            -158 255 hlineto
            34 callsubr
            36 callgsubr
            endchar
          
    </CharString>
    
          
    <CharString index="53">
        
            765 -93 callgsubr
            return
          
    </CharString>
    
          
    <CharString index="54">
        
            rmoveto
            160 103 134 240 -1 hvcurveto
            return
          
    </CharString>
    
          
    <CharString index="55">
        
            446 hlineto
            5 63 -371 -1 362 416 rlineto
            61 -432 vlineto
            -6 -63 357 1 -361 -416 rlineto
            endchar
          
    </CharString>
    
          
    <CharString index="56">
        
            -178 hlineto
            3 45 45 181 21 73 -63 5 rcurveline
            return
          
    </CharString>
    
          
    <CharString index="57">
        
            -7 -66 rlineto
            289 -18 74 -50 -58 vvcurveto
            -87 -212 -66 -9 -157 vhcurveto
            49 -2 rlineto
            15 144 231 62 121 vvcurveto
            86 -98 72 -332 19 vhcurveto
            return
          
    </CharString>
    
          
    <CharString index="58">
        
            -292 -98 callsubr
          
    </CharString>
    
          
    <CharString index="59">
        
            rmoveto
            136 114 116 177 return
          
    </CharString>
    
          
    <CharString index="60">
        
            35 62 82 75 48 214 -23 hvcurveto
            return
          
    </CharString>
    
          
    <CharString index="61">
        
            rmoveto
            -212 264 vlineto
            6 63 rlineto
            -203 258 171 56 -171 248 199 63 -316 hlineto
            -80 -229 -79 -230 -75 -229 rrcurveto
            72 hlineto
            22 69 23 71 24 72 rrcurveto
            137 413 rmoveto
            6 -357 -125 hlineto
            39 120 41 120 39 117 rrcurveto
            endchar
          
    </CharString>
    
          
    <CharString index="62">
        
            hhcurveto
            -160 -102 -133 -241 return
          
    </CharString>
    
          
    <CharString index="63">
        
            264 hlineto
            2 -4 -88 -125 -70 -126 -50 -131 rlinecurve
            return
          
    </CharString>
    
          
    <CharString index="64">
        
            -66 -38 31 42 39 35 31 59 23 hvcurveto
            return
          
    </CharString>
    
          
    <CharString index="65">
        
            754 -97 callsubr
            return
          
    </CharString>
    
          
    <CharString index="66">
        
            616 -93 callgsubr
            return
          
    </CharString>
    
          
    <CharString index="67">
        
            -28 callsubr
            hstem
            182 52 181 56 vstem
            471 return
          
    </CharString>
    
          
    <CharString index="68">
        
            -135 -114 -118 -174 return
          
    </CharString>
    
          
    <CharString index="69">
        
            -14 59 210 49 182 62 return
          
    </CharString>
    
          
    <CharString index="70">
        
            -103 callgsubr
            -86 -152 -37 callgsubr
            return
          
    </CharString>
    
          
    <CharString index="71">
        
            626 -57 callsubr
            return
          
    </CharString>
    
          
    <CharString index="72">
        
            55 callgsubr
            -490 3 callsubr
            hstemhm
            return
          
    </CharString>
    
          
    <CharString index="73">
        
            -210 484 -274 hlineto
            -6 -50 return
          
    </CharString>
    
          
    <CharString index="74">
        
            605 54 callgsubr
            hstem
            177 53 callsubr
            vstem
            322 838 rmoveto
            -85 callgsubr
            endchar
          
    </CharString>
    
          
    <CharString index="75">
        
            -41 50 -10 callsubr
            46 callsubr
            return
          
    </CharString>
    
          
    <CharString index="76">
        
            rmoveto
            53 -44 190 248 4 72 -191 252 -55 -42 191 -247 rlineto
            return
          
    </CharString>
    
          
    <CharString index="77">
        
            38 67 35 90 26 106 -63 7 rcurveline
            -18 -86 -27 -79 -29 -62 rrcurveto
            -49 callgsubr
            return
          
    </CharString>
    
          
    <CharString index="78">
        
            vstem
            157 -45 callgsubr
            return
          
    </CharString>
    
          
    <CharString index="79">
        
            56 180 43 119 52 return
          
    </CharString>
    
          
    <CharString index="80">
        
            139 -311 21 99 vvcurveto
            46 57 46 234 -22 vhcurveto
            return
          
    </CharString>
    
          
    <CharString index="81">
        
            49 185 43 hstem
            147 56 221 56 vstem
            312 return
          
    </CharString>
    
          
    <CharString index="82">
        
            -40 -108 hvcurveto
            -342 71 364 vlineto
            return
          
    </CharString>
    
          
    <CharString index="83">
        
            -12 61 207 46 190 60 return
          
    </CharString>
    
          
    <CharString index="84">
        
            rmoveto
            48 -47 rlineto
            243 195 98 164 160 vvcurveto
            157 -97 160 -239 194 vhcurveto
            -49 -48 rlineto
            228 -177 86 -146 -143 vvcurveto
            -144 -86 -147 -232 -178 vhcurveto
            endchar
          
    </CharString>
    
          
    <CharString index="85">
        
            11 callsubr
            -690 10 callsubr
            -74 -13 rmoveto
            36 callgsubr
            572 vlineto
            34 callsubr
            endchar
          
    </CharString>
    
          
    <CharString index="86">
        
            hlineto
            -173 -145 rlineto
            hintmask 10010000
            41 -50 -3 callgsubr
            return
          
    </CharString>
    
          
    <CharString index="87">
        
            -16 callsubr
            -52 60 return
          
    </CharString>
    
          
    <CharString index="88">
        
            -35 callsubr
            -1143 return
          
    </CharString>
    
          
    <CharString index="89">
        
            -13 60 594 60 hstem
            73 69 340 70 vstem
            305 -13 rmoveto
            151 96 146 221 217 -82 130 -150 -151 -96 -145 -221 -217 83 -131 149 hvcurveto
            return
          
    </CharString>
    
          
    <CharString index="90">
        
            -66 -33 46 63 56 35 59 73 51 hvcurveto
            37 -44 48 -53 58 -68 rrcurveto
            -74 -47 -54 -36 -51 hhcurveto
            return
          
    </CharString>
    
          
    <CharString index="91">
        
            8 callsubr
            195 56 return
          
    </CharString>
    
          
    <CharString index="92">
        
            -37 -134 -20 -138 1 -82 return
          
    </CharString>
    
          
    <CharString index="93">
        
            rmoveto
            66 -241 rlineto
            34 hlineto
            63 241 rlineto
            3 hlineto
            -1 -299 rlineto
            49 362 -67 hlineto
            -61 -235 rlineto
            -3 hlineto
            -65 235 rlineto
            -67 -362 47 hlineto
            -1 299 rlineto
            endchar
          
    </CharString>
    
          
    <CharString index="94">
        
            52 hstemhm
            156 326 -61 61 hintmask 10100000
            214 return
          
    </CharString>
    
          
    <CharString index="95">
        
            1 callsubr
            625 -73 hlineto
            return
          
    </CharString>
    
          
    <CharString index="96">
        
            76 callgsubr
            -4 callgsubr
            return
          
    </CharString>
    
          
    <CharString index="97">
        
            -364 -309 rlineto
            -62 vlineto
            return
          
    </CharString>
    
          
    <CharString index="98">
        
            374 63 vstem
            287 32 rmoveto
            -21 -40 -42 callgsubr
            46 -47 51 -103 57 vhcurveto
            endchar
          
    </CharString>
    
          
    <CharString index="99">
        
            -107 -1326 398 hstem
            -899 551 vstem
            -376 -49 callsubr
          
    </CharString>
    
          
    <CharString index="100">
        
            -160 89 -96 117 68 57 32 36 40 hvcurveto
            -139 -8 rmoveto
            -94 -67 72 142 return
          
    </CharString>
    
          
    <CharString index="101">
        
            51 277 128 hstem
            return
          
    </CharString>
    
          
    <CharString index="102">
        
            hstem
            104 72 266 71 vstem
            return
          
    </CharString>
    
          
    <CharString index="103">
        
            89 callsubr
            336 71 vstem
            return
          
    </CharString>
    
          
    <CharString index="104">
        
            hlineto
            308 259 rlineto
            hintmask 10100000
            -41 50 rlineto
            hintmask 01100000
            -10 callsubr
            hintmask 10100000
            70 callsubr
            hintmask 01100000
            -315 265 rlineto
            return
          
    </CharString>
    
          
    <CharString index="105">
        
            614 276 hstem
            272 71 vstem
            238 -36 callsubr
            endchar
          
    </CharString>
    
          
    <CharString index="106">
        
            685 hstem
            455 805 vstem
            456 27 rmoveto
            -707 290 rlineto
            10 vlineto
            700 284 -22 51 -775 -309 rlineto
            -62 vlineto
            return
          
    </CharString>
    
          
    <CharString index="107">
        
            vvcurveto
            -51 51 -34 47 callgsubr
            return
          
    </CharString>
    
          
    <CharString index="108">
        
            413 hlineto
            6 63 rlineto
            -346 return
          
    </CharString>
    
          
    <CharString index="109">
        
            hstem
            97 73 284 73 vstem
            return
          
    </CharString>
    
          
    <CharString index="110">
        
            61 187 60 return
          
    </CharString>
    
          
    <CharString index="111">
        
            120 385 vstem
            310 -41 callsubr
            endchar
          
    </CharString>
    
          
    <CharString index="112">
        
            52 callsubr
            27 32 35 118 57 vhcurveto
            return
          
    </CharString>
    
          
    <CharString index="113">
        
            vstem
            139 hmoveto
            -12 callsubr
            return
          
    </CharString>
    
          
    <CharString index="114">
        
            0 55 664 55 hstem
            279 72 return
          
    </CharString>
    
          
    <CharString index="115">
        
            hstemhm
            148 58 -49 60 return
          
    </CharString>
    
          
    <CharString index="116">
        
            -9 callgsubr
            hstem
            53 519 vstem
            return
          
    </CharString>
    
          
    <CharString index="117">
        
            vlineto
            296 -47 156 135 271 vvcurveto
            return
          
    </CharString>
    
          
    <CharString index="118">
        
            rmoveto
            264 -127 114 -325 -47 vhcurveto
            return
          
    </CharString>
    
          
    <CharString index="119">
        
            50 hstem
            29 callsubr
            vstem
            439 return
          
    </CharString>
    
          
    <CharString index="120">
        
            24 callsubr
            -345 -290 41 -50 return
          
    </CharString>
    
          
    <CharString index="121">
        
            91 callgsubr
            350 hmoveto
            6 callgsubr
            return
          
    </CharString>
    
          
    <CharString index="122">
        
            -38 callsubr
            59 54 callgsubr
            hstemhm
            86 71 9 53 callsubr
            -10 71 hintmask 1111111100000000
            return
          
    </CharString>
    
          
    <CharString index="123">
        
            -138 -206 -206 101 -122 145 142 124 127 214 vhcurveto
            -466 -10 rmoveto
            180 return
          
    </CharString>
    
          
    <CharString index="124">
        
            262 55 320 62 hstem
            116 73 return
          
    </CharString>
    
          
    <CharString index="125">
        
            19 callsubr
            hstem
            275 73 vstem
            return
          
    </CharString>
    
          
    <CharString index="126">
        
            0 58 572 58 return
          
    </CharString>
    
          
    <CharString index="127">
        
            -21 callsubr
            -67 -36 rmoveto
            hintmask 01010000
            -100 -84 rlineto
            return
          
    </CharString>
    
          
    <CharString index="128">
        
            rmoveto
            276 -251 48 49 -266 239 271 235 -47 50 -277 -249 rlineto
            endchar
          
    </CharString>
    
          
    <CharString index="129">
        
            73 169 73 return
          
    </CharString>
    
          
    <CharString index="130">
        
            -245 -28 callsubr
            return
          
    </CharString>
    
          
    <CharString index="131">
        
            -42 -51 338 -284 101 callgsubr
            return
          
    </CharString>
    
          
    <CharString index="132">
        
            0 90 hstem
            71 73 341 69 vstem
            return
          
    </CharString>
    
          
    <CharString index="133">
        
            hlineto
            -315 -265 rlineto
            hintmask 10100000
            41 -50 rlineto
            hintmask 01100000
            88 callsubr
          
    </CharString>
    
          
    <CharString index="134">
        
            -4 -2 -3 -8 -9 2 -3 4 4 2 3 9 return
          
    </CharString>
    
          
    <CharString index="135">
        
            hintmask 1000010001001000111100010011000010101100
            return
          
    </CharString>
    
          
    <CharString index="136">
        
            157 50 178 55 return
          
    </CharString>
    
          
    <CharString index="137">
        
            1 60 rlineto
            return
          
    </CharString>
    
          
    <CharString index="138">
        
            -7 62 194 49 183 62 -58 60 hstemhm
            49 69 155 64 168 66 hintmask 11011110
            return
          
    </CharString>
    
          
    <CharString index="139">
        
            676 62 hstem
            131 363 vstem
            494 676 -18 callgsubr
            endchar
          
    </CharString>
    
          
    <CharString index="140">
        
            102 callgsubr
            37 callsubr
            return
          
    </CharString>
    
          
    <CharString index="141">
        
            216 27 89 -91 -222 vvcurveto
            return
          
    </CharString>
    
          
    <CharString index="142">
        
            825 -18 callgsubr
            return
          
    </CharString>
    
          
    <CharString index="143">
        
            -6 64 570 65 hstem
            106 74 return
          
    </CharString>
    
          
    <CharString index="144">
        
            hstem
            45 callgsubr
            vstem
            return
          
    </CharString>
    
          
    <CharString index="145">
        
            55 344 51 return
          
    </CharString>
    
          
    <CharString index="146">
        
            -9 callgsubr
            63 54 callgsubr
            hstem
            165 53 callsubr
            vstem
            return
          
    </CharString>
    
          
    <CharString index="147">
        
            rmoveto
            -289 hlineto
            -1 -59 rlineto
            357 967 -356 -60 289 hlineto
            endchar
          
    </CharString>
    
          
    <CharString index="148">
        
            rmoveto
            72 hlineto
            return
          
    </CharString>
    
          
    <CharString index="149">
        
            87 81 110 32 30 -6 -10 33 hvcurveto
            return
          
    </CharString>
    
          
    <CharString index="150">
        
            0 55 429 55 hstem
            232 70 vstem
            return
          
    </CharString>
    
          
    <CharString index="151">
        
            0 63 hstem
            139 73 return
          
    </CharString>
    
          
    <CharString index="152">
        
            -248 rmoveto
            57 callsubr
            return
          
    </CharString>
    
          
    <CharString index="153">
        
            369 -314 return
          
    </CharString>
    
          
    <CharString index="154">
        
            46 366 47 return
          
    </CharString>
    
          
    <CharString index="155">
        
            hintmask 10100000
            2 callgsubr
            hintmask 01100000
            307 -258 rlineto
            return
          
    </CharString>
    
          
    <CharString index="156">
        
            rlineto
            62 vlineto
            -775 309 -22 -51 700 -284 101 callgsubr
            97 return
          
    </CharString>
    
          
    <CharString index="157">
        
            hstem
            299 71 vstem
            return
          
    </CharString>
    
          
    <CharString index="158">
        
            -10 61 432 56 hstem
            211 71 return
          
    </CharString>
    
          
    <CharString index="159">
        
            30 callgsubr
            18 28 vvcurveto
            return
          
    </CharString>
    
          
    <CharString index="160">
        
            55 180 55 return
          
    </CharString>
    
          
    <CharString index="161">
        
            52 344 52 return
          
    </CharString>
    
          
    <CharString index="162">
        
            53 hstemhm
            179 68 -65 72 32 67 -61 64 hintmask 11010000
            517 return
          
    </CharString>
    
          
    <CharString index="163">
        
            45 vstem
            568 349 rmoveto
            212 -116 119 -143 return
          
    </CharString>
    
          
    <CharString index="164">
        
            1 61 rlineto
            return
          
    </CharString>
    
          
    <CharString index="165">
        
            99 callgsubr
            -41 50 rlineto
            hintmask 00110000
            -214 -182 rlineto
            return
          
    </CharString>
    
          
    <CharString index="166">
        
            4 2 2 4 1 hvcurveto
            5 hlineto
            -6 -1 -4 -5 -8 hhcurveto
            return
          
    </CharString>
    
          
    <CharString index="167">
        
            10 vlineto
            hintmask 00110000
            111 93 rlineto
            return
          
    </CharString>
    
          
    <CharString index="168">
        
            35 29 -29 -35 -35 -29 -29 -35 return
          
    </CharString>
    
          
    <CharString index="169">
        
            -35 -29 29 35 35 29 29 35 return
          
    </CharString>
    
          
    <CharString index="170">
        
            hintmask 1000010001001000111100010100000010101100
            return
          
    </CharString>
    
          
    <CharString index="171">
        
            hintmask 1000010001010000111100010000100010101100
            return
          
    </CharString>
    
          
    <CharString index="172">
        
            420 39 callgsubr
            return
          
    </CharString>
    
          
    <CharString index="173">
        
            hlineto
            30 callsubr
            return
          
    </CharString>
    
          
    <CharString index="174">
        
            213 -64 -213 -203 -60 203 -213 64 return
          
    </CharString>
    
          
    <CharString index="175">
        
            -17 62 599 61 hstem
            61 73 356 74 vstem
            return
          
    </CharString>
    
          
    <CharString index="176">
        
            -15 59 450 59 hstem
            73 71 338 70 vstem
            return
          
    </CharString>
    
          
    <CharString index="177">
        
            83 callsubr
            rlineto
            return
          
    </CharString>
    
          
    <CharString index="178">
        
            276 74 vstem
            return
          
    </CharString>
    
          
    <CharString index="179">
        
            hlineto
            -79 -67 rlineto
            -62 vlineto
            hintmask 01010000
            68 -58 rlineto
            return
          
    </CharString>
    
          
    <CharString index="180">
        
            293 630 41 callsubr
            9 147 rlineto
            return
          
    </CharString>
    
          
    <CharString index="181">
        
            59 848 60 hstem
            394 67 vstem
            394 return
          
    </CharString>
    
          
    <CharString index="182">
        
            -15 59 449 60 return
          
    </CharString>
    
          
    <CharString index="183">
        
            -10 63 573 70 return
          
    </CharString>
    
          
    <CharString index="184">
        
            38 58 394 60 return
          
    </CharString>
    
          
    <CharString index="185">
        
            -29 -33 -41 hvcurveto
            292 46 callgsubr
            return
          
    </CharString>
    
          
    <CharString index="186">
        
            -205 1209 hstem
            -20 692 vstem
            return
          
    </CharString>
    
          
    <CharString index="187">
        
            hintmask 1000010001001000111010010001000010101100
            return
          
    </CharString>
    
          
    <CharString index="188">
        
            hintmask 1100010001001000111100010000100010101100
            return
          
    </CharString>
    
          
    <CharString index="189">
        
            hintmask 1000010001010000111100010001000010101100
            return
          
    </CharString>
    
          
    <CharString index="190">
        
            46 callsubr
            42 50 return
          
    </CharString>
    
          
    <CharString index="191">
        
            60 61 60 hstem
            return
          
    </CharString>
    
          
    <CharString index="192">
        
            350 rmoveto
            return
          
    </CharString>
    
          
    <CharString index="193">
        
            -3 59 426 60 hstem
            129 72 return
          
    </CharString>
    
          
    <CharString index="194">
        
            6 -1 3 -4 -3 -2 -2 -7 vhcurveto
            return
          
    </CharString>
    
          
    <CharString index="195">
        
            -3 callgsubr
            endchar
          
    </CharString>
    
          
    <CharString index="196">
        
            hstem
            73 72 return
          
    </CharString>
    
          
    <CharString index="197">
        
            vstem
            308 return
          
    </CharString>
    
          
    <CharString index="198">
        
            20 callgsubr
            90 147 return
          
    </CharString>
    
          
    <CharString index="199">
        
            1030 hstem
            418 71 vstem
            100 return
          
    </CharString>
    
          
    <CharString index="200">
        
            -60 28 -519 -977 63 -23 return
          
    </CharString>
    
          
    <CharString index="201">
        
            hhcurveto
            92 68 -77 -139 -146 return
          
    </CharString>
    
          
    <CharString index="202">
        
            51 -35 47 callgsubr
            endchar
          
    </CharString>
    
          
    <CharString index="203">
        
            hlineto
            5 116 rlineto
            return
          
    </CharString>
    
          
    <CharString index="204">
        
            -214 333 hstem
            return
          
    </CharString>
    
          
    <CharString index="205">
        
            625 63 hstem
            return
          
    </CharString>
    
          
    <CharString index="206">
        
            hstem
            86 71 return
          
    </CharString>
    
          
    <CharString index="207">
        
            71 133 return
          
    </CharString>
    
          
    <CharString index="208">
        
            58 137 return
          
    </CharString>
    
          
    <CharString index="209">
        
            hstem
            85 71 return
          
    </CharString>
    
        
</Subrs>