<Glyph name="bar_bar.liga" lsb="-366" width="625">
    <CharString>
        {30679697} callsubr
        -366 308 113 308 vstem
        -58 791 {0846e345} callsubr
        615 993 {0846e345} callsubr
        endchar
    </CharString>
    <Subrs>
        <CharString index="0" fingerprint="30679697">
            -202 993 hstem
            return
        </CharString>
        <CharString index="1" fingerprint="0846e345">
            rmoveto
            -115 -3 -193 -990 {24a3209c} callgsubr
            hlineto
            return
        </CharString>
    </Subrs>
    <GlobalSubrs>
        <CharString index="0" fingerprint="24a3209c">
            rlineto
            114 return
        </CharString>
    </GlobalSubrs>
</Glyph>