<Glyph name="colon_equal.liga" lsb="-377" width="625">
    <CharString>
        132 158 87 158 hstem
        -377 789 vstem
        -330 377 {8192ac93} callgsubr
        692 -130 {21d5deb2} callgsubr
        -457 {ab4f93ab} callsubr
        -311 -273 {8192ac93} callgsubr
        691 -130 rmoveto
        {10a06046} callgsubr
        -458 {88dc8b40} callsubr
    </CharString>
    <Subrs>
        <CharString index="0" fingerprint="0a1e4431">
            rmoveto
            155 hlineto
            return
        </CharString>
        <CharString index="1" fingerprint="a50ed197">
            20 102 rlineto
            return
        </CharString>
        <CharString index="2" fingerprint="ab4f93ab">
            hlineto
            -21 -102 rlineto
            return
        </CharString>
        <CharString index="3" fingerprint="0a1e4431">
            rmoveto
            155 hlineto
            return
        </CharString>
        <CharString index="4" fingerprint="88dc8b40">
            {7de8f505} callsubr
            endchar
        </CharString>
        <CharString index="5" fingerprint="7de8f505">
            hlineto
            -21 -103 rlineto
            return
        </CharString>
    </Subrs>
    <GlobalSubrs>
        <CharString index="0" fingerprint="8192ac93">
            {0a1e4431} callsubr
            33 158 rlineto
            -158 hlineto
            return
        </CharString>
        <CharString index="1" fingerprint="21d5deb2">
            rmoveto
            {a50ed197} callsubr
            return
        </CharString>
        <CharString index="2" fingerprint="8192ac93">
            {0a1e4431} callsubr
            33 158 rlineto
            -158 hlineto
            return
        </CharString>
        <CharString index="3" fingerprint="10a06046">
            21 103 rlineto
            return
        </CharString>
    </GlobalSubrs>
</Glyph>