<Glyph name="equal_equal_equal.liga" lsb="-1215" width="625">
    <CharString>
        38 103 142 103 141 102 hstem
        -1215 1776 vstem
        592 527 {21d5deb2} callgsubr
        -1707 {ab4f93ab} callsubr
        1657 -244 {21d5deb2} callgsubr
        -1707 {ab4f93ab} callsubr
        1660 {112599d2} callgsubr
        -1708 {88dc8b40} callsubr
    </CharString>
    <Subrs>
        <CharString index="0" fingerprint="a50ed197">
            20 102 rlineto
            return
        </CharString>
        <CharString index="1" fingerprint="ab4f93ab">
            hlineto
            -21 -102 rlineto
            return
        </CharString>
        <CharString index="2" fingerprint="a50ed197">
            20 102 rlineto
            return
        </CharString>
        <CharString index="3" fingerprint="88dc8b40">
            {7de8f505} callsubr
            endchar
        </CharString>
        <CharString index="4" fingerprint="7de8f505">
            hlineto
            -21 -103 rlineto
            return
        </CharString>
    </Subrs>
    <GlobalSubrs>
        <CharString index="0" fingerprint="21d5deb2">
            rmoveto
            {a50ed197} callsubr
            return
        </CharString>
        <CharString index="1" fingerprint="21d5deb2">
            rmoveto
            {a50ed197} callsubr
            return
        </CharString>
        <CharString index="2" fingerprint="112599d2">
            -245 rmoveto
            {10a06046} callgsubr
            return
        </CharString>
        <CharString index="3" fingerprint="10a06046">
            21 103 rlineto
            return
        </CharString>
    </GlobalSubrs>
</Glyph>