<Glyph name="equal_less_less.liga" lsb="-1189" width="625">
    <CharString>
        {b0d5c74e} callsubr
        -1189 1769 hintmask 01110000
        -203 {e45373fe} callsubr
        -973 {ab4f93ab} callsubr
        842 {773cc18d} callsubr
        -880 {7de8f505} callsubr
        1000 {15390519} callgsubr
        423 12 rmoveto
        363 239 {b2990ff6} callsubr
        -277 276 rlineto
        endchar
    </CharString>
    <Subrs>
        <CharString index="0" fingerprint="b0d5c74e">
            -24 703 -519 {cfbc9cf1} callgsubr
            hstemhm
            return
        </CharString>
        <CharString index="1" fingerprint="e45373fe">
            345 rmoveto
            363 239 {1b07c958} callsubr
            -51 95 rlineto
            hintmask 01110000
            -256 -172 rlineto
            return
        </CharString>
        <CharString index="2" fingerprint="1b07c958">
            rlineto
            hintmask 10010000
            return
        </CharString>
        <CharString index="3" fingerprint="ab4f93ab">
            hlineto
            -21 -102 rlineto
            return
        </CharString>
        <CharString index="4" fingerprint="773cc18d">
            hlineto
            -6 -4 -18 -102 35 -36 rlineto
            return
        </CharString>
        <CharString index="5" fingerprint="7de8f505">
            hlineto
            -21 -103 rlineto
            return
        </CharString>
        <CharString index="6" fingerprint="b2990ff6">
            {a7da0484} callsubr
            83 81 return
        </CharString>
        <CharString index="7" fingerprint="a7da0484">
            -51 95 -414 -278 -18 -102 311 -323 return
        </CharString>
    </Subrs>
    <GlobalSubrs>
        <CharString index="0" fingerprint="cfbc9cf1">
            103 142 102 return
        </CharString>
        <CharString index="1" fingerprint="15390519">
            hlineto
            hintmask 10010000
            177 -184 83 81 -277 276 rlineto
            return
        </CharString>
    </GlobalSubrs>
</Glyph>