<Glyph name="equal_greater.liga" lsb="-472" width="550">
    <CharString>
        {03f44ce8} callsubr
        hstemhm
        -472 937 -402 {fcf2278c} callgsubr
        {d074a68d} callsubr
        -672 {fff746ed} callgsubr
        755 {c3e48ac9} callsubr
        -779 {83c7393b} callsubr
        693 hlineto
        hintmask 11010000
        {3776599f} callsubr
        endchar
    </CharString>
    <Subrs>
        <CharString index="0" fingerprint="03f44ce8">
            151 {2a39309a} callsubr
            return
        </CharString>
        <CharString index="1" fingerprint="2a39309a">
            69 153 69 return
        </CharString>
        <CharString index="2" fingerprint="d074a68d">
            {7097f26b} callgsubr
            103 -104 rlineto
            return
        </CharString>
        <CharString index="3" fingerprint="c3e48ac9">
            hlineto
            83 -84 -2 -9 -87 -60 rlineto
            return
        </CharString>
        <CharString index="4" fingerprint="83c7393b">
            hlineto
            -13 -69 rlineto
            return
        </CharString>
        <CharString index="5" fingerprint="3776599f">
            -158 -109 {33c8b3e3} callgsubr
            return
        </CharString>
    </Subrs>
    <GlobalSubrs>
        <CharString index="0" fingerprint="fcf2278c">
            424 hintmask 11100000
            return
        </CharString>
        <CharString index="1" fingerprint="7097f26b">
            208 599 rmoveto
            -54 -53 return
        </CharString>
        <CharString index="2" fingerprint="fff746ed">
            hlineto
            -14 -69 rlineto
            return
        </CharString>
        <CharString index="3" fingerprint="33c8b3e3">
            {3c7a34d4} callgsubr
            rlineto
            return
        </CharString>
        <CharString index="4" fingerprint="3c7a34d4">
            34 -61 378 263 12 68 return
        </CharString>
    </GlobalSubrs>
</Glyph>