<Glyph name="equal_equal.liga" lsb="-472" width="550">
    <CharString>
        {53fa50ea} callsubr
        -472 944 vstem
        514 373 {331d84c3} callgsubr
        -944 {fff746ed} callgsubr
        900 {b7988df5} callgsubr
        -944 {83c7393b} callsubr
        endchar
    </CharString>
    <Subrs>
        <CharString index="0" fingerprint="53fa50ea">
            {03f44ce8} callsubr
            hstem
            return
        </CharString>
        <CharString index="1" fingerprint="03f44ce8">
            151 {2a39309a} callsubr
            return
        </CharString>
        <CharString index="2" fingerprint="2a39309a">
            69 153 69 return
        </CharString>
        <CharString index="3" fingerprint="b42578a3">
            15 69 rlineto
            return
        </CharString>
        <CharString index="4" fingerprint="83c7393b">
            hlineto
            -13 -69 rlineto
            return
        </CharString>
    </Subrs>
    <GlobalSubrs>
        <CharString index="0" fingerprint="331d84c3">
            rmoveto
            {b42578a3} callsubr
            return
        </CharString>
        <CharString index="1" fingerprint="fff746ed">
            hlineto
            -14 -69 rlineto
            return
        </CharString>
        <CharString index="2" fingerprint="b7988df5">
            {4bc44ff7} callgsubr
            69 rlineto
            return
        </CharString>
        <CharString index="3" fingerprint="4bc44ff7">
            -222 rmoveto
            14 return
        </CharString>
    </GlobalSubrs>
</Glyph>