<Glyph name="exclam_equal.liga" lsb="-408" width="550">
    <CharString>
        {c41cabed} callsubr
        -567 {2a39309a} callsubr
        hstemhm
        -437 944 hintmask 00110000
        622 373 rmoveto
        28 69 rlineto
        -388 hlineto
        220 247 rlineto
        hintmask 10010000
        -57 29 rlineto
        hintmask 00110000
        -246 -276 rlineto
        -473 {364cb51f} callsubr
        439 hlineto
        hintmask 01010000
        {89416abb} callsubr
        -362 {364cb51f} callsubr
        328 hlineto
        -279 -313 rlineto
        hintmask 10010000
        66 -20 rlineto
        hintmask 01010000
        296 333 rlineto
        532 hlineto
        28 69 rlineto
        -498 hlineto
        hintmask 00110000
        136 153 rlineto
        endchar
    </CharString>
    <Subrs>
        <CharString index="0" fingerprint="c41cabed">
            -182 900 return
        </CharString>
        <CharString index="1" fingerprint="2a39309a">
            69 153 69 return
        </CharString>
        <CharString index="2" fingerprint="364cb51f">
            hlineto
            -27 -69 rlineto
            return
        </CharString>
        <CharString index="3" fingerprint="89416abb">
            -137 -153 rlineto
            return
        </CharString>
    </Subrs>
    <GlobalSubrs/>
</Glyph>