<Glyph name="greater_equal_greater.liga" lsb="-1037" width="550">
    <CharString>
        {30a8b931} callgsubr
        1478 -402 424 hintmask 11010000
        {d074a68d} callsubr
        -996 {bbfb8b2c} callgsubr
        hintmask 11100000
        {77242ba8} callsubr
        980 {0377f142} callgsubr
        -979 hlineto
        34 24 rlineto
        hintmask 11100000
        12 68 -59 61 rlineto
        998 hlineto
        83 -84 rlineto
        endchar
    </CharString>
    <Subrs>
        <CharString index="0" fingerprint="03f44ce8">
            151 {2a39309a} callsubr
            return
        </CharString>
        <CharString index="1" fingerprint="2a39309a">
            69 153 69 return
        </CharString>
        <CharString index="2" fingerprint="d074a68d">
            {7097f26b} callgsubr
            103 -104 rlineto
            return
        </CharString>
        <CharString index="3" fingerprint="77242ba8">
            -344 -238 34 -61 244 170 rlineto
            return
        </CharString>
        <CharString index="4" fingerprint="3776599f">
            -158 -109 {33c8b3e3} callgsubr
            return
        </CharString>
    </Subrs>
    <GlobalSubrs>
        <CharString index="0" fingerprint="30a8b931">
            {03f44ce8} callsubr
            hstemhm
            -1037 424 -400 return
        </CharString>
        <CharString index="1" fingerprint="7097f26b">
            208 599 rmoveto
            -54 -53 return
        </CharString>
        <CharString index="2" fingerprint="bbfb8b2c">
            hlineto
            -153 157 {25bfa713} callgsubr
            rlineto
            return
        </CharString>
        <CharString index="3" fingerprint="25bfa713">
            -54 -53 255 -257 -2 -9 return
        </CharString>
        <CharString index="4" fingerprint="0377f142">
            hlineto
            hintmask 11001000
            {3776599f} callsubr
            -80 -32 rmoveto
            -87 -60 rlineto
            return
        </CharString>
        <CharString index="5" fingerprint="33c8b3e3">
            {3c7a34d4} callgsubr
            rlineto
            return
        </CharString>
        <CharString index="6" fingerprint="3c7a34d4">
            34 -61 378 263 12 68 return
        </CharString>
    </GlobalSubrs>
</Glyph>