<Glyph name="hyphen_hyphen_greater.liga" lsb="-981" width="550">
    <CharString>
        {2417f8b4} callsubr
        -981 1446 {0322b936} callgsubr
        -1339 {83c7393b} callsubr
        1356 {4701958a} callsubr
    </CharString>
    <Subrs>
        <CharString index="0" fingerprint="2417f8b4">
            258 69 hstemhm
            return
        </CharString>
        <CharString index="1" fingerprint="eaf6837f">
            424 hintmask 11000000
            return
        </CharString>
        <CharString index="2" fingerprint="83c7393b">
            hlineto
            -13 -69 rlineto
            return
        </CharString>
        <CharString index="3" fingerprint="4701958a">
            hlineto
            hintmask 10100000
            -312 -216 {867ee3c3} callsubr
        </CharString>
        <CharString index="4" fingerprint="867ee3c3">
            {33c8b3e3} callgsubr
            endchar
        </CharString>
    </Subrs>
    <GlobalSubrs>
        <CharString index="0" fingerprint="0322b936">
            -402 {eaf6837f} callsubr
            {7097f26b} callgsubr
            217 -219 rlineto
            return
        </CharString>
        <CharString index="1" fingerprint="7097f26b">
            208 599 rmoveto
            -54 -53 return
        </CharString>
        <CharString index="2" fingerprint="33c8b3e3">
            {3c7a34d4} callgsubr
            rlineto
            return
        </CharString>
        <CharString index="3" fingerprint="3c7a34d4">
            34 -61 378 263 12 68 return
        </CharString>
    </GlobalSubrs>
</Glyph>