<Glyph name="less_equal_greater.liga" lsb="-1012" width="550">
    <CharString>
        {03f44ce8} callsubr
        hstemhm
        -1014 1479 -1477 424 651 {fcf2278c} callgsubr
        {d074a68d} callsubr
        -984 hlineto
        hintmask 11010000
        {0cd8acae} callgsubr
        1016 {0377f142} callgsubr
        -1184 hlineto
        -70 71 2 10 105 72 rlineto
        1153 hlineto
        83 -84 rlineto
        endchar
    </CharString>
    <Subrs>
        <CharString index="0" fingerprint="03f44ce8">
            151 {2a39309a} callsubr
            return
        </CharString>
        <CharString index="1" fingerprint="2a39309a">
            69 153 69 return
        </CharString>
        <CharString index="2" fingerprint="d074a68d">
            {7097f26b} callgsubr
            103 -104 rlineto
            return
        </CharString>
        <CharString index="3" fingerprint="83946452">
            {64f993c2} callgsubr
            279 -288 54 53 return
        </CharString>
        <CharString index="4" fingerprint="3776599f">
            -158 -109 {33c8b3e3} callgsubr
            return
        </CharString>
    </Subrs>
    <GlobalSubrs>
        <CharString index="0" fingerprint="fcf2278c">
            424 hintmask 11100000
            return
        </CharString>
        <CharString index="1" fingerprint="7097f26b">
            208 599 rmoveto
            -54 -53 return
        </CharString>
        <CharString index="2" fingerprint="0cd8acae">
            139 96 {83946452} callsubr
            -116 117 rlineto
            return
        </CharString>
        <CharString index="3" fingerprint="64f993c2">
            -34 61 -378 -263 -12 -67 return
        </CharString>
        <CharString index="4" fingerprint="0377f142">
            hlineto
            hintmask 11001000
            {3776599f} callsubr
            -80 -32 rmoveto
            -87 -60 rlineto
            return
        </CharString>
        <CharString index="5" fingerprint="33c8b3e3">
            {3c7a34d4} callgsubr
            rlineto
            return
        </CharString>
        <CharString index="6" fingerprint="3c7a34d4">
            34 -61 378 263 12 68 return
        </CharString>
    </GlobalSubrs>
</Glyph>