<Glyph name="plus_plus.liga" lsb="-428" width="550">
    <CharString>
        259 67 hstem
        -3 448 vstem
        263 326 rmoveto
        {d7892153} callgsubr
        -354 {f12d5fd2} callgsubr
        37 188 rlineto
        354 hlineto
        -37 -188 rlineto
        71 hlineto
        37 188 rlineto
        181 hlineto
        14 67 rlineto
        endchar
    </CharString>
    <Subrs>
        <CharString index="0" fingerprint="95fad126">
            rlineto
            -71 hlineto
            return
        </CharString>
        <CharString index="1" fingerprint="95fad126">
            rlineto
            -71 hlineto
            return
        </CharString>
    </Subrs>
    <GlobalSubrs>
        <CharString index="0" fingerprint="d7892153">
            36 187 {95fad126} callsubr
            -36 -187 rlineto
            return
        </CharString>
        <CharString index="1" fingerprint="f12d5fd2">
            hlineto
            {d7892153} callgsubr
            -182 hlineto
            -13 -67 rlineto
            182 hlineto
            -37 -188 rlineto
            71 hlineto
            return
        </CharString>
        <CharString index="2" fingerprint="d7892153">
            36 187 {95fad126} callsubr
            -36 -187 rlineto
            return
        </CharString>
    </GlobalSubrs>
</Glyph>