<Glyph name="question_question.liga" lsb="-362" width="550">
    <CharString>
        0 109 hstem
        -53 89 291 89 vstem
        -324 679 rmoveto
        {4143d396} callgsubr
        380 hmoveto
        {4143d396} callgsubr
        -418 -679 {d2f9b0db} callsubr
        358 -109 {d2f9b0db} callsubr
        endchar
    </CharString>
    <Subrs>
        <CharString index="0" fingerprint="d2f9b0db">
            rmoveto
            107 hlineto
            22 109 rlineto
            -107 hlineto
            return
        </CharString>
        <CharString index="1" fingerprint="d2f9b0db">
            rmoveto
            107 hlineto
            22 109 rlineto
            -107 hlineto
            return
        </CharString>
    </Subrs>
    <GlobalSubrs>
        <CharString index="0" fingerprint="4143d396">
            -16 -79 rlineto
            190 -22 97 -30 -73 vvcurveto
            -57 -58 -54 -176 -91 vhcurveto
            25 -43 rlineto
            215 108 83 81 84 vvcurveto
            95 -116 55 -244 26 vhcurveto
            return
        </CharString>
        <CharString index="1" fingerprint="4143d396">
            -16 -79 rlineto
            190 -22 97 -30 -73 vvcurveto
            -57 -58 -54 -176 -91 vhcurveto
            25 -43 rlineto
            215 108 83 81 84 vvcurveto
            95 -116 55 -244 26 vhcurveto
            return
        </CharString>
    </GlobalSubrs>
</Glyph>