<GlobalSubrs>
    
      
    <!-- The 'index' attribute is only for humans; it is ignored when parsed. -->
    
      
    <CharString index="0">
        
        rmoveto
        91 8 -51 callsubr
        rlinecurve
        -87 callgsubr
        5 -71 6 -71 5 -71 rrcurveto
        -58 614 -88 callgsubr
      
    </CharString>
    
      
    <CharString index="1">
        
        rmoveto
        -92 callsubr
        -183 158 -100 296 151 vhcurveto
        -147 422 -79 callgsubr
      
    </CharString>
    
      
    <CharString index="2">
        
        rmoveto
        49 -45 43 -122 29 vhcurveto
        199 133 8 60 rlineto
        -289 hlineto
        -12 -61 rlineto
        212 hlineto
        -204 -134 -5 -31 rlineto
        137 -26 49 -34 -34 vvcurveto
        -37 -50 -37 -202 21 vhcurveto
        -9 -65 rlineto
        251 -24 82 78 70 vvcurveto
        return
      
    </CharString>
    
      
    <CharString index="3">
        
        rmoveto
        54 -49 50 -154 26 vhcurveto
        26 107 rlineto
        200 36 callgsubr
        -270 hlineto
        -52 -212 rlineto
        159 -22 51 -34 -37 vvcurveto
        -42 -57 -43 -198 17 vhcurveto
        -8 -66 rlineto
        246 -18 88 81 78 vvcurveto
        return
      
    </CharString>
    
      
    <CharString index="4">
        
        rmoveto
        -88 callsubr
        -53 callsubr
        hvcurveto
        -13 -114 45 -46 162 97 rrcurveto
        return
      
    </CharString>
    
      
    <CharString index="5">
        
        rmoveto
        -52 32 rlineto
        -76 -61 -48 -45 -57 hhcurveto
        -55 -35 36 90 -37 hvcurveto
        -69 -35 rlineto
        -110 42 60 -52 76 hhcurveto
        79 80 59 101 77 hvcurveto
        return
      
    </CharString>
    
      
    <CharString index="6">
        
        -104 callgsubr
        endchar
      
    </CharString>
    
      
    <CharString index="7">
        
        rmoveto
        30 59 -18 102 126 vvcurveto
        10 0 10 1 10 vhcurveto
        56 109 42 147 42 vvcurveto
        18 -37 12 -25 -34 -69 -182 -152 -9 vhcurveto
        -69 -61 -69 -41 -47 hhcurveto
        -67 -33 72 363 130 hvcurveto
        -87 -3 rlineto
        -412 -154 63 -100 103 hhcurveto
        77 82 54 67 62 hvcurveto
        2 -121 12 -82 -26 -26 -23 -22 -87 -20 -208 18 -13 -88 rcurveline
        258 -14 114 44 35 69 rrcurveto
        endchar
      
    </CharString>
    
      
    <CharString index="8">
        
        -105 callgsubr
        endchar
      
    </CharString>
    
      
    <CharString index="9">
        
        21 79 rlineto
        -322 hlineto
        45 234 rlineto
        271 hlineto
        13 69 rlineto
        -270 hlineto
        44 228 rlineto
        319 2 callgsubr
        -411 -28 callgsubr
        return
      
    </CharString>
    
      
    <CharString index="10">
        
        -76 callgsubr
        -83 callsubr
        return
      
    </CharString>
    
      
    <CharString index="11">
        
        -98 callgsubr
        endchar
      
    </CharString>
    
      
    <CharString index="12">
        
        rmoveto
        113 -127 61 48 -156 166 rlineto
        -4 hlineto
        -228 -162 40 -48 rlineto
        return
      
    </CharString>
    
      
    <CharString index="13">
        
        -79 -68 -55 -39 -49 hhcurveto
        -47 -22 36 94 21 hvcurveto
        78 346 -89 -5 -84 -137 48 -30 -41 -185 rlineto
        -138 -31 40 -66 82 hhcurveto
        return
      
    </CharString>
    
      
    <CharString index="14">
        
        316 hlineto
        13 62 rlineto
        -224 hlineto
        164 101 93 72 91 vvcurveto
        91 -93 46 -185 -27 vhcurveto
        -10 -65 rlineto
        157 22 53 -31 -53 vvcurveto
        -74 -107 -70 -178 -108 vhcurveto
        return
      
    </CharString>
    
      
    <CharString index="15">
        
        rmoveto
        -40 -31 32 75 151 87 150 108 26 37 -6 -12 41 hvcurveto
        -59 -293 rlineto
        -53 -53 -70 -44 53 callsubr
      
    </CharString>
    
      
    <CharString index="16">
        
        rmoveto
        -97 callsubr
        return
      
    </CharString>
    
      
    <CharString index="17">
        
        rmoveto
        4 hlineto
        229 162 -42 48 -173 -123 -113 127 -62 -48 rlineto
        return
      
    </CharString>
    
      
    <CharString index="18">
        
        rmoveto
        -96 callgsubr
      
    </CharString>
    
      
    <CharString index="19">
        
        rmoveto
        8 hlineto
        10 -109 10 -111 8 -111 rrcurveto
        -194 hlineto
        52 111 53 110 53 110 rrcurveto
        endchar
      
    </CharString>
    
      
    <CharString index="20">
        
        -129 hlineto
        -115 -229 -112 -232 -105 -229 rrcurveto
        93 hlineto
        31 69 32 70 32 70 rrcurveto
        232 hlineto
        return
      
    </CharString>
    
      
    <CharString index="21">
        
        rmoveto
        16 -60 rlineto
        229 60 80 128 119 vvcurveto
        104 -68 51 -89 -98 -76 -63 -94 -115 135 -44 116 86 vhcurveto
        -22 -67 -66 -69 -157 -36 rrcurveto
        61 254 rmoveto
        51 35 41 61 52 47 -30 -80 -7 0 -8 -1 -7 vhcurveto
        -98 -71 -96 33 78 vvcurveto
        endchar
      
    </CharString>
    
      
    <CharString index="22">
        
        rmoveto
        -93 callgsubr
        return
      
    </CharString>
    
      
    <CharString index="23">
        
        -94 callsubr
        endchar
      
    </CharString>
    
      
    <CharString index="24">
        
        -30 callgsubr
        -68 -78 -41 -80 -78 vhcurveto
        6 41 7 53 3 17 -86 -5 rcurveline
        -25 -161 -24 -122 -50 -259 rrcurveto
        87 hlineto
        15 73 44 224 13 70 rrcurveto
        71 71 62 35 47 hhcurveto
        37 17 -22 -40 hvcurveto
        return
      
    </CharString>
    
      
    <CharString index="25">
        
        rmoveto
        28 56 -28 78 143 vvcurveto
        15 1 18 1 18 vhcurveto
        58 113 50 136 39 vvcurveto
        17 -36 16 -23 -8 -11 -10 -18 -11 vhcurveto
        17 -37 -38 9 -39 hhcurveto
        -183 -131 -176 -184 -113 56 -57 76 72 69 50 66 54 hvcurveto
        3 -111 23 -81 -27 -27 -22 -23 -94 -21 -214 18 rrcurveto
        return
      
    </CharString>
    
      
    <CharString index="26">
        
        rmoveto
        -111 58 -63 87 124 97 134 150 112 -57 63 -87 -124 -98 -134 -151 vhcurveto
        295 105 rmoveto
        -110 -57 -108 -82 -52 -32 41 78 109 56 109 83 52 32 -41 -78 vhcurveto
        endchar
      
    </CharString>
    
      
    <CharString index="27">
        
        rmoveto
        39 -31 68 56 83 84 48 59 rlinecurve
        -86 47 -36 -63 -64 -92 -52 -60 rlinecurve
        233 -1 rmoveto
        39 -30 69 55 81 83 48 61 rlinecurve
        -89 41 -36 -63 -60 -87 -52 -60 rlinecurve
        return
      
    </CharString>
    
      
    <CharString index="28">
        
        rmoveto
        57 35 -30 -44 -89 -120 -49 -188 -15 hvcurveto
        115 20 80 112 116 hhcurveto
        endchar
      
    </CharString>
    
      
    <CharString index="29">
        
        rmoveto
        83 2 92 390 -88 -3 -40 -181 rlineto
        -163 -53 -86 60 165 vvcurveto
        175 98 188 131 75 14 -61 -115 -3 vhcurveto
        86 1 rlineto
        174 9 -43 83 -122 hhcurveto
        -184 -153 -221 -239 -203 120 -92 202 56 hvcurveto
        return
      
    </CharString>
    
      
    <CharString index="30">
        
        35 callsubr
        hintmask 11100000
        0 callsubr
        hintmask 11010000
        -83 callgsubr
        hintmask 11100000
        -89 -37 callsubr
        endchar
      
    </CharString>
    
      
    <CharString index="31">
        
        rmoveto
        47 -45 41 -46 38 vhcurveto
        39 20 49 23 59 27 -22 41 rcurveline
        -66 -30 -54 -26 -44 -23 rrcurveto
        return
      
    </CharString>
    
      
    <CharString index="32">
        
        -103 callgsubr
        hintmask 10111100
        -93 callsubr
      
    </CharString>
    
      
    <CharString index="33">
        
        -274 -149 rmoveto
        93 1 44 147 -101 -1 rlineto
        return
      
    </CharString>
    
      
    <CharString index="34">
        
        -10 45 -97 -40 -6 19 15 75 rlinecurve
        79 403 rlineto
        -86 hlineto
        -70 -354 rlineto
        return
      
    </CharString>
    
      
    <CharString index="35">
        
        -45 callgsubr
        -73 callsubr
        endchar
      
    </CharString>
    
      
    <CharString index="36">
        
        rmoveto
        157 -537 rlineto
        87 0 callgsubr
        -86 hlineto
        -100 -527 rlineto
        -5 hlineto
        -150 529 -96 -3 -133 -687 rlineto
        86 hlineto
        101 537 rlineto
        return
      
    </CharString>
    
      
    <CharString index="37">
        
        -6 callsubr
        hintmask 11000000
        -60 callsubr
        hintmask 10100000
        -47 callsubr
        endchar
      
    </CharString>
    
      
    <CharString index="38">
        
        rlineto
        5 -28 -27 2 -24 hhcurveto
        -194 -132 -188 -200 -120 52 -61 69 61 77 50 62 62 hvcurveto
        -11 -110 46 -42 163 94 79 callsubr
        -42 -34 38 82 144 87 147 106 26 40 -6 -13 41 hvcurveto
        -58 -298 rlineto
        -53 -51 -67 -41 -48 hhcurveto
        endchar
      
    </CharString>
    
      
    <CharString index="39">
        
        43 130 75 262 71 296 rrcurveto
        -89 hlineto
        -31 -134 -90 -368 -20 -66 rrcurveto
        -4 hlineto
        -24 364 rlineto
        -56 hlineto
        -165 -364 rlineto
        return
      
    </CharString>
    
      
    <CharString index="40">
        
        -66 callsubr
        -164 -461 -101 callgsubr
      
    </CharString>
    
      
    <CharString index="41">
        
        803 -107 callsubr
        return
      
    </CharString>
    
      
    <CharString index="42">
        
        rmoveto
        -44 callgsubr
        51 -10 44 -19 34 hvcurveto
        70 78 -51 39 -59 -68 rlineto
        29 -34 -45 15 -53 hhcurveto
        -45 callsubr
        -53 11 -45 20 -34 hvcurveto
        -71 -78 51 -38 61 67 rlineto
        -27 33 44 -14 51 hhcurveto
        -111 234 rmoveto
        140 77 124 112 37 31 -13 -25 21 vhcurveto
        -267 -302 rlineto
        -7 22 -4 25 29 vvcurveto
        126 -160 rmoveto
        -36 -30 12 23 -21 hvcurveto
        266 299 rlineto
        6 -21 3 -23 -27 vvcurveto
        -142 -77 -121 -111 vhcurveto
        endchar
      
    </CharString>
    
      
    <CharString index="43">
        
        rmoveto
        186 131 221 229 67 -11 54 -21 42 hvcurveto
        73 96 -54 36 -58 -77 rlineto
        33 -34 -45 17 -52 hhcurveto
        -184 -133 -220 -230 -66 11 -54 20 -41 hvcurveto
        -72 -97 54 -37 57 77 rlineto
        -33 34 45 -17 53 hhcurveto
        -107 271 rmoveto
        184 85 184 124 38 31 -17 -34 21 vhcurveto
        -292 -395 rlineto
        -5 23 -2 26 29 vvcurveto
        120 -192 rmoveto
        -40 -31 18 35 -21 hvcurveto
        294 396 rlineto
        4 -23 3 -27 -30 vvcurveto
        -185 -85 -184 -124 vhcurveto
        endchar
      
    </CharString>
    
      
    <CharString index="44">
        
        -69 callsubr
        hintmask 1111110110000000
        -98 callsubr
      
    </CharString>
    
      
    <CharString index="45">
        
        93 hlineto
        43 224 317 464 rlineto
        -99 hlineto
        -244 -370 -106 372 -95 -4 137 -453 rlineto
        endchar
      
    </CharString>
    
      
    <CharString index="46">
        
        -5 hlineto
        6 66 52 368 21 134 rrcurveto
        -91 hlineto
        -43 -295 -27 -262 -6 -131 rrcurveto
        96 hlineto
        endchar
      
    </CharString>
    
      
    <CharString index="47">
        
        45 55 45 67 44 78 -75 26 rcurveline
        -33 -65 -33 -54 -33 -46 -40 69 -25 68 -9 70 rrcurveto
        67 68 39 72 55 vvcurveto
        37 -25 21 -36 -58 -71 -105 -120 vhcurveto
        -9 vlineto
        -142 -121 -87 -121 -110 vvcurveto
        return
      
    </CharString>
    
      
    <CharString index="48">
        
        rmoveto
        38 68 rlineto
        -161 69 -71 47 52 vvcurveto
        hintmask 11010000
        72 129 40 81 vvcurveto
        37 -26 36 -74 22 vhcurveto
        hintmask 11001000
        101 25 41 52 45 vvcurveto
        hintmask 11100000
        54 -73 67 48 vvcurveto
        56 88 44 214 42 vhcurveto
        -16 76 rlineto
        -278 -66 -92 -83 -79 vvcurveto
        hintmask 11001000
        -69 74 -60 -45 vvcurveto
        -35 -39 -33 -141 -7 vhcurveto
        -13 -65 rlineto
        hintmask 11010000
        102 -12 46 -27 -37 -60 -133 -39 -97 vvcurveto
        -72 79 -57 205 -90 vhcurveto
        endchar
      
    </CharString>
    
      
    <CharString index="49">
        
        84 vstem
        521 72 -100 callsubr
        return
      
    </CharString>
    
      
    <CharString index="50">
        
        rmoveto
        -39 -202 rlineto
        262 hlineto
        21 77 rlineto
        -187 hlineto
        46 238 rlineto
        152 hlineto
        13 66 rlineto
        -152 hlineto
        45 230 rlineto
        183 hlineto
        15 77 rlineto
        -328 hlineto
        -122 -229 -121 -232 -118 -227 rrcurveto
        93 hlineto
        34 67 34 67 34 68 rrcurveto
        205 409 rmoveto
        9 hlineto
        -66 -341 rlineto
        -114 hlineto
        56 113 57 115 58 113 rrcurveto
        endchar
      
    </CharString>
    
      
    <CharString index="51">
        
        27 callsubr
        125 637 -89 -7 -44 -224 -69 callgsubr
      
    </CharString>
    
      
    <CharString index="52">
        
        -53 callgsubr
        62 60 return
      
    </CharString>
    
      
    <CharString index="53">
        
        460 hlineto
        15 81 -354 -2 454 531 13 78 rlineto
        -449 hlineto
        -15 -81 347 2 -457 -531 rlineto
        endchar
      
    </CharString>
    
      
    <CharString index="54">
        
        -39 70 -419 -291 -14 -76 310 -320 return
      
    </CharString>
    
      
    <CharString index="55">
        
        -44 callsubr
        36 callsubr
        return
      
    </CharString>
    
      
    <CharString index="56">
        
        -83 callsubr
        hintmask 11101000
        -98 callsubr
      
    </CharString>
    
      
    <CharString index="57">
        
        rmoveto
        94 1 46 147 -105 -1 rlineto
        return
      
    </CharString>
    
      
    <CharString index="58">
        
        hlineto
        -15 -76 rlineto
        return
      
    </CharString>
    
      
    <CharString index="59">
        
        -52 callgsubr
        hintmask 11101100
        -74 callgsubr
        return
      
    </CharString>
    
      
    <CharString index="60">
        
        82 1 rlineto
        131 6 -47 55 -103 hhcurveto
        -176 -151 -172 -190 return
      
    </CharString>
    
      
    <CharString index="61">
        
        890 -95 callgsubr
        return
      
    </CharString>
    
      
    <CharString index="62">
        
        rmoveto
        -8 48 -165 -54 -33 33 193 470 rlinecurve
        -43 23 -70 -31 -81 -22 -67 -9 rlinecurve
        return
      
    </CharString>
    
      
    <CharString index="63">
        
        165 128 156 193 return
      
    </CharString>
    
      
    <CharString index="64">
        
        891 -57 callsubr
        return
      
    </CharString>
    
      
    <CharString index="65">
        
        49 -82 84 -71 -60 vvcurveto
        -51 -54 -34 -239 20 vhcurveto
        -2 -82 rlineto
        return
      
    </CharString>
    
      
    <CharString index="66">
        
        -21 687 -498 -10 callgsubr
        hstemhm
        return
      
    </CharString>
    
      
    <CharString index="67">
        
        11 -65 -5 -69 -49 -76 return
      
    </CharString>
    
      
    <CharString index="68">
        
        hlineto
        154 106 58 callsubr
        -55 callgsubr
        rlineto
        hintmask 01110000
        -128 129 rlineto
        return
      
    </CharString>
    
      
    <CharString index="69">
        
        -34 callgsubr
        -21 callsubr
        return
      
    </CharString>
    
      
    <CharString index="70">
        
        -4 callgsubr
        -133 -686 -9 callsubr
        -92 -9 rmoveto
        -5 callsubr
        105 544 8 callsubr
        endchar
      
    </CharString>
    
      
    <CharString index="71">
        
        147 -145 53 callgsubr
        return
      
    </CharString>
    
      
    <CharString index="72">
        
        rmoveto
        -48 62 rlineto
        -296 -201 -117 -170 -185 vvcurveto
        -137 66 -148 164 -180 vhcurveto
        69 51 rlineto
        -152 161 -61 131 123 vvcurveto
        162 93 149 282 182 vhcurveto
        endchar
      
    </CharString>
    
      
    <CharString index="73">
        
        -11 77 139 52 227 74 return
      
    </CharString>
    
      
    <CharString index="74">
        
        78 vstem
        187 472 -85 callgsubr
        return
      
    </CharString>
    
      
    <CharString index="75">
        
        46 callsubr
        212 hlineto
        15 79 rlineto
        -516 hlineto
        -15 -79 rlineto
        211 hlineto
        -118 -609 rlineto
        return
      
    </CharString>
    
      
    <CharString index="76">
        
        hintmask 10010000
        -13 callgsubr
        hintmask 00110000
        115 -116 rlineto
        return
      
    </CharString>
    
      
    <CharString index="77">
        
        62 73 189 109 vvcurveto
        58 -25 46 -70 return
      
    </CharString>
    
      
    <CharString index="78">
        
        -49 66 hstem
        331 79 vstem
        123 -148 rmoveto
        47 -16 rlineto
        -26 callsubr
        79 2 rlineto
        143 9 -58 66 -75 hhcurveto
        -63 -53 -53 -112 -47 hvcurveto
        endchar
      
    </CharString>
    
      
    <CharString index="79">
        
        hlineto
        -133 -688 rlineto
        return
      
    </CharString>
    
      
    <CharString index="80">
        
        -85 vvcurveto
        -74 64 -24 134 83 vhcurveto
        return
      
    </CharString>
    
      
    <CharString index="81">
        
        1 callsubr
        -20 callsubr
        return
      
    </CharString>
    
      
    <CharString index="82">
        
        1 callgsubr
        -20 callgsubr
        return
      
    </CharString>
    
      
    <CharString index="83">
        
        -107 -1326 396 hstem
        -884 515 vstem
        -417 -288 -84 callsubr
      
    </CharString>
    
      
    <CharString index="84">
        
        61 256 138 hstem
        return
      
    </CharString>
    
      
    <CharString index="85">
        
        hstemhm
        61 90 232 84 return
      
    </CharString>
    
      
    <CharString index="86">
        
        427 hlineto
        17 79 rlineto
        -336 hlineto
        return
      
    </CharString>
    
      
    <CharString index="87">
        
        hstem
        73 95 333 95 vstem
        return
      
    </CharString>
    
      
    <CharString index="88">
        
        hstem
        90 90 209 90 vstem
        return
      
    </CharString>
    
      
    <CharString index="89">
        
        vstem
        75 hmoveto
        -42 callsubr
        return
      
    </CharString>
    
      
    <CharString index="90">
        
        -189 81 139 80 hstem
        84 90 240 76 vstem
        return
      
    </CharString>
    
      
    <CharString index="91">
        
        608 233 hstem
        238 293 vstem
        393 841 -64 callsubr
        endchar
      
    </CharString>
    
      
    <CharString index="92">
        
        -35 callsubr
        hstem
        71 return
      
    </CharString>
    
      
    <CharString index="93">
        
        41 callgsubr
        37 vvcurveto
        38 59 46 146 47 vhcurveto
        return
      
    </CharString>
    
      
    <CharString index="94">
        
        238 85 callsubr
        -61 -60 rlineto
        return
      
    </CharString>
    
      
    <CharString index="95">
        
        169 269 vstem
        416 613 -91 callsubr
        endchar
      
    </CharString>
    
      
    <CharString index="96">
        
        hlineto
        337 232 80 callgsubr
        -55 callgsubr
        rlineto
        hintmask 01100000
        -245 247 rlineto
        return
      
    </CharString>
    
      
    <CharString index="97">
        
        76 170 76 return
      
    </CharString>
    
      
    <CharString index="98">
        
        -192 83 -80 80 136 81 375 74 return
      
    </CharString>
    
      
    <CharString index="99">
        
        rmoveto
        -188 -968 rlineto
        345 hlineto
        14 72 rlineto
        -257 hlineto
        160 824 rlineto
        257 hlineto
        15 72 rlineto
        endchar
      
    </CharString>
    
      
    <CharString index="100">
        
        168 -10 callgsubr
        hstem
        return
      
    </CharString>
    
      
    <CharString index="101">
        
        hlineto
        26 callgsubr
        -201 -49 callgsubr
        201 hlineto
        -40 -208 rlineto
        81 hlineto
        return
      
    </CharString>
    
      
    <CharString index="102">
        
        rmoveto
        -84 -3 -192 -983 rlineto
        84 hlineto
        return
      
    </CharString>
    
      
    <CharString index="103">
        
        rmoveto
        215 -140 88 -260 -43 vhcurveto
        return
      
    </CharString>
    
      
    <CharString index="104">
        
        90 -36 callgsubr
        return
      
    </CharString>
    
      
    <CharString index="105">
        
        -23 callsubr
        hstem
        3 return
      
    </CharString>
    
      
    <CharString index="106">
        
        hstemhm
        73 -15 callsubr
        return
      
    </CharString>
    
      
    <CharString index="107">
        
        hlineto
        133 688 rlineto
        return
      
    </CharString>
    
      
    <CharString index="108">
        
        -14 80 556 80 return
      
    </CharString>
    
      
    <CharString index="109">
        
        hlineto
        15 78 rlineto
        return
      
    </CharString>
    
      
    <CharString index="110">
        
        673 75 hstem
        124 382 vstem
        492 673 -58 callsubr
        endchar
      
    </CharString>
    
      
    <CharString index="111">
        
        76 62 87 89 87 vhcurveto
        8 callgsubr
        -42 -25 26 47 hvcurveto
        return
      
    </CharString>
    
      
    <CharString index="112">
        
        -133 -166 -137 -163 -238 vhcurveto
        55 10 rmoveto
        196 108 145 132 103 79 return
      
    </CharString>
    
      
    <CharString index="113">
        
        -9 81 551 78 hstem
        143 93 189 94 vstem
        return
      
    </CharString>
    
      
    <CharString index="114">
        
        28 callsubr
        -114 -43 -46 19 36 vvcurveto
        return
      
    </CharString>
    
      
    <CharString index="115">
        
        15 -71 31 -73 44 -72 rrcurveto
        -73 -66 -62 -34 -46 hhcurveto
        return
      
    </CharString>
    
      
    <CharString index="116">
        
        0 74 541 73 return
      
    </CharString>
    
      
    <CharString index="117">
        
        -12 77 415 77 hstem
        84 89 300 82 vstem
        return
      
    </CharString>
    
      
    <CharString index="118">
        
        -15 84 552 82 hstem
        79 92 324 87 vstem
        return
      
    </CharString>
    
      
    <CharString index="119">
        
        0 161 376 153 return
      
    </CharString>
    
      
    <CharString index="120">
        
        -49 callgsubr
        endchar
      
    </CharString>
    
      
    <CharString index="121">
        
        hhcurveto
        67 10 -73 -101 -83 hvcurveto
        37 -19 rlineto
        152 145 -21 134 -122 hhcurveto
        return
      
    </CharString>
    
      
    <CharString index="122">
        
        rmoveto
        121 hlineto
        25 123 rlineto
        -121 hlineto
        return
      
    </CharString>
    
      
    <CharString index="123">
        
        0 111 hstem
        80 539 vstem
        return
      
    </CharString>
    
      
    <CharString index="124">
        
        -61 -60 282 -285 -2 -10 return
      
    </CharString>
    
      
    <CharString index="125">
        
        hstem
        196 92 vstem
        return
      
    </CharString>
    
      
    <CharString index="126">
        
        -45 166 84 vhcurveto
        return
      
    </CharString>
    
      
    <CharString index="127">
        
        hlineto
        -345 -237 80 callgsubr
        22 callsubr
      
    </CharString>
    
      
    <CharString index="128">
        
        47 -16 rcurveline
        hintmask 10111100
        -26 callsubr
        endchar
      
    </CharString>
    
      
    <CharString index="129">
        
        -41 callsubr
        -115 -2 rcurveline
        -40 callgsubr
        rrcurveto
        endchar
      
    </CharString>
    
      
    <CharString index="130">
        
        16 76 rlineto
        return
      
    </CharString>
    
      
    <CharString index="131">
        
        50 hstem
        55 55 422 55 vstem
        55 279 rmoveto
        -171 95 -100 131 return
      
    </CharString>
    
      
    <CharString index="132">
        
        rmoveto
        39 callgsubr
        39 callsubr
        hvcurveto
        return
      
    </CharString>
    
      
    <CharString index="133">
        
        40 207 rlineto
        -81 hlineto
        -40 -207 rlineto
        return
      
    </CharString>
    
      
    <CharString index="134">
        
        9 callgsubr
        hstem
        47 548 vstem
        return
      
    </CharString>
    
      
    <CharString index="135">
        
        -16 81 35 callgsubr
        return
      
    </CharString>
    
      
    <CharString index="136">
        
        56 342 61 return
      
    </CharString>
    
      
    <CharString index="137">
        
        hintmask 10100000
        -13 callgsubr
        hintmask 01100000
        239 -242 rlineto
        return
      
    </CharString>
    
      
    <CharString index="138">
        
        -11 79 18 callgsubr
        return
      
    </CharString>
    
      
    <CharString index="139">
        
        34 callsubr
        hstem
        return
      
    </CharString>
    
      
    <CharString index="140">
        
        49 hhcurveto
        42 34 -39 -82 -146 -86 -145 -110 hvcurveto
        endchar
      
    </CharString>
    
      
    <CharString index="141">
        
        62 callsubr
        hstem
        145 90 return
      
    </CharString>
    
      
    <CharString index="142">
        
        hstem
        85 94 vstem
        return
      
    </CharString>
    
      
    <CharString index="143">
        
        hlineto
        18 61 rlineto
        return
      
    </CharString>
    
      
    <CharString index="144">
        
        15 76 rlineto
        return
      
    </CharString>
    
      
    <CharString index="145">
        
        -186 rmoveto
        41 callgsubr
        36 vvcurveto
        39 return
      
    </CharString>
    
      
    <CharString index="146">
        
        -35 -29 29 35 35 29 29 35 return
      
    </CharString>
    
      
    <CharString index="147">
        
        -9 -7 -7 -9 -9 -7 6 10 return
      
    </CharString>
    
      
    <CharString index="148">
        
        -11 43 83 callsubr
        -45 19 return
      
    </CharString>
    
      
    <CharString index="149">
        
        hintmask 1100010001001000111100010001010000101100
        return
      
    </CharString>
    
      
    <CharString index="150">
        
        hintmask 1000010001010000111100010000100010101100
        return
      
    </CharString>
    
      
    <CharString index="151">
        
        hstemhm
        80 88 -88 572 return
      
    </CharString>
    
      
    <CharString index="152">
        
        414 19 callsubr
        return
      
    </CharString>
    
      
    <CharString index="153">
        
        61 337 61 hstem
        return
      
    </CharString>
    
      
    <CharString index="154">
        
        48 171 56 hstem
        return
      
    </CharString>
    
      
    <CharString index="155">
        
        50 callgsubr
        vstem
        return
      
    </CharString>
    
      
    <CharString index="156">
        
        29 callsubr
        hstem
        return
      
    </CharString>
    
      
    <CharString index="157">
        
        69 195 67 return
      
    </CharString>
    
      
    <CharString index="158">
        
        -7 callgsubr
        -554 1132 vstem
        return
      
    </CharString>
    
      
    <CharString index="159">
        
        rmoveto
        122 hlineto
        25 124 rlineto
        -121 hlineto
        endchar
      
    </CharString>
    
      
    <CharString index="160">
        
        147 hstemhm
        return
      
    </CharString>
    
      
    <CharString index="161">
        
        0 77 125 68 45 66 230 77 hstem
        -17 return
      
    </CharString>
    
      
    <CharString index="162">
        
        -15 79 560 79 hstem
        75 95 329 95 vstem
        return
      
    </CharString>
    
      
    <CharString index="163">
        
        -72 -2 -71 -364 rlineto
        56 hlineto
        54 280 rlineto
        return
      
    </CharString>
    
      
    <CharString index="164">
        
        0 78 389 77 hstem
        41 return
      
    </CharString>
    
      
    <CharString index="165">
        
        0 80 528 80 hstem
        32 return
      
    </CharString>
    
      
    <CharString index="166">
        
        rlineto
        -109 return
      
    </CharString>
    
      
    <CharString index="167">
        
        hintmask 01110000
        -97 -67 rlineto
        return
      
    </CharString>
    
      
    <CharString index="168">
        
        72 824 72 hstem
        return
      
    </CharString>
    
      
    <CharString index="169">
        
        29 callgsubr
        hstemhm
        return
      
    </CharString>
    
      
    <CharString index="170">
        
        4 63 554 82 return
      
    </CharString>
    
      
    <CharString index="171">
        
        -83 45 -52 83 71 82 45 87 86 vhcurveto
        return
      
    </CharString>
    
      
    <CharString index="172">
        
        38 22 26 41 47 vvcurveto
        71 -57 57 -71 return
      
    </CharString>
    
      
    <CharString index="173">
        
        -205 1209 hstem
        -20 692 vstem
        return
      
    </CharString>
    
      
    <CharString index="174">
        
        hintmask 1000010001010000111100010001000010101100
        return
      
    </CharString>
    
      
    <CharString index="175">
        
        hintmask 1000010001001000111010010001000010101100
        return
      
    </CharString>
    
      
    <CharString index="176">
        
        hintmask 1000010001000100111100010011000010101100
        return
      
    </CharString>
    
      
    <CharString index="177">
        
        -234 29 callsubr
        return
      
    </CharString>
    
      
    <CharString index="178">
        
        hstem
        62 88 233 86 return
      
    </CharString>
    
      
    <CharString index="179">
        
        138 rlinecurve
        -123 -4 return
      
    </CharString>
    
      
    <CharString index="180">
        
        -202 999 return
      
    </CharString>
    
      
    <CharString index="181">
        
        69 44 69 return
      
    </CharString>
    
      
    <CharString index="182">
        
        -72 32 -680 -977 80 -22 return
      
    </CharString>
    
      
    <CharString index="183">
        
        hlineto
        124 622 rlineto
        51 1 return
      
    </CharString>
    
      
    <CharString index="184">
        
        -19 -79 -87 -96 rlinecurve
        -238 hmoveto
        return
      
    </CharString>
    
      
    <CharString index="185">
        
        82 callsubr
        492 92 vstem
        return
      
    </CharString>
    
      
    <CharString index="186">
        
        -12 84 411 74 return
      
    </CharString>
    
      
    <CharString index="187">
        
        rlineto
        hintmask 10100000
        return
      
    </CharString>
    
      
    <CharString index="188">
        
        381 262 return
      
    </CharString>
    
      
    <CharString index="189">
        
        hlineto
        23 callgsubr
        return
      
    </CharString>
    
      
    <CharString index="190">
        
        rlineto
        -124 hlineto
        return
      
    </CharString>
    
      
    <CharString index="191">
        
        -381 -262 return
      
    </CharString>
    
      
    <CharString index="192">
        
        624 rmoveto
        return
      
    </CharString>
    
    
</GlobalSubrs>