<Subrs>
    
          
    <!-- The 'index' attribute is only for humans; it is ignored when parsed. -->
    
          
    <CharString index="0">
        
            rmoveto
            18 -40 83 35 127 64 75 57 rlinecurve
            -62 71 -64 -61 -106 -82 -71 -44 rlinecurve
            return
          
    </CharString>
    
          
    <CharString index="1">
        
            rmoveto
            -73 callgsubr
            -94 callgsubr
            64 66 43 83 72 hvcurveto
            -19 -124 48 -42 161 95 rrcurveto
            endchar
          
    </CharString>
    
          
    <CharString index="2">
        
            rmoveto
            175 -82 84 -119 -187 -135 -226 -231 -175 82 -84 118 188 135 226 231 vhcurveto
            -428 -194 rmoveto
            184 89 189 126 71 47 -59 -125 -183 -89 -189 -126 -71 -47 59 124 vhcurveto
            endchar
          
    </CharString>
    
          
    <CharString index="3">
        
            rmoveto
            142 -79 80 -122 -45 callsubr
            -143 78 -79 122 -44 callgsubr
            vhcurveto
            -403 -115 rmoveto
            139 77 124 111 79 46 -60 -101 -140 -78 -121 -110 -79 -46 58 101 vhcurveto
            endchar
          
    </CharString>
    
          
    <CharString index="4">
        
            rmoveto
            131 91 77 163 32 hvcurveto
            90 464 rlineto
            -81 callsubr
            -92 hlineto
            -87 -443 rlineto
            -176 -34 76 -85 142 hhcurveto
            endchar
          
    </CharString>
    
          
    <CharString index="5">
        
            255 183 108 172 132 vvcurveto
            74 -39 43 -66 -157 -192 -283 -302 vhcurveto
            -16 vlineto
            -25 -17 -36 -24 -10 -6 24 -40 rcurveline
            7 5 24 15 21 13 29 -164 136 -16 206 123 rrcurveto
            -58 85 callgsubr
            31 21 -22 -44 -90 -76 -139 -204 -160 hvcurveto
            242 9 127 213 92 hhcurveto
            return
          
    </CharString>
    
          
    <CharString index="6">
        
            rmoveto
            98 76 63 94 114 -134 45 -117 -85 hvcurveto
            23 66 66 68 156 37 -16 60 rcurveline
            -229 -60 -80 -128 -119 vvcurveto
            -104 69 -51 88 vhcurveto
            11 56 rmoveto
            -51 -48 30 80 7 0 7 1 8 hvcurveto
            98 71 96 -34 -77 vvcurveto
            -51 -35 -41 -61 vhcurveto
            endchar
          
    </CharString>
    
          
    <CharString index="7">
        
            rmoveto
            -16 46 -14 callsubr
            rlinecurve
            -102 callsubr
            return
          
    </CharString>
    
          
    <CharString index="8">
        
            -103 callgsubr
            hintmask 10111000
            -93 callsubr
          
    </CharString>
    
          
    <CharString index="9">
        
            -107 -63 -24 -39 -42 vvcurveto
            -60 58 -40 89 101 72 53 66 vhcurveto
            -160 -63 rmoveto
            -51 -40 23 37 23 16 25 85 49 hvcurveto
            43 -35 40 -32 -31 vvcurveto
            -33 -38 -26 -55 vhcurveto
            endchar
          
    </CharString>
    
          
    <CharString index="10">
        
            328 hlineto
            15 61 rlineto
            -125 hlineto
            79 396 -72 -6 -13 -67 -138 -17 -9 -54 134 7 -51 -259 rlineto
            -136 hlineto
            return
          
    </CharString>
    
          
    <CharString index="11">
        
            rmoveto
            53 36 callgsubr
            -59 hlineto
            29 147 -68 -5 -28 -142 rlineto
            -160 hlineto
            56 80 42 78 44 132 -77 3 rcurveline
            -40 -130 -39 -79 -58 -96 -5 -49 rcurveline
            225 hlineto
            return
          
    </CharString>
    
          
    <CharString index="12">
        
            rmoveto
            -48 -26 113 -74 hhcurveto
            -56 -56 -54 -93 -55 hvcurveto
            46 -27 rlineto
            64 40 33 41 30 47 27 -113 74 hhcurveto
            57 55 59 93 55 hvcurveto
            -46 26 rlineto
            -64 -40 -34 -45 -29 hhcurveto
            return
          
    </CharString>
    
          
    <CharString index="13">
        
            -96 callsubr
            -17 -89 rlineto
            66 hlineto
            return
          
    </CharString>
    
          
    <CharString index="14">
        
            -355 30 -92 callgsubr
          
    </CharString>
    
          
    <CharString index="15">
        
            -11 47 rlineto
            -253 -82 -103 36 142 vvcurveto
            254 18 143 78 127 vvcurveto
            80 -59 50 -96 -187 -142 -192 -172 return
          
    </CharString>
    
          
    <CharString index="16">
        
            rmoveto
            22 38 -63 48 -89 88 -57 65 rlinecurve
            -60 -71 66 -58 110 -74 71 -36 rlinecurve
            return
          
    </CharString>
    
          
    <CharString index="17">
        
            rmoveto
            44 -292 rlineto
            84 hlineto
            70 201 51 163 48 179 rrcurveto
            -93 hlineto
            -34 -152 -32 -128 -40 -152 rrcurveto
            -5 hlineto
            -41 295 rlineto
            -56 hlineto
            -153 -294 rlineto
            -4 hlineto
            19 148 16 129 24 154 rrcurveto
            -89 hlineto
            -28 -203 -18 -211 -5 -129 rrcurveto
            86 hlineto
            endchar
          
    </CharString>
    
          
    <CharString index="18">
        
            rmoveto
            -80 callsubr
            -43 -160 94 -52 276 114 rlinecurve
            endchar
          
    </CharString>
    
          
    <CharString index="19">
        
            -10 45 -103 -38 -6 17 15 76 rlinecurve
            76 390 rlineto
            16 -56 -53 7 -47 hhcurveto
            -197 -135 -193 -203 return
          
    </CharString>
    
          
    <CharString index="20">
        
            rmoveto
            -85 callsubr
            417 hlineto
            endchar
          
    </CharString>
    
          
    <CharString index="21">
        
            -77 callsubr
            -112 -165 -66 callsubr
            return
          
    </CharString>
    
          
    <CharString index="22">
        
            -167 hlineto
            105 541 rlineto
            161 hlineto
            14 73 rlineto
            -418 hlineto
            -14 -73 rlineto
            165 hlineto
            -105 -541 rlineto
            -162 hlineto
            -14 -74 rlineto
            return
          
    </CharString>
    
          
    <CharString index="23">
        
            rmoveto
            36 -17 -41 callsubr
            rlinecurve
            -115 -2 -40 callgsubr
            rlinecurve
            endchar
          
    </CharString>
    
          
    <CharString index="24">
        
            -33 27 -26 26 24 vvcurveto
            35 42 27 134 -31 vhcurveto
            24 67 rlineto
            -176 28 -92 -64 -68 vvcurveto
            -38 31 -34 37 -32 vhcurveto
            return
          
    </CharString>
    
          
    <CharString index="25">
        
            rmoveto
            24 -361 rlineto
            98 hlineto
            hintmask 10100000
            -68 callgsubr
            hintmask 11000000
            -61 callgsubr
          
    </CharString>
    
          
    <CharString index="26">
        
            -92 hlineto
            -90 -465 59 callgsubr
            -21 -51 -49 -79 hhcurveto
            -88 -39 55 126 25 hvcurveto
            86 442 rlineto
            return
          
    </CharString>
    
          
    <CharString index="27">
        
            -10 48 -224 -55 -28 20 25 100 rlinecurve
            100 381 -78 1 -229 -57 6 -47 195 25 -84 -318 return
          
    </CharString>
    
          
    <CharString index="28">
        
            rmoveto
            47 -45 41 -46 38 vhcurveto
            39 20 49 23 59 27 -22 41 rcurveline
            -66 -30 -54 -26 -44 -23 rrcurveto
            -51 callgsubr
          
    </CharString>
    
          
    <CharString index="29">
        
            rmoveto
            78 -9 73 129 89 133 105 123 rlinecurve
            13 59 rlineto
            -323 hlineto
            -15 -62 rlineto
            247 hlineto
            1 -3 -106 -120 -89 -126 -73 -124 rlinecurve
            return
          
    </CharString>
    
          
    <CharString index="30">
        
            187 472 -91 callgsubr
            return
          
    </CharString>
    
          
    <CharString index="31">
        
            rmoveto
            -3 callsubr
            -231 159 -89 272 97 hvcurveto
            9 84 rlineto
            -68 callsubr
            endchar
          
    </CharString>
    
          
    <CharString index="32">
        
            rmoveto
            -47 callgsubr
            -181 150 -99 283 138 hvcurveto
            -11 47 rlineto
            -52 callsubr
            endchar
          
    </CharString>
    
          
    <CharString index="33">
        
            rmoveto
            178 -315 100 14 -170 288 rlineto
            127 64 77 74 101 vvcurveto
            110 -104 80 -288 -38 44 callsubr
            92 hlineto
            118 613 rlineto
            149 17 74 -39 -76 vvcurveto
            -77 -63 -57 -157 -70 vhcurveto
            return
          
    </CharString>
    
          
    <CharString index="34">
        
            4 15 2 14 13 vvcurveto
            32 -18 18 -26 -54 -56 -61 -46 -27 21 -17 33 -8 vhcurveto
            -31 -69 -48 -67 -67 -80 35 -34 rcurveline
            72 77 65 90 39 77 51 1 62 11 59 18 -189 -440 78 -82 242 107 rrcurveto
            return
          
    </CharString>
    
          
    <CharString index="35">
        
            -56 callsubr
            rlineto
            346 -73 134 107 112 -48 callsubr
            return
          
    </CharString>
    
          
    <CharString index="36">
        
            -9 -87 264 -15 121 44 35 70 rlinecurve
            -234 198 rmoveto
            -48 -37 36 76 126 81 137 109 29 40 -9 -23 43 hvcurveto
            -26 -65 -23 -86 -10 -78 rrcurveto
            -73 -49 -57 -41 -52 hhcurveto
            endchar
          
    </CharString>
    
          
    <CharString index="37">
        
            rmoveto
            -9 46 rlineto
            -158 -75 -51 29 108 vvcurveto
            12 0 12 1 12 vhcurveto
            178 25 86 102 110 vvcurveto
            hintmask 10111100
            66 -36 44 -65 -38 -35 -15 -26 -32 vhcurveto
            hintmask 11011100
            25 -38 -40 13 -41 hhcurveto
            -145 -112 -211 -205 -97 32 -46 53 56 52 42 56 47 hvcurveto
            25 -105 92 -39 178 117 rrcurveto
            -77 417 rmoveto
            28 13 -19 -33 -66 -56 -83 -118 -21 hvcurveto
            112 19 53 110 61 hhcurveto
            -329 -408 rmoveto
            -26 -13 29 58 147 65 173 84 21 28 -7 -23 30 hvcurveto
            -52 -76 -33 -108 -108 vvcurveto
            -48 -36 -36 -37 -32 hhcurveto
            endchar
          
    </CharString>
    
          
    <CharString index="38">
        
            -66 callsubr
            -175 -493 -97 callgsubr
            return
          
    </CharString>
    
          
    <CharString index="39">
        
            -230 -85 -118 53 187 vvcurveto
            172 101 186 135 78 12 -59 -118 -2 vhcurveto
            87 2 rlineto
            169 8 -38 88 -126 hhcurveto
            return
          
    </CharString>
    
          
    <CharString index="40">
        
            rmoveto
            -24 callsubr
            -72 callsubr
            endchar
          
    </CharString>
    
          
    <CharString index="41">
        
            rmoveto
            -12 -59 rlineto
            481 hlineto
            12 59 rlineto
            return
          
    </CharString>
    
          
    <CharString index="42">
        
            527 596 -105 callgsubr
            return
          
    </CharString>
    
          
    <CharString index="43">
        
            rmoveto
            -90 -65 -56 -67 -62 55 -48 83 90 65 57 67 60 -56 49 -82 hvcurveto
            return
          
    </CharString>
    
          
    <CharString index="44">
        
            rmoveto
            -8 47 -231 -77 -37 41 28 120 rlinecurve
            63 284 rlineto
            211 hlineto
            14 70 rlineto
            -209 hlineto
            35 159 -68 -5 -85 -154 rlineto
            -70 hlineto
            -18 -70 rlineto
            103 hlineto
            -65 -289 -41 -178 96 -91 282 143 rlinecurve
            return
          
    </CharString>
    
          
    <CharString index="45">
        
            -64 callsubr
            -4 -991 -107 callgsubr
          
    </CharString>
    
          
    <CharString index="46">
        
            -76 callgsubr
            hintmask 11011000
            -51 callgsubr
          
    </CharString>
    
          
    <CharString index="47">
        
            -56 -61 -63 -67 -17 3 -16 5 -16 hvcurveto
            -39 -41 -57 -45 -92 -63 23 -41 rcurveline
            80 47 63 44 48 41 rrcurveto
            return
          
    </CharString>
    
          
    <CharString index="48">
        
            rmoveto
            16 -77 rlineto
            hintmask 10011000
            278 67 91 82 80 vvcurveto
            hintmask 11001000
            69 -73 59 45 vvcurveto
            35 39 33 141 8 vhcurveto
            13 64 rlineto
            hintmask 10101000
            -102 12 -46 27 38 59 133 39 97 vvcurveto
            72 -79 57 -205 91 vhcurveto
            -38 -68 rlineto
            161 -70 71 -46 -52 -73 -129 -39 -82 vvcurveto
            -37 26 -35 74 -22 vhcurveto
            hintmask 11001000
            -101 -25 -41 -52 -45 vvcurveto
            hintmask 10011000
            -55 73 -66 -49 vvcurveto
            -55 -88 -44 -214 -42 vhcurveto
            endchar
          
    </CharString>
    
          
    <CharString index="49">
        
            rmoveto
            14 75 rlineto
            -367 hlineto
            -15 -75 rlineto
            return
          
    </CharString>
    
          
    <CharString index="50">
        
            rmoveto
            -102 -5 4 -83 -3 -77 -58 -100 rlinecurve
            39 -17 82 96 33 90 5 96 rlinecurve
            return
          
    </CharString>
    
          
    <CharString index="51">
        
            -141 -100 -98 -105 hvcurveto
            -161 282 -71 -112 vvcurveto
            -67 -92 -52 -276 71 vhcurveto
            -18 -91 return
          
    </CharString>
    
          
    <CharString index="52">
        
            316 66 hstem
            24 callsubr
            -59 -304 rlineto
            -77 hlineto
            -13 -66 rlineto
            77 hlineto
            -61 -316 -9 callsubr
            -380 -110 rmoveto
            141 hlineto
            17 66 rlineto
            -145 hlineto
            45 235 8 callsubr
            -5 callsubr
            endchar
          
    </CharString>
    
          
    <CharString index="53">
        
            440 hlineto
            21 79 -343 -3 410 394 15 74 rlineto
            -428 hlineto
            -21 -78 331 2 -410 -392 rlineto
            endchar
          
    </CharString>
    
          
    <CharString index="54">
        
            -115 50 -56 67 61 80 53 64 64 return
          
    </CharString>
    
          
    <CharString index="55">
        
            -233 -72 -100 42 141 vvcurveto
            143 97 126 118 58 26 -28 -82 1 vhcurveto
            return
          
    </CharString>
    
          
    <CharString index="56">
        
            -19 230 -22 228 -25 228 return
          
    </CharString>
    
          
    <CharString index="57">
        
            -19 -89 rlineto
            209 -25 107 -32 -80 vvcurveto
            -63 -63 -60 -195 -100 vhcurveto
            29 -49 rlineto
            238 120 93 90 93 vvcurveto
            106 -129 61 -270 28 vhcurveto
            return
          
    </CharString>
    
          
    <CharString index="58">
        
            96 vstem
            255 220 rmoveto
            198 -227 101 14 -195 216 rlineto
            159 88 63 83 71 vvcurveto
            55 -37 37 -65 -71 -87 -44 -87 -85 vhcurveto
            69 355 -90 -7 -149 -774 rlineto
            87 hlineto
            68 348 rlineto
            84 80 76 43 55 hhcurveto
            33 20 -17 -29 -47 -52 -69 -178 -93 hvcurveto
            return
          
    </CharString>
    
          
    <CharString index="59">
        
            154 -283 67 128 vvcurveto
            61 53 52 74 73 43 -38 -91 15 vhcurveto
            return
          
    </CharString>
    
          
    <CharString index="60">
        
            -42 callgsubr
            301 -15 82 81 88 vvcurveto
            return
          
    </CharString>
    
          
    <CharString index="61">
        
            757 -91 callsubr
            return
          
    </CharString>
    
          
    <CharString index="62">
        
            -165 -127 -158 -191 return
          
    </CharString>
    
          
    <CharString index="63">
        
            rmoveto
            92 2 46 147 return
          
    </CharString>
    
          
    <CharString index="64">
        
            630 81 callsubr
            87 464 vstem
            402 699 -95 callsubr
            endchar
          
    </CharString>
    
          
    <CharString index="65">
        
            -21 callgsubr
            46 callsubr
            -93 hlineto
            return
          
    </CharString>
    
          
    <CharString index="66">
        
            78 69 41 83 3 77 return
          
    </CharString>
    
          
    <CharString index="67">
        
            621 246 hstem
            152 470 vstem
            152 652 -80 callgsubr
            endchar
          
    </CharString>
    
          
    <CharString index="68">
        
            -25 callsubr
            -22 callgsubr
            hintmask 01111000
            return
          
    </CharString>
    
          
    <CharString index="69">
        
            529 612 -104 callgsubr
            return
          
    </CharString>
    
          
    <CharString index="70">
        
            -71 -181 -27 callgsubr
            return
          
    </CharString>
    
          
    <CharString index="71">
        
            rmoveto
            48 -61 rlineto
            297 201 117 170 185 vvcurveto
            137 -67 148 -163 179 vhcurveto
            -69 -50 rlineto
            152 -162 60 -130 -123 vvcurveto
            -162 -93 -149 -282 -183 vhcurveto
            endchar
          
    </CharString>
    
          
    <CharString index="72">
        
            0 79 234 69 228 78 return
          
    </CharString>
    
          
    <CharString index="73">
        
            rmoveto
            145 -241 75 47 -148 236 239 235 -58 56 -233 -241 rlineto
            244 -89 rmoveto
            143 -244 74 45 -145 239 241 231 -56 57 -235 -236 rlineto
            endchar
          
    </CharString>
    
          
    <CharString index="74">
        
            74 callsubr
            hstem
            164 82 vstem
            451 1 rmoveto
            -27 37 rlineto
            -187 -64 -73 -69 -61 -4 callsubr
            -14 callgsubr
            endchar
          
    </CharString>
    
          
    <CharString index="75">
        
            627 71 hstem
            122 414 vstem
            536 787 -102 callgsubr
            endchar
          
    </CharString>
    
          
    <CharString index="76">
        
            hlineto
            -173 -119 58 callsubr
            -27 callsubr
            rlineto
            return
          
    </CharString>
    
          
    <CharString index="77">
        
            634 148 -146 148 hstemhm
            141 377 hintmask 01100000
            380 635 -44 callsubr
            80 callgsubr
            36 callsubr
            -74 callgsubr
            endchar
          
    </CharString>
    
          
    <CharString index="78">
        
            92 -116 96 -35 85 vhcurveto
            103 92 -16 67 -63 hhcurveto
            return
          
    </CharString>
    
          
    <CharString index="79">
        
            rmoveto
            57 -58 235 237 21 92 -143 244 -74 -46 145 -239 rlineto
            26 -233 rmoveto
            57 -56 233 241 20 92 -145 241 -74 -48 148 -235 rlineto
            endchar
          
    </CharString>
    
          
    <CharString index="80">
        
            39 -70 419 291 14 77 return
          
    </CharString>
    
          
    <CharString index="81">
        
            73 35 34 42 37 hhcurveto
            38 24 -41 -104 -7 hvcurveto
            return
          
    </CharString>
    
          
    <CharString index="82">
        
            -12 84 -83 79 412 75 return
          
    </CharString>
    
          
    <CharString index="83">
        
            82 16 rlineto
            123 -18 -58 68 -116 hhcurveto
            return
          
    </CharString>
    
          
    <CharString index="84">
        
            209 70 331 80 return
          
    </CharString>
    
          
    <CharString index="85">
        
            619 214 hstem
            120 388 vstem
            334 746 -95 callgsubr
            endchar
          
    </CharString>
    
          
    <CharString index="86">
        
            hstem
            75 87 312 85 vstem
            return
          
    </CharString>
    
          
    <CharString index="87">
        
            hstem
            66 90 313 90 vstem
            return
          
    </CharString>
    
          
    <CharString index="88">
        
            vstem
            286 688 rmoveto
            -91 hlineto
            -134 -688 rlineto
            92 hlineto
            91 346 rmoveto
            199 -353 98 13 -195 339 309 343 rlineto
            -100 hlineto
            return
          
    </CharString>
    
          
    <CharString index="89">
        
            31 callsubr
            12 callsubr
            hintmask 11010000
            return
          
    </CharString>
    
          
    <CharString index="90">
        
            rmoveto
            18 -220 rlineto
            32 hlineto
            102 220 rlineto
            3 hlineto
            -55 -280 rlineto
            59 hlineto
            71 365 rlineto
            -73 hlineto
            -104 -222 rlineto
            -2 hlineto
            -21 223 return
          
    </CharString>
    
          
    <CharString index="91">
        
            609 282 hstem
            320 102 vstem
            422 -43 callgsubr
            endchar
          
    </CharString>
    
          
    <CharString index="92">
        
            69 -6 68 122 67 return
          
    </CharString>
    
          
    <CharString index="93">
        
            -168 -82 -88 6 -13 138 return
          
    </CharString>
    
          
    <CharString index="94">
        
            145 390 vstem
            302 616 -90 callgsubr
            endchar
          
    </CharString>
    
          
    <CharString index="95">
        
            185 303 vstem
            185 659 -107 callsubr
            endchar
          
    </CharString>
    
          
    <CharString index="96">
        
            -13 85 -19 callgsubr
            return
          
    </CharString>
    
          
    <CharString index="97">
        
            0 120 44 callgsubr
            hintmask 11000000
            return
          
    </CharString>
    
          
    <CharString index="98">
        
            rlineto
            370 -48 163 222 252 vvcurveto
            return
          
    </CharString>
    
          
    <CharString index="99">
        
            rmoveto
            189 968 rlineto
            -345 hlineto
            -15 -72 rlineto
            257 hlineto
            -159 -824 rlineto
            -257 hlineto
            -15 -72 rlineto
            endchar
          
    </CharString>
    
          
    <CharString index="100">
        
            779 -52 callgsubr
            hintmask 11010000
            -74 callgsubr
            return
          
    </CharString>
    
          
    <CharString index="101">
        
            rmoveto
            -29 callsubr
            return
          
    </CharString>
    
          
    <CharString index="102">
        
            -195 -109 -168 -226 19 vhcurveto
            return
          
    </CharString>
    
          
    <CharString index="103">
        
            vvcurveto
            -69 87 19 callgsubr
            return
          
    </CharString>
    
          
    <CharString index="104">
        
            -194 -153 -220 -236 return
          
    </CharString>
    
          
    <CharString index="105">
        
            59 104 -23 callgsubr
            return
          
    </CharString>
    
          
    <CharString index="106">
        
            hintmask 1000010001001000111100010001000010101100
            return
          
    </CharString>
    
          
    <CharString index="107">
        
            -79 -32 -14 7 31 vvcurveto
            return
          
    </CharString>
    
          
    <CharString index="108">
        
            -13 75 422 74 return
          
    </CharString>
    
          
    <CharString index="109">
        
            -31 callsubr
            -91 -36 rmoveto
            60 callgsubr
            return
          
    </CharString>
    
          
    <CharString index="110">
        
            635 148 hstem
            249 140 vstem
            249 634 -50 callgsubr
            endchar
          
    </CharString>
    
          
    <CharString index="111">
        
            260 rmoveto
            59 hlineto
            21 95 83 296 23 100 rrcurveto
            -116 hlineto
            -17 -100 -35 -296 -18 -95 rrcurveto
            return
          
    </CharString>
    
          
    <CharString index="112">
        
            rmoveto
            213 -252 65 61 -199 230 303 225 -51 70 -308 -242 rlineto
            endchar
          
    </CharString>
    
          
    <CharString index="113">
        
            -15 callgsubr
            544 vstem
            return
          
    </CharString>
    
          
    <CharString index="114">
        
            -41 callgsubr
            -1146 return
          
    </CharString>
    
          
    <CharString index="115">
        
            rlineto
            151 16 79 -64 -152 vvcurveto
            return
          
    </CharString>
    
          
    <CharString index="116">
        
            rmoveto
            51 -69 309 241 23 93 -213 251 -66 -61 200 -229 rlineto
            endchar
          
    </CharString>
    
          
    <CharString index="117">
        
            -4 -2 -3 -8 -9 2 -3 4 4 2 3 9 return
          
    </CharString>
    
          
    <CharString index="118">
        
            hintmask 1000010001001000111100010011000010101100
            return
          
    </CharString>
    
          
    <CharString index="119">
        
            hstemhm
            380 93 -22 95 return
          
    </CharString>
    
          
    <CharString index="120">
        
            rmoveto
            -36 18 -78 -69 -40 -83 -4 -78 rlinecurve
            116 3 -11 64 4 70 49 75 rlinecurve
            return
          
    </CharString>
    
          
    <CharString index="121">
        
            -8 77 hstemhm
            267 169 -2 88 hintmask 10100000
            return
          
    </CharString>
    
          
    <CharString index="122">
        
            rmoveto
            124 16 callsubr
            return
          
    </CharString>
    
          
    <CharString index="123">
        
            hlineto
            26 131 83 callgsubr
            return
          
    </CharString>
    
          
    <CharString index="124">
        
            -244 29 callgsubr
            94 59 return
          
    </CharString>
    
          
    <CharString index="125">
        
            52 callsubr
            66 hstem
            return
          
    </CharString>
    
          
    <CharString index="126">
        
            rmoveto
            23 callgsubr
            return
          
    </CharString>
    
          
    <CharString index="127">
        
            -5 30 27 -2 25 hhcurveto
            196 134 188 200 121 -54 60 -69 return
          
    </CharString>
    
          
    <CharString index="128">
        
            rmoveto
            25 callsubr
          
    </CharString>
    
          
    <CharString index="129">
        
            -27 callsubr
            rlineto
            endchar
          
    </CharString>
    
          
    <CharString index="130">
        
            -7 80 407 72 -71 74 hstemhm
            43 90 143 84 182 83 hintmask 11011100
            return
          
    </CharString>
    
          
    <CharString index="131">
        
            495 92 vstem
            587 426 -4 callgsubr
            return
          
    </CharString>
    
          
    <CharString index="132">
        
            -42 callsubr
            endchar
          
    </CharString>
    
          
    <CharString index="133">
        
            -10 71 hstem
            148 154 32 91 vstem
            return
          
    </CharString>
    
          
    <CharString index="134">
        
            rmoveto
            -9 45 -106 -40 -6 18 15 79 rlinecurve
            return
          
    </CharString>
    
          
    <CharString index="135">
        
            -186 rmoveto
            -11 43 rlineto
            return
          
    </CharString>
    
          
    <CharString index="136">
        
            52 callsubr
            61 return
          
    </CharString>
    
          
    <CharString index="137">
        
            -21 687 -380 78 hstemhm
            return
          
    </CharString>
    
          
    <CharString index="138">
        
            -11 77 407 84 return
          
    </CharString>
    
          
    <CharString index="139">
        
            -12 74 412 83 hstem
            472 89 vstem
            26 -195 rmoveto
            87 7 return
          
    </CharString>
    
          
    <CharString index="140">
        
            70 callsubr
            84 callsubr
            return
          
    </CharString>
    
          
    <CharString index="141">
        
            63 318 61 return
          
    </CharString>
    
          
    <CharString index="142">
        
            rmoveto
            -12 46 rlineto
            return
          
    </CharString>
    
          
    <CharString index="143">
        
            -103 -2 rlineto
            return
          
    </CharString>
    
          
    <CharString index="144">
        
            4 2 2 4 1 hvcurveto
            5 hlineto
            -6 -1 -4 -5 -8 hhcurveto
            return
          
    </CharString>
    
          
    <CharString index="145">
        
            742 rmoveto
            -36 22 -118 -97 -55 -95 -4 -137 rlinecurve
            return
          
    </CharString>
    
          
    <CharString index="146">
        
            35 29 -29 -35 -35 -29 -29 -35 return
          
    </CharString>
    
          
    <CharString index="147">
        
            107 hlineto
            29 134 rlineto
            -107 hlineto
            return
          
    </CharString>
    
          
    <CharString index="148">
        
            562 45 callgsubr
            return
          
    </CharString>
    
          
    <CharString index="149">
        
            hintmask 1000010001001000111100010001000010011100
            return
          
    </CharString>
    
          
    <CharString index="150">
        
            hintmask 1000010001001000111100010100000010101100
            return
          
    </CharString>
    
          
    <CharString index="151">
        
            vhcurveto
            -133 -686 rlineto
            return
          
    </CharString>
    
          
    <CharString index="152">
        
            -246 72 callsubr
            return
          
    </CharString>
    
          
    <CharString index="153">
        
            118 609 rlineto
            return
          
    </CharString>
    
          
    <CharString index="154">
        
            72 223 71 vstem
            return
          
    </CharString>
    
          
    <CharString index="155">
        
            67 195 69 vstem
            return
          
    </CharString>
    
          
    <CharString index="156">
        
            56 171 48 return
          
    </CharString>
    
          
    <CharString index="157">
        
            -86 8 -35 -174 -174 18 -15 -73 174 -17 return
          
    </CharString>
    
          
    <CharString index="158">
        
            326 633 rmoveto
            93 5 44 148 -102 -5 rlineto
            return
          
    </CharString>
    
          
    <CharString index="159">
        
            62 316 return
          
    </CharString>
    
          
    <CharString index="160">
        
            -46 hhcurveto
            endchar
          
    </CharString>
    
          
    <CharString index="161">
        
            -13 74 424 73 hstem
            66 89 314 90 vstem
            return
          
    </CharString>
    
          
    <CharString index="162">
        
            34 callgsubr
            280 84 return
          
    </CharString>
    
          
    <CharString index="163">
        
            rmoveto
            14 76 rlineto
            -443 hlineto
            -14 -76 rlineto
            endchar
          
    </CharString>
    
          
    <CharString index="164">
        
            578 41 35 callsubr
            return
          
    </CharString>
    
          
    <CharString index="165">
        
            rlineto
            hintmask 10010000
            return
          
    </CharString>
    
          
    <CharString index="166">
        
            183 -189 62 60 -283 285 rlineto
            return
          
    </CharString>
    
          
    <CharString index="167">
        
            -18 -79 -87 -96 rlinecurve
            endchar
          
    </CharString>
    
          
    <CharString index="168">
        
            123 544 vstem
            return
          
    </CharString>
    
          
    <CharString index="169">
        
            -9 74 631 88 return
          
    </CharString>
    
          
    <CharString index="170">
        
            rlineto
            -92 hlineto
            return
          
    </CharString>
    
          
    <CharString index="171">
        
            -77 86 -116 -179 -135 -218 return
          
    </CharString>
    
          
    <CharString index="172">
        
            77 -86 116 178 136 219 return
          
    </CharString>
    
          
    <CharString index="173">
        
            vvcurveto
            -69 88 19 callgsubr
            endchar
          
    </CharString>
    
          
    <CharString index="174">
        
            hintmask 1100010001001000111100010000100010101100
            return
          
    </CharString>
    
          
    <CharString index="175">
        
            hintmask 1000010100001000111100010001000010101100
            return
          
    </CharString>
    
          
    <CharString index="176">
        
            hintmask 1000010001001000111100010000100010101100
            return
          
    </CharString>
    
          
    <CharString index="177">
        
            15 78 rlineto
            -331 hlineto
            return
          
    </CharString>
    
          
    <CharString index="178">
        
            -13 78 407 70 hstem
            return
          
    </CharString>
    
          
    <CharString index="179">
        
            rmoveto
            37 callgsubr
            return
          
    </CharString>
    
          
    <CharString index="180">
        
            6 -1 3 -4 -3 -2 -2 -7 vhcurveto
            return
          
    </CharString>
    
          
    <CharString index="181">
        
            -232 64 return
          
    </CharString>
    
          
    <CharString index="182">
        
            rmoveto
            102 hlineto
            21 105 rlineto
            -101 hlineto
            return
          
    </CharString>
    
          
    <CharString index="183">
        
            hlineto
            37 26 14 77 -65 67 rlineto
            return
          
    </CharString>
    
          
    <CharString index="184">
        
            -79 80 2 10 116 80 rlineto
            return
          
    </CharString>
    
          
    <CharString index="185">
        
            rmoveto
            124 hlineto
            26 return
          
    </CharString>
    
          
    <CharString index="186">
        
            rrcurveto
            -355 30 rmoveto
            return
          
    </CharString>
    
          
    <CharString index="187">
        
            rlineto
            -249 hlineto
            return
          
    </CharString>
    
          
    <CharString index="188">
        
            74 callgsubr
            hstem
            return
          
    </CharString>
    
          
    <CharString index="189">
        
            617 79 hstem
            return
          
    </CharString>
    
          
    <CharString index="190">
        
            rlineto
            -115 -43 return
          
    </CharString>
    
          
    <CharString index="191">
        
            -15 -78 rlineto
            return
          
    </CharString>
    
          
    <CharString index="192">
        
            666 rmoveto
            return
          
    </CharString>
    
        
</Subrs>