<GlobalSubrs>
    
      
    <!-- The 'index' attribute is only for humans; it is ignored when parsed. -->
    
      
    <CharString index="0">
        
        rmoveto
        47 -48 43 -47 39 vhcurveto
        40 22 50 25 63 30 -19 34 rcurveline
        -67 -32 -55 -28 -45 -24 rrcurveto
        -35 30 -29 28 27 vvcurveto
        38 46 32 138 -32 vhcurveto
        19 56 79 callgsubr
        28 -88 -61 -66 vvcurveto
        -38 33 -35 39 -34 vhcurveto
        -112 -66 -24 -39 -42 vvcurveto
        -58 58 -40 85 98 70 52 64 vhcurveto
        -157 -69 rmoveto
        -55 -42 24 41 25 17 27 93 55 hvcurveto
        46 -38 43 -35 -34 vvcurveto
        -36 -41 -29 -61 vhcurveto
        endchar
      
    </CharString>
    
      
    <CharString index="1">
        
        -102 callgsubr
        -359 16 -96 callsubr
      
    </CharString>
    
      
    <CharString index="2">
        
        rmoveto
        -95 callsubr
        -182 156 -95 285 146 78 callgsubr
        432 -78 callsubr
      
    </CharString>
    
      
    <CharString index="3">
        
        rmoveto
        170 -78 87 -115 -186 -133 -230 -229 -170 78 -87 115 186 133 230 229 vhcurveto
        -438 78 callsubr
        193 97 197 137 79 51 -65 -133 -193 -97 -197 -137 -79 -51 65 133 vhcurveto
        endchar
      
    </CharString>
    
      
    <CharString index="4">
        
        rmoveto
        54 -50 51 -157 27 vhcurveto
        29 119 62 callsubr
        hlineto
        15 50 63 callgsubr
        hlineto
        -51 -206 rlineto
        162 -24 51 -37 -41 vvcurveto
        -46 -59 -48 -203 18 vhcurveto
        -7 -54 rlineto
        241 -19 85 80 76 vvcurveto
        return
      
    </CharString>
    
      
    <CharString index="5">
        
        rmoveto
        -87 callsubr
        -58 callsubr
        hvcurveto
        -15 -113 41 -47 156 92 rrcurveto
        return
      
    </CharString>
    
      
    <CharString index="6">
        
        -74 callsubr
        -91 callgsubr
        return
      
    </CharString>
    
      
    <CharString index="7">
        
        -103 callgsubr
        endchar
      
    </CharString>
    
      
    <CharString index="8">
        
        269 193 104 173 129 vvcurveto
        70 -37 41 -63 -151 -193 -294 -300 vhcurveto
        -6 vlineto
        -23 -16 -34 -23 -14 -8 21 -34 rcurveline
        53 34 22 -172 132 -15 204 123 rlinecurve
        -40 641 rmoveto
        34 22 -24 -45 -97 -80 -146 -226 -173 hvcurveto
        251 9 141 234 100 hhcurveto
        return
      
    </CharString>
    
      
    <CharString index="9">
        
        rmoveto
        -15 39 -17 callgsubr
        rlinecurve
        -99 callgsubr
        return
      
    </CharString>
    
      
    <CharString index="10">
        
        -68 callgsubr
        -180 -490 -107 callgsubr
      
    </CharString>
    
      
    <CharString index="11">
        
        rmoveto
        27 54 -14 93 136 vvcurveto
        16 0 15 2 14 vhcurveto
        52 108 42 151 36 vvcurveto
        15 -28 10 -21 -28 -66 -182 -146 -11 vhcurveto
        -77 -65 -78 -52 -53 hhcurveto
        -73 -37 77 371 134 hvcurveto
        -68 -2 rlineto
        -411 -154 62 -99 102 hhcurveto
        79 86 61 73 63 hvcurveto
        1 -139 13 -85 -30 -30 -22 -22 -82 -23 -219 19 rrcurveto
        return
      
    </CharString>
    
      
    <CharString index="12">
        
        -64 callsubr
        -82 -43 -84 -81 vhcurveto
        7 40 7 53 4 25 -68 -5 rcurveline
        -25 -160 -24 -120 -50 -257 rrcurveto
        69 hlineto
        19 97 40 198 12 72 rrcurveto
        79 78 71 40 21 callgsubr
        -44 hvcurveto
        -93 -75 -186 -87 -26 callsubr
        return
      
    </CharString>
    
      
    <CharString index="13">
        
        322 hlineto
        12 50 rlineto
        -128 hlineto
        81 408 -58 -5 -13 -68 -143 -18 -7 -44 139 10 -55 -283 rlineto
        -140 hlineto
        return
      
    </CharString>
    
      
    <CharString index="14">
        
        rmoveto
        56 hlineto
        15 49 rlineto
        -61 hlineto
        30 154 -55 -5 -29 -149 rlineto
        -176 hlineto
        58 83 43 78 45 136 -62 3 rcurveline
        -42 -132 -40 -80 -60 -98 -4 -39 rcurveline
        228 hlineto
        return
      
    </CharString>
    
      
    <CharString index="15">
        
        310 hlineto
        11 51 rlineto
        -234 hlineto
        171 107 97 75 94 vvcurveto
        89 -89 46 -180 -27 vhcurveto
        -8 -53 rlineto
        159 23 56 -33 -58 vvcurveto
        -79 -109 -74 -185 -114 vhcurveto
        return
      
    </CharString>
    
      
    <CharString index="16">
        
        -88 -78 -59 -44 -53 hhcurveto
        -52 -25 40 105 24 hvcurveto
        78 343 -71 -4 -78 -135 44 -27 -42 -184 rlineto
        -140 -32 40 -64 81 hhcurveto
        return
      
    </CharString>
    
      
    <CharString index="17">
        
        -93 callgsubr
        -18 -94 rlineto
        54 hlineto
        return
      
    </CharString>
    
      
    <CharString index="18">
        
        rmoveto
        3 hlineto
        223 163 -34 38 -178 -129 -115 134 -49 -39 rlineto
        return
      
    </CharString>
    
      
    <CharString index="19">
        
        rmoveto
        29 -379 rlineto
        81 hlineto
        43 130 76 262 71 296 rrcurveto
        -70 hlineto
        -41 -174 -85 -337 -26 -86 rrcurveto
        -4 hlineto
        -29 395 rlineto
        -47 hlineto
        -182 -395 rlineto
        -4 hlineto
        7 86 45 337 27 174 rrcurveto
        -71 hlineto
        -44 -295 -27 -263 -6 -130 rrcurveto
        81 hlineto
        endchar
      
    </CharString>
    
      
    <CharString index="20">
        
        rmoveto
        -94 callsubr
      
    </CharString>
    
      
    <CharString index="21">
        
        -103 hlineto
        -118 -230 -115 -231 -108 -230 rrcurveto
        73 hlineto
        34 73 35 74 36 74 rrcurveto
        247 hlineto
        7 return
      
    </CharString>
    
      
    <CharString index="22">
        
        rmoveto
        20 30 -60 50 -84 89 -50 65 rlinecurve
        -53 -56 60 -61 101 -77 66 -40 rlinecurve
        return
      
    </CharString>
    
      
    <CharString index="23">
        
        rmoveto
        8 hlineto
        12 -116 12 -117 11 -117 rrcurveto
        -215 hlineto
        56 117 58 117 58 116 rrcurveto
        endchar
      
    </CharString>
    
      
    <CharString index="24">
        
        rmoveto
        -92 callgsubr
        return
      
    </CharString>
    
      
    <CharString index="25">
        
        -73 hlineto
        -91 -468 68 callgsubr
        -22 -56 -54 -87 hhcurveto
        -102 -39 63 128 25 hvcurveto
        87 448 rlineto
        -72 hlineto
        -88 -453 return
      
    </CharString>
    
      
    <CharString index="26">
        
        rmoveto
        -7 39 -174 -60 -37 39 195 479 rlinecurve
        -33 21 -79 -34 -84 -21 -67 -7 rlinecurve
        5 18 3 16 14 vvcurveto
        28 -14 14 -22 -46 -49 -56 -40 -24 18 -14 30 -8 vhcurveto
        -31 -73 -49 -71 -68 -83 30 -26 rcurveline
        68 75 65 94 37 79 rrcurveto
        55 70 12 22 69 hvcurveto
        -194 -456 78 -78 231 101 rrcurveto
        return
      
    </CharString>
    
      
    <CharString index="27">
        
        rmoveto
        -110 55 -62 85 122 95 135 151 111 -56 62 -85 -122 -94 -136 -151 vhcurveto
        299 109 rmoveto
        -117 -61 -114 -89 -56 -35 44 84 116 60 115 89 57 35 -45 -83 vhcurveto
        endchar
      
    </CharString>
    
      
    <CharString index="28">
        
        76 73 34 80 72 vvcurveto
        -93 -3 13 -63 -3 -66 -55 -78 rlinecurve
        endchar
      
    </CharString>
    
      
    <CharString index="29">
        
        rmoveto
        31 -25 66 57 81 84 47 59 rlinecurve
        -71 38 -36 -62 -65 -92 -53 -59 29 callgsubr
        32 -25 66 56 80 83 46 60 rlinecurve
        -72 35 -37 -63 -61 -87 -54 -59 rlinecurve
        return
      
    </CharString>
    
      
    <CharString index="30">
        
        -68 callgsubr
        -169 -458 -100 callgsubr
      
    </CharString>
    
      
    <CharString index="31">
        
        rmoveto
        -6 callsubr
        -231 158 -86 265 96 hvcurveto
        7 68 rlineto
        -71 callgsubr
        endchar
      
    </CharString>
    
      
    <CharString index="32">
        
        rmoveto
        -52 callgsubr
        -182 154 -93 269 134 hvcurveto
        -11 39 rlineto
        -59 callsubr
        endchar
      
    </CharString>
    
      
    <CharString index="33">
        
        rmoveto
        198 -313 79 12 -188 290 rlineto
        141 68 80 71 102 vvcurveto
        109 -105 76 -277 -36 vhcurveto
        -132 -686 rlineto
        72 hlineto
        121 629 rlineto
        168 18 81 -43 -81 vvcurveto
        -82 -71 -58 -166 -73 vhcurveto
        return
      
    </CharString>
    
      
    <CharString index="34">
        
        rmoveto
        168 -579 81 callgsubr
        134 688 rlineto
        -68 hlineto
        -108 -566 rlineto
        -6 hlineto
        -160 568 -83 -3 -133 -687 rlineto
        68 hlineto
        110 579 rlineto
        return
      
    </CharString>
    
      
    <CharString index="35">
        
        -61 callsubr
        rlineto
        343 -74 131 103 111 -52 callsubr
        return
      
    </CharString>
    
      
    <CharString index="36">
        
        -231 -89 -127 56 200 vvcurveto
        186 111 193 145 86 13 -65 -122 -3 vhcurveto
        69 1 rlineto
        163 8 -35 88 -123 hhcurveto
        return
      
    </CharString>
    
      
    <CharString index="37">
        
        -85 callsubr
        150 -762 -106 callgsubr
      
    </CharString>
    
      
    <CharString index="38">
        
        rmoveto
        -26 callgsubr
        -72 callgsubr
        endchar
      
    </CharString>
    
      
    <CharString index="39">
        
        rmoveto
        -10 -48 rlineto
        480 hlineto
        10 48 rlineto
        return
      
    </CharString>
    
      
    <CharString index="40">
        
        -85 callsubr
        17 -946 -107 callsubr
      
    </CharString>
    
      
    <CharString index="41">
        
        rmoveto
        185 130 227 225 67 -11 54 -20 41 hvcurveto
        74 96 -43 30 -61 -79 rlineto
        38 -34 -46 19 -54 hhcurveto
        -183 -132 -226 -226 -66 11 -54 19 -41 hvcurveto
        -73 -97 44 -30 60 79 rlineto
        -38 34 45 -19 55 hhcurveto
        -121 271 rmoveto
        191 94 193 135 42 35 -19 -38 23 vhcurveto
        -318 -425 rlineto
        -7 27 -4 33 38 vvcurveto
        133 -208 rmoveto
        -45 -34 20 39 -23 hvcurveto
        319 426 rlineto
        8 -28 4 -33 -39 vvcurveto
        -192 -95 -193 -134 vhcurveto
        endchar
      
    </CharString>
    
      
    <CharString index="42">
        
        -40 -47 -58 -47 -99 -72 19 -34 rcurveline
        84 53 65 49 48 45 rrcurveto
        46 -92 93 -78 -66 vvcurveto
        -55 -51 -40 -251 23 vhcurveto
        return
      
    </CharString>
    
      
    <CharString index="43">
        
        rmoveto
        -9 38 -239 -88 -39 46 30 130 rlinecurve
        67 299 rlineto
        217 hlineto
        10 55 rlineto
        -214 hlineto
        35 157 -54 -3 -80 -154 rlineto
        -71 hlineto
        -15 -55 rlineto
        103 hlineto
        -68 -303 -40 -174 87 -88 280 140 rlinecurve
        return
      
    </CharString>
    
      
    <CharString index="44">
        
        rmoveto
        31 56 rlineto
        -169 72 -73 48 54 vvcurveto
        hintmask 11010000
        76 132 40 81 vvcurveto
        37 -27 34 -75 22 vhcurveto
        hintmask 11101000
        102 24 41 52 44 55 -75 67 52 vvcurveto
        58 90 48 223 45 vhcurveto
        -12 62 rlineto
        -274 -65 -92 -80 -78 -69 75 -60 -47 vvcurveto
        -37 -41 -38 -148 -8 vhcurveto
        -10 -52 rlineto
        hintmask 11010000
        108 -11 47 -28 -39 -62 -134 -41 -96 vvcurveto
        -70 80 -57 201 -89 vhcurveto
        endchar
      
    </CharString>
    
      
    <CharString index="45">
        
        -21 callsubr
        -358 -43 callgsubr
        return
      
    </CharString>
    
      
    <CharString index="46">
        
        rmoveto
        -85 -4 6 -82 -1 -76 -66 -102 rlinecurve
        31 -15 85 99 28 91 2 89 rlinecurve
        return
      
    </CharString>
    
      
    <CharString index="47">
        
        -58 callgsubr
        48 48 return
      
    </CharString>
    
      
    <CharString index="48">
        
        453 hlineto
        12 64 -371 -2 477 564 11 62 rlineto
        -442 hlineto
        -12 -64 361 2 -479 -564 rlineto
        endchar
      
    </CharString>
    
      
    <CharString index="49">
        
        -32 54 -422 -298 -11 -61 309 -318 return
      
    </CharString>
    
      
    <CharString index="50">
        
        rmoveto
        -41 -212 rlineto
        255 hlineto
        17 62 rlineto
        -193 hlineto
        51 260 rlineto
        160 hlineto
        11 54 rlineto
        -161 hlineto
        49 251 rlineto
        190 76 callsubr
        -309 hlineto
        -126 -229 -124 -232 -121 -227 rrcurveto
        75 hlineto
        37 70 37 71 37 71 rrcurveto
        216 415 rmoveto
        9 hlineto
        -70 -360 rlineto
        -127 hlineto
        endchar
      
    </CharString>
    
      
    <CharString index="51">
        
        -14 -70 rlineto
        220 -27 114 -35 -86 vvcurveto
        -66 -66 -66 -208 -107 vhcurveto
        22 -39 rlineto
        239 121 92 89 92 vvcurveto
        105 -130 60 -269 29 vhcurveto
        return
      
    </CharString>
    
      
    <CharString index="52">
        
        -48 callsubr
        -80 -2 rlineto
        return
      
    </CharString>
    
      
    <CharString index="53">
        
        -68 callgsubr
        -170 -473 -98 callsubr
      
    </CharString>
    
      
    <CharString index="54">
        
        -53 callsubr
        -50 callgsubr
      
    </CharString>
    
      
    <CharString index="55">
        
        64 1 rlineto
        123 4 -44 53 -99 hhcurveto
        -171 -149 -171 -187 return
      
    </CharString>
    
      
    <CharString index="56">
        
        -90 callsubr
        endchar
      
    </CharString>
    
      
    <CharString index="57">
        
        -359 16 rmoveto
        -46 -37 42 88 157 94 150 119 28 41 -7 -13 44 hvcurveto
        -61 -314 rlineto
        -57 -54 -75 -46 -53 hhcurveto
        endchar
      
    </CharString>
    
      
    <CharString index="58">
        
        650 -106 callsubr
        return
      
    </CharString>
    
      
    <CharString index="59">
        
        -161 -127 -155 -191 return
      
    </CharString>
    
      
    <CharString index="60">
        
        890 -61 callgsubr
        return
      
    </CharString>
    
      
    <CharString index="61">
        
        605 7 callgsubr
        253 53 callgsubr
        405 837 -85 callsubr
        endchar
      
    </CharString>
    
      
    <CharString index="62">
        
        hlineto
        178 125 rlineto
        hintmask 10010000
        -60 callgsubr
        rlineto
        hintmask 01110000
        -142 143 rlineto
        return
      
    </CharString>
    
      
    <CharString index="63">
        
        -24 callsubr
        120 625 rlineto
        -72 hlineto
        return
      
    </CharString>
    
      
    <CharString index="64">
        
        hlineto
        -12 -60 rlineto
        return
      
    </CharString>
    
      
    <CharString index="65">
        
        57 vstem
        524 609 -103 callgsubr
        return
      
    </CharString>
    
      
    <CharString index="66">
        
        -6 callgsubr
        -133 -686 -12 callsubr
        -72 -8 rmoveto
        -7 callgsubr
        111 575 4 callsubr
        endchar
      
    </CharString>
    
      
    <CharString index="67">
        
        -57 callsubr
        -139 -122 -100 -125 -117 vvcurveto
        return
      
    </CharString>
    
      
    <CharString index="68">
        
        rmoveto
        -38 51 rlineto
        -298 -198 -120 -171 -184 vvcurveto
        -137 69 -148 167 -179 vhcurveto
        54 41 rlineto
        -157 163 -65 135 125 vvcurveto
        167 100 153 288 182 vhcurveto
        endchar
      
    </CharString>
    
      
    <CharString index="69">
        
        0 63 258 55 250 62 return
      
    </CharString>
    
      
    <CharString index="70">
        
        62 vstem
        189 472 -83 callgsubr
        return
      
    </CharString>
    
      
    <CharString index="71">
        
        81 callsubr
        hstem
        176 66 vstem
        450 1 rmoveto
        -23 30 rlineto
        -179 -65 -72 -67 -58 46 callgsubr
        32 callgsubr
        endchar
      
    </CharString>
    
      
    <CharString index="72">
        
        627 58 hstem
        125 400 vstem
        525 785 -101 callsubr
        endchar
      
    </CharString>
    
      
    <CharString index="73">
        
        hlineto
        -195 -137 rlineto
        hintmask 10010000
        -29 callgsubr
        rlineto
        return
      
    </CharString>
    
      
    <CharString index="74">
        
        631 11 callsubr
        151 351 hintmask 01100000
        387 79 callsubr
        hintmask 10100000
        -45 callsubr
        endchar
      
    </CharString>
    
      
    <CharString index="75">
        
        91 -123 103 -30 92 vhcurveto
        100 86 -9 64 -54 hhcurveto
        return
      
    </CharString>
    
      
    <CharString index="76">
        
        hlineto
        -27 callsubr
        return
      
    </CharString>
    
      
    <CharString index="77">
        
        -5 callgsubr
        51 callgsubr
        hintmask 10111000
        return
      
    </CharString>
    
      
    <CharString index="78">
        
        -13 callsubr
        11 61 return
      
    </CharString>
    
      
    <CharString index="79">
        
        -4 callgsubr
        -23 callsubr
        return
      
    </CharString>
    
      
    <CharString index="80">
        
        -10 34 rlineto
        -118 -46 -47 return
      
    </CharString>
    
      
    <CharString index="81">
        
        66 13 rlineto
        121 -17 -58 66 -111 hhcurveto
        return
      
    </CharString>
    
      
    <CharString index="82">
        
        221 56 350 64 return
      
    </CharString>
    
      
    <CharString index="83">
        
        -107 -1327 400 hstem
        -894 538 vstem
        -407 -287 -80 callsubr
      
    </CharString>
    
      
    <CharString index="84">
        
        hstem
        71 71 340 71 vstem
        return
      
    </CharString>
    
      
    <CharString index="85">
        
        vstem
        276 688 rmoveto
        -73 hlineto
        -134 -688 81 callgsubr
        96 347 rmoveto
        219 -353 78 11 -214 341 328 342 rlineto
        -80 hlineto
        return
      
    </CharString>
    
      
    <CharString index="86">
        
        vstem
        80 hmoveto
        -44 callgsubr
        return
      
    </CharString>
    
      
    <CharString index="87">
        
        611 234 hstem
        176 247 vstem
        403 611 -85 callgsubr
        endchar
      
    </CharString>
    
      
    <CharString index="88">
        
        -38 callgsubr
        hstem
        78 return
      
    </CharString>
    
      
    <CharString index="89">
        
        hlineto
        -11 -59 rlineto
        return
      
    </CharString>
    
      
    <CharString index="90">
        
        -174 -91 -92 4 -9 153 return
      
    </CharString>
    
      
    <CharString index="91">
        
        hstem
        -3 callgsubr
        vstem
        return
      
    </CharString>
    
      
    <CharString index="92">
        
        60 188 59 return
      
    </CharString>
    
      
    <CharString index="93">
        
        149 376 vstem
        299 616 -89 callgsubr
        endchar
      
    </CharString>
    
      
    <CharString index="94">
        
        -12 66 -17 callsubr
        return
      
    </CharString>
    
      
    <CharString index="95">
        
        rmoveto
        28 -15 rlineto
        return
      
    </CharString>
    
      
    <CharString index="96">
        
        781 -55 callgsubr
        return
      
    </CharString>
    
      
    <CharString index="97">
        
        rmoveto
        189 966 rlineto
        -341 hlineto
        -11 -57 rlineto
        272 hlineto
        -165 -851 rlineto
        -272 -3 callsubr
        endchar
      
    </CharString>
    
      
    <CharString index="98">
        
        hlineto
        27 callgsubr
        -206 -43 callgsubr
        207 35 callsubr
        64 hlineto
        return
      
    </CharString>
    
      
    <CharString index="99">
        
        hintmask 10010000
        -18 callsubr
        return
      
    </CharString>
    
      
    <CharString index="100">
        
        -205 -119 -175 -248 21 vhcurveto
        return
      
    </CharString>
    
      
    <CharString index="101">
        
        rmoveto
        217 -141 88 -248 -43 vhcurveto
        return
      
    </CharString>
    
      
    <CharString index="102">
        
        -193 68 -65 65 153 64 return
      
    </CharString>
    
      
    <CharString index="103">
        
        -14 64 588 64 return
      
    </CharString>
    
      
    <CharString index="104">
        
        82 68 335 68 return
      
    </CharString>
    
      
    <CharString index="105">
        
        -131 -162 -138 -159 -239 vhcurveto
        46 9 rmoveto
        200 112 147 134 108 81 return
      
    </CharString>
    
      
    <CharString index="106">
        
        632 147 hstem
        259 116 vstem
        259 631 -55 callsubr
        endchar
      
    </CharString>
    
      
    <CharString index="107">
        
        rmoveto
        215 -254 52 48 -204 237 310 236 -40 54 -314 -247 rlineto
        endchar
      
    </CharString>
    
      
    <CharString index="108">
        
        -8 64 583 62 hstem
        151 73 216 73 vstem
        return
      
    </CharString>
    
      
    <CharString index="109">
        
        -9 57 381 57 hstem
        161 131 53 71 vstem
        return
      
    </CharString>
    
      
    <CharString index="110">
        
        11 -82 32 -79 49 -78 rrcurveto
        -82 -73 -68 -41 -51 hhcurveto
        return
      
    </CharString>
    
      
    <CharString index="111">
        
        -189 63 150 65 403 59 return
      
    </CharString>
    
      
    <CharString index="112">
        
        50 callsubr
        109 48 return
      
    </CharString>
    
      
    <CharString index="113">
        
        0 58 572 58 return
      
    </CharString>
    
      
    <CharString index="114">
        
        45 141 46 hstem
        return
      
    </CharString>
    
      
    <CharString index="115">
        
        hlineto
        hintmask 10010000
        -174 179 -9 callsubr
        rlineto
        return
      
    </CharString>
    
      
    <CharString index="116">
        
        -4 callsubr
        12 callsubr
        return
      
    </CharString>
    
      
    <CharString index="117">
        
        -14 65 587 65 hstem
        84 72 352 69 vstem
        return
      
    </CharString>
    
      
    <CharString index="118">
        
        hintmask 1000010001001000111100010011000010101100
        return
      
    </CharString>
    
      
    <CharString index="119">
        
        28 callgsubr
        hstem
        return
      
    </CharString>
    
      
    <CharString index="120">
        
        0 122 457 111 return
      
    </CharString>
    
      
    <CharString index="121">
        
        -4 callsubr
        66 7 callgsubr
        68 70 140 55 57 68 56 54 vstem
        return
      
    </CharString>
    
      
    <CharString index="122">
        
        -43 callgsubr
        endchar
      
    </CharString>
    
      
    <CharString index="123">
        
        39 -13 rcurveline
        hintmask 10011110
        -33 callsubr
        endchar
      
    </CharString>
    
      
    <CharString index="124">
        
        49 callsubr
        583 424 -6 callgsubr
        return
      
    </CharString>
    
      
    <CharString index="125">
        
        -48 -47 286 -290 -2 -10 return
      
    </CharString>
    
      
    <CharString index="126">
        
        -244 29 callsubr
        100 48 return
      
    </CharString>
    
      
    <CharString index="127">
        
        13 callsubr
        hstem
        return
      
    </CharString>
    
      
    <CharString index="128">
        
        52 hhcurveto
        40 19 -24 return
      
    </CharString>
    
      
    <CharString index="129">
        
        46 87 77 hvcurveto
        return
      
    </CharString>
    
      
    <CharString index="130">
        
        -6 34 31 -3 28 hhcurveto
        189 134 183 199 120 -54 61 -69 return
      
    </CharString>
    
      
    <CharString index="131">
        
        hlineto
        -365 -257 rlineto
        hintmask 10100000
        25 callgsubr
      
    </CharString>
    
      
    <CharString index="132">
        
        -29 callgsubr
        rlineto
        endchar
      
    </CharString>
    
      
    <CharString index="133">
        
        -44 callgsubr
        endchar
      
    </CharString>
    
      
    <CharString index="134">
        
        42 213 rlineto
        -64 35 callsubr
        return
      
    </CharString>
    
      
    <CharString index="135">
        
        172 -15 callgsubr
        return
      
    </CharString>
    
      
    <CharString index="136">
        
        rlinecurve
        230 hmoveto
        return
      
    </CharString>
    
      
    <CharString index="137">
        
        -19 677 return
      
    </CharString>
    
      
    <CharString index="138">
        
        -8 callgsubr
        hintmask 01110000
        130 -132 rlineto
        return
      
    </CharString>
    
      
    <CharString index="139">
        
        -27 callgsubr
        21 37 vvcurveto
        40 61 48 147 52 vhcurveto
        return
      
    </CharString>
    
      
    <CharString index="140">
        
        0 93 hstem
        89 522 vstem
        return
      
    </CharString>
    
      
    <CharString index="141">
        
        -11 63 20 callsubr
        return
      
    </CharString>
    
      
    <CharString index="142">
        
        -11 63 434 65 return
      
    </CharString>
    
      
    <CharString index="143">
        
        -43 158 82 vhcurveto
        return
      
    </CharString>
    
      
    <CharString index="144">
        
        rlineto
        87 78 73 43 21 callgsubr
        -43 hvcurveto
        -92 -75 -188 return
      
    </CharString>
    
      
    <CharString index="145">
        
        rmoveto
        103 hlineto
        23 109 rlineto
        -103 hlineto
        return
      
    </CharString>
    
      
    <CharString index="146">
        
        12 61 rlineto
        -328 hlineto
        -12 -61 rlineto
        return
      
    </CharString>
    
      
    <CharString index="147">
        
        -8 61 436 57 -56 59 hstemhm
        51 70 432 66 hintmask 11011000
        return
      
    </CharString>
    
      
    <CharString index="148">
        
        hhcurveto
        47 37 -42 -89 -158 -94 -149 -123 hvcurveto
        endchar
      
    </CharString>
    
      
    <CharString index="149">
        
        -75 -93 -96 rlinecurve
        endchar
      
    </CharString>
    
      
    <CharString index="150">
        
        vstem
        286 371 rmoveto
        19 callsubr
        return
      
    </CharString>
    
      
    <CharString index="151">
        
        -55 75 -67 -52 vvcurveto
        -58 -90 -48 -223 -45 vhcurveto
        endchar
      
    </CharString>
    
      
    <CharString index="152">
        
        35 29 -29 -35 -35 -29 -29 -35 return
      
    </CharString>
    
      
    <CharString index="153">
        
        vvcurveto
        -65 84 -43 157 82 vhcurveto
        return
      
    </CharString>
    
      
    <CharString index="154">
        
        hintmask 1100010001001000111100010001010000101100
        return
      
    </CharString>
    
      
    <CharString index="155">
        
        hintmask 1000010001001000111100010100000010101100
        return
      
    </CharString>
    
      
    <CharString index="156">
        
        0 91 hstem
        88 69 vstem
        return
      
    </CharString>
    
      
    <CharString index="157">
        
        420 rmoveto
        36 callsubr
        return
      
    </CharString>
    
      
    <CharString index="158">
        
        hstemhm
        89 71 264 60 return
      
    </CharString>
    
      
    <CharString index="159">
        
        50 359 50 hstem
        return
      
    </CharString>
    
      
    <CharString index="160">
        
        55 181 54 vstem
        return
      
    </CharString>
    
      
    <CharString index="161">
        
        55 callgsubr
        vstem
        return
      
    </CharString>
    
      
    <CharString index="162">
        
        56 213 54 return
      
    </CharString>
    
      
    <CharString index="163">
        
        28 -17 117 96 49 90 5 136 rlinecurve
        -104 -3 return
      
    </CharString>
    
      
    <CharString index="164">
        
        -51 hhcurveto
        endchar
      
    </CharString>
    
      
    <CharString index="165">
        
        -15 63 592 63 hstem
        80 74 362 74 vstem
        return
      
    </CharString>
    
      
    <CharString index="166">
        
        -16 callsubr
        hstem
        71 70 342 70 vstem
        return
      
    </CharString>
    
      
    <CharString index="167">
        
        rmoveto
        10 60 rlineto
        -435 hlineto
        -11 -60 rlineto
        endchar
      
    </CharString>
    
      
    <CharString index="168">
        
        hstem
        74 69 277 52 vstem
        return
      
    </CharString>
    
      
    <CharString index="169">
        
        17 85 rlinecurve
        return
      
    </CharString>
    
      
    <CharString index="170">
        
        rlineto
        -261 return
      
    </CharString>
    
      
    <CharString index="171">
        
        rmoveto
        36 callsubr
        -1687 -18 callgsubr
        return
      
    </CharString>
    
      
    <CharString index="172">
        
        -49 vvcurveto
        -65 83 36 callgsubr
        endchar
      
    </CharString>
    
      
    <CharString index="173">
        
        29 callsubr
        hstem
        return
      
    </CharString>
    
      
    <CharString index="174">
        
        -9 60 662 70 return
      
    </CharString>
    
      
    <CharString index="175">
        
        rlineto
        -117 return
      
    </CharString>
    
      
    <CharString index="176">
        
        27 122 66 246 31 129 rrcurveto
        return
      
    </CharString>
    
      
    <CharString index="177">
        
        -22 -129 -32 -246 -24 -122 rrcurveto
        return
      
    </CharString>
    
      
    <CharString index="178">
        
        -75 85 -114 -176 -133 -220 return
      
    </CharString>
    
      
    <CharString index="179">
        
        rmoveto
        105 hlineto
        26 115 rlineto
        -108 hlineto
        return
      
    </CharString>
    
      
    <CharString index="180">
        
        hintmask 1000010001000100111100010011000010101100
        return
      
    </CharString>
    
      
    <CharString index="181">
        
        hintmask 1000010100001000111100010001000010101100
        return
      
    </CharString>
    
      
    <CharString index="182">
        
        hintmask 1000010001001000111010010001000010101100
        return
      
    </CharString>
    
      
    <CharString index="183">
        
        hlineto
        -10 -56 rlineto
        return
      
    </CharString>
    
      
    <CharString index="184">
        
        55 65 55 hstem
        return
      
    </CharString>
    
      
    <CharString index="185">
        
        vhcurveto
        -136 return
      
    </CharString>
    
      
    <CharString index="186">
        
        rlineto
        -170 return
      
    </CharString>
    
      
    <CharString index="187">
        
        -12 62 432 55 hstem
        177 70 return
      
    </CharString>
    
      
    <CharString index="188">
        
        rlineto
        73 hlineto
        return
      
    </CharString>
    
      
    <CharString index="189">
        
        hlineto
        -85 -60 -11 -61 65 -67 rlineto
        return
      
    </CharString>
    
      
    <CharString index="190">
        
        -68 -2 -70 -361 rlineto
        48 hlineto
        return
      
    </CharString>
    
      
    <CharString index="191">
        
        -56 27 -685 -974 63 -17 return
      
    </CharString>
    
      
    <CharString index="192">
        
        390 90 callsubr
        return
      
    </CharString>
    
      
    <CharString index="193">
        
        48 110 50 hstem
        return
      
    </CharString>
    
      
    <CharString index="194">
        
        625 63 hstem
        return
      
    </CharString>
    
      
    <CharString index="195">
        
        rmoveto
        11 56 rlineto
        return
      
    </CharString>
    
      
    <CharString index="196">
        
        -112 -79 rlineto
        return
      
    </CharString>
    
      
    <CharString index="197">
        
        392 276 return
      
    </CharString>
    
      
    <CharString index="198">
        
        hstem
        91 73 return
      
    </CharString>
    
    
</GlobalSubrs>