<Subrs>
    
          
    <!-- The 'index' attribute is only for humans; it is ignored when parsed. -->
    
          
    <CharString index="0">
        
            rmoveto
            72 6 -56 callsubr
            rlinecurve
            -86 callgsubr
            -75 7 -75 6 -74 rrcurveto
            -68 630 -84 callgsubr
          
    </CharString>
    
          
    <CharString index="1">
        
            rmoveto
            17 -32 80 40 118 66 71 57 rlinecurve
            -52 57 -61 -61 -101 -81 -72 -46 rlinecurve
            return
          
    </CharString>
    
          
    <CharString index="2">
        
            rmoveto
            49 -45 45 -130 29 vhcurveto
            210 143 6 50 rlineto
            -283 hlineto
            -10 -50 rlineto
            220 hlineto
            -212 -144 -4 -27 rlineto
            143 -28 48 -37 -37 vvcurveto
            -40 -51 -42 -210 21 vhcurveto
            -8 -54 rlineto
            250 -23 76 76 69 vvcurveto
            return
          
    </CharString>
    
          
    <CharString index="3">
        
            rmoveto
            -101 callgsubr
            66 67 22 callgsubr
            -23 -128 41 -45 157 91 rrcurveto
            endchar
          
    </CharString>
    
          
    <CharString index="4">
        
            rmoveto
            142 -77 77 -117 -48 callgsubr
            -142 77 -76 117 -49 callsubr
            vhcurveto
            -411 -116 rmoveto
            148 83 128 121 87 49 -64 -107 -150 -84 -125 -120 -87 -49 63 107 vhcurveto
            endchar
          
    </CharString>
    
          
    <CharString index="5">
        
            rmoveto
            128 88 80 157 31 hvcurveto
            91 467 rlineto
            -82 callgsubr
            rlineto
            -164 -32 71 -87 141 hhcurveto
            endchar
          
    </CharString>
    
          
    <CharString index="6">
        
            rmoveto
            -41 27 rlineto
            -81 -64 -50 -46 -59 hhcurveto
            -56 -36 37 94 -39 hvcurveto
            -55 -27 rlineto
            -111 42 56 -51 73 hhcurveto
            77 76 58 100 76 hvcurveto
            return
          
    </CharString>
    
          
    <CharString index="7">
        
            rmoveto
            95 74 62 93 117 -141 46 -117 -93 hvcurveto
            22 71 67 75 163 41 -13 49 rcurveline
            -227 -62 -77 -128 -116 vvcurveto
            -105 69 -50 85 vhcurveto
            9 47 rmoveto
            -56 -51 32 86 8 0 7 1 8 hvcurveto
            103 81 109 -36 -86 vvcurveto
            -57 -40 -43 -66 vhcurveto
            endchar
          
    </CharString>
    
          
    <CharString index="8">
        
            rmoveto
            26 53 -26 75 149 vvcurveto
            17 1 22 2 23 vhcurveto
            55 112 48 139 33 vvcurveto
            14 -28 13 -19 -7 -9 -10 -17 -10 vhcurveto
            17 -40 -39 10 -40 hhcurveto
            -180 -132 -172 -184 -112 55 -59 78 75 72 56 73 54 hvcurveto
            -127 28 -87 -30 -30 vhcurveto
            -23 -23 -88 -24 -226 19 -8 -70 rcurveline
            261 -16 118 41 32 65 rrcurveto
            -236 188 rmoveto
            -52 -41 40 82 138 91 143 122 32 43 -11 -22 44 hvcurveto
            -26 -65 -25 -88 -11 -80 rrcurveto
            -88 -53 -65 -49 -59 hhcurveto
            endchar
          
    </CharString>
    
          
    <CharString index="9">
        
            -105 callsubr
            endchar
          
    </CharString>
    
          
    <CharString index="10">
        
            16 63 rlineto
            -333 hlineto
            50 258 67 callsubr
            hlineto
            11 55 rlineto
            -281 hlineto
            48 250 rlineto
            331 hlineto
            13 62 rlineto
            -404 -31 callgsubr
            return
          
    </CharString>
    
          
    <CharString index="11">
        
            rmoveto
            -44 -34 36 83 163 96 152 119 29 39 -6 -11 42 hvcurveto
            -16 -83 -33 -165 -12 -59 rrcurveto
            -58 -56 -79 -52 57 callgsubr
          
    </CharString>
    
          
    <CharString index="12">
        
            -11 39 rlineto
            -246 -92 -116 42 151 vvcurveto
            5 vlineto
            257 19 146 77 125 vvcurveto
            77 -57 49 -93 -185 -136 -191 -170 return
          
    </CharString>
    
          
    <CharString index="13">
        
            -97 callsubr
            endchar
          
    </CharString>
    
          
    <CharString index="14">
        
            rmoveto
            115 -134 49 39 -149 167 rlineto
            -3 hlineto
            -223 -163 32 -38 rlineto
            return
          
    </CharString>
    
          
    <CharString index="15">
        
            rmoveto
            -52 -19 120 -75 hhcurveto
            -54 -53 -51 -94 -55 hvcurveto
            37 -22 rlineto
            66 41 36 46 33 52 20 -120 75 hhcurveto
            55 52 56 95 55 hvcurveto
            -38 21 rlineto
            -66 -41 -36 -51 -33 hhcurveto
            return
          
    </CharString>
    
          
    <CharString index="16">
        
            -96 callgsubr
            hintmask 01111000
            -29 callsubr
          
    </CharString>
    
          
    <CharString index="17">
        
            rmoveto
            -94 callgsubr
            return
          
    </CharString>
    
          
    <CharString index="18">
        
            rmoveto
            50 -310 rlineto
            65 hlineto
            68 189 53 167 49 182 rrcurveto
            -74 hlineto
            -37 -157 -37 -139 -42 -149 rrcurveto
            -5 hlineto
            -47 313 rlineto
            -46 hlineto
            -166 -312 rlineto
            -3 hlineto
            15 146 16 140 22 158 rrcurveto
            -70 hlineto
            -27 -200 -16 -203 -5 -135 rrcurveto
            70 hlineto
            endchar
          
    </CharString>
    
          
    <CharString index="19">
        
            rmoveto
            -86 callsubr
            408 hlineto
            endchar
          
    </CharString>
    
          
    <CharString index="20">
        
            -9 36 -111 -45 -7 22 62 callgsubr
            77 390 rlineto
            15 -56 -50 7 -44 hhcurveto
            -189 -135 -187 -203 return
          
    </CharString>
    
          
    <CharString index="21">
        
            -171 hlineto
            111 572 rlineto
            166 hlineto
            11 58 rlineto
            -409 hlineto
            -11 -58 rlineto
            170 hlineto
            -110 -572 rlineto
            -167 -3 callsubr
            return
          
    </CharString>
    
          
    <CharString index="22">
        
            rmoveto
            -88 -64 -55 -68 -62 56 -47 81 89 64 54 69 62 -57 47 -81 hvcurveto
            -5 -46 rmoveto
            52 37 -30 -38 -40 -39 -33 -54 -52 -36 30 39 40 39 32 53 hvcurveto
            return
          
    </CharString>
    
          
    <CharString index="23">
        
            rmoveto
            13 -50 rlineto
            227 62 77 128 116 vvcurveto
            105 -69 50 -85 -95 -74 -62 -92 -118 141 -45 117 92 vhcurveto
            -22 -71 -67 -75 -163 -40 rrcurveto
            48 265 rmoveto
            56 40 43 66 56 51 -32 -85 -8 0 -8 -1 -8 vhcurveto
            -103 -81 -109 36 87 vvcurveto
            endchar
          
    </CharString>
    
          
    <CharString index="24">
        
            rmoveto
            -79 callsubr
            -41 -152 93 -46 264 106 rlinecurve
            endchar
          
    </CharString>
    
          
    <CharString index="25">
        
            -90 callgsubr
            endchar
          
    </CharString>
    
          
    <CharString index="26">
        
            vstem
            191 472 -90 callsubr
            return
          
    </CharString>
    
          
    <CharString index="27">
        
            -12 callgsubr
            -79 callgsubr
          
    </CharString>
    
          
    <CharString index="28">
        
            -10 40 -227 -63 -35 23 26 102 rlinecurve
            102 389 -63 2 -228 -58 4 -39 203 32 -88 -336 return
          
    </CharString>
    
          
    <CharString index="29">
        
            rmoveto
            61 37 -31 -47 -97 -132 -54 -199 -15 hvcurveto
            121 18 87 123 128 hhcurveto
            endchar
          
    </CharString>
    
          
    <CharString index="30">
        
            rmoveto
            63 -7 75 133 92 135 108 127 rlinecurve
            10 48 rlineto
            -316 hlineto
            -11 -51 rlineto
            254 -3 hlineto
            -109 -123 -90 -130 -76 -129 rrcurveto
            return
          
    </CharString>
    
          
    <CharString index="31">
        
            -271 -148 rmoveto
            72 1 43 146 -79 -2 rlineto
            return
          
    </CharString>
    
          
    <CharString index="32">
        
            rmoveto
            66 2 90 389 -69 -3 -43 -193 rlineto
            -176 -61 -97 64 181 vvcurveto
            186 107 196 142 83 14 -66 -120 -3 vhcurveto
            68 hlineto
            170 7 -40 81 -118 hhcurveto
            -181 -151 -221 -239 hvcurveto
            return
          
    </CharString>
    
          
    <CharString index="33">
        
            -9 36 -105 -46 -6 23 62 callgsubr
            78 402 rlineto
            -67 hlineto
            -70 -353 rlineto
            return
          
    </CharString>
    
          
    <CharString index="34">
        
            -81 callsubr
            -114 -160 -68 callgsubr
            return
          
    </CharString>
    
          
    <CharString index="35">
        
            rmoveto
            -8 38 rlineto
            -161 -84 -54 33 116 vvcurveto
            13 1 14 1 14 vhcurveto
            173 23 94 103 113 vvcurveto
            hintmask 10111000
            64 -34 40 -62 -37 -36 -16 -28 -31 vhcurveto
            hintmask 11011000
            27 -38 -37 14 -41 hhcurveto
            -141 -111 -208 -204 -95 31 -47 51 56 53 45 60 47 hvcurveto
            21 -111 89 -41 174 117 rrcurveto
            -68 428 rmoveto
            31 17 -22 -36 -79 -71 -85 -125 -19 hvcurveto
            119 21 58 122 69 hhcurveto
            -343 -434 rmoveto
            -26 -15 30 62 157 71 184 93 25 30 -9 -27 33 hvcurveto
            -54 -76 -34 -111 -1 -108 rrcurveto
            -56 -41 -44 -46 -37 hhcurveto
            endchar
          
    </CharString>
    
          
    <CharString index="36">
        
            rmoveto
            -32 callgsubr
            -66 callsubr
            hintmask 01110000
            -8 callsubr
            endchar
          
    </CharString>
    
          
    <CharString index="37">
        
            -75 callsubr
            hintmask 01111100
            5 callsubr
            return
          
    </CharString>
    
          
    <CharString index="38">
        
            799 -106 callsubr
            return
          
    </CharString>
    
          
    <CharString index="39">
        
            57 vstem
            523 594 -105 callsubr
            return
          
    </CharString>
    
          
    <CharString index="40">
        
            rmoveto
            -49 callsubr
            53 -11 44 -19 34 hvcurveto
            69 77 -42 32 -60 -67 rlineto
            30 -33 -45 16 -53 hhcurveto
            -48 callgsubr
            -55 11 -45 21 -34 hvcurveto
            -69 -77 42 -31 61 67 rlineto
            -28 33 43 -15 52 hhcurveto
            -124 229 rmoveto
            149 84 127 121 41 33 -14 -27 24 vhcurveto
            -288 -325 rlineto
            -10 25 -5 30 35 vvcurveto
            137 -170 rmoveto
            -40 -32 13 25 -23 hvcurveto
            286 323 rlineto
            9 -24 5 -29 -33 vvcurveto
            -150 -85 -125 -120 vhcurveto
            endchar
          
    </CharString>
    
          
    <CharString index="41">
        
            -48 -54 -67 -61 -13 2 -13 3 -13 hvcurveto
            -65 callgsubr
            return
          
    </CharString>
    
          
    <CharString index="42">
        
            73 hlineto
            44 227 321 461 rlineto
            -79 hlineto
            -263 -386 -117 388 -75 -3 141 -452 rlineto
            endchar
          
    </CharString>
    
          
    <CharString index="43">
        
            -30 callsubr
            67 77 194 109 vvcurveto
            56 -26 45 -68 -69 return
          
    </CharString>
    
          
    <CharString index="44">
        
            67 vstem
            513 72 -98 callgsubr
            return
          
    </CharString>
    
          
    <CharString index="45">
        
            323 53 259 17 callgsubr
            -60 -310 rlineto
            -83 hlineto
            -11 -53 rlineto
            84 hlineto
            -63 -323 -12 callsubr
            -388 -101 rmoveto
            156 hlineto
            13 53 rlineto
            -159 hlineto
            50 256 4 callsubr
            -7 callgsubr
            endchar
          
    </CharString>
    
          
    <CharString index="46">
        
            -135 -98 -96 -103 hvcurveto
            -161 289 -71 -121 vvcurveto
            -74 -95 -59 -290 73 vhcurveto
            -16 -72 return
          
    </CharString>
    
          
    <CharString index="47">
        
            435 hlineto
            17 62 -361 -2 434 420 11 59 rlineto
            -422 hlineto
            -17 -62 347 2 -433 -419 rlineto
            endchar
          
    </CharString>
    
          
    <CharString index="48">
        
            -228 -83 -114 46 150 vvcurveto
            152 106 134 127 62 28 -29 -87 2 vhcurveto
            return
          
    </CharString>
    
          
    <CharString index="49">
        
            -114 49 -56 67 62 83 54 64 64 return
          
    </CharString>
    
          
    <CharString index="50">
        
            46 57 46 68 44 79 -61 22 rcurveline
            -35 -69 -36 -59 -36 -49 -46 75 -26 77 -6 82 rrcurveto
            63 66 38 72 54 vvcurveto
            34 -19 17 -29 -50 -65 -114 -114 -2 vhcurveto
            return
          
    </CharString>
    
          
    <CharString index="51">
        
            -21 230 -25 229 -27 229 return
          
    </CharString>
    
          
    <CharString index="52">
        
            rmoveto
            72 1 44 146 -81 -2 rlineto
            return
          
    </CharString>
    
          
    <CharString index="53">
        
            75 vstem
            254 222 rmoveto
            214 -228 80 12 -209 217 rlineto
            169 85 66 82 72 vvcurveto
            53 -36 36 -63 -71 -92 -46 -92 -89 vhcurveto
            71 367 39 callsubr
            67 349 rlineto
            92 90 85 45 57 hhcurveto
            35 22 -18 -32 -49 -55 -73 -190 -92 hvcurveto
            return
          
    </CharString>
    
          
    <CharString index="54">
        
            rlineto
            6 -33 -30 3 -28 hhcurveto
            -186 -132 -183 -199 -120 52 -60 69 62 80 50 63 63 hvcurveto
            -14 -109 44 -45 155 91 rrcurveto
            return
          
    </CharString>
    
          
    <CharString index="55">
        
            154 -289 65 136 vvcurveto
            67 59 60 82 80 45 -41 -97 14 vhcurveto
            return
          
    </CharString>
    
          
    <CharString index="56">
        
            902 -93 callsubr
            return
          
    </CharString>
    
          
    <CharString index="57">
        
            38 41 37 148 9 vhcurveto
            10 51 rlineto
            hintmask 01010100
            -108 11 -47 28 39 62 135 41 96 vvcurveto
            hintmask 10010100
            70 -81 57 -201 89 vhcurveto
            -31 -55 rlineto
            169 -73 73 -48 -54 -75 -132 -41 -81 vvcurveto
            -37 27 -34 75 -21 vhcurveto
            hintmask 10100100
            -102 -24 -41 -53 -44 vvcurveto
            return
          
    </CharString>
    
          
    <CharString index="58">
        
            160 128 151 194 return
          
    </CharString>
    
          
    <CharString index="59">
        
            rmoveto
            71 2 44 146 return
          
    </CharString>
    
          
    <CharString index="60">
        
            760 -85 callgsubr
            return
          
    </CharString>
    
          
    <CharString index="61">
        
            630 77 callgsubr
            88 456 vstem
            396 685 -92 callsubr
            endchar
          
    </CharString>
    
          
    <CharString index="62">
        
            -80 -2 rlineto
            -76 callsubr
            return
          
    </CharString>
    
          
    <CharString index="63">
        
            30 callgsubr
            -486 -15 callgsubr
            hstemhm
            return
          
    </CharString>
    
          
    <CharString index="64">
        
            619 238 hstem
            152 454 vstem
            152 644 -78 callgsubr
            endchar
          
    </CharString>
    
          
    <CharString index="65">
        
            -38 callsubr
            -16 callgsubr
            return
          
    </CharString>
    
          
    <CharString index="66">
        
            146 -144 146 hstemhm
            return
          
    </CharString>
    
          
    <CharString index="67">
        
            rmoveto
            38 -50 rlineto
            298 198 120 170 185 vvcurveto
            136 -68 149 -167 178 vhcurveto
            -55 -41 rlineto
            157 -163 65 -134 -126 vvcurveto
            -166 -100 -154 -288 -182 vhcurveto
            endchar
          
    </CharString>
    
          
    <CharString index="68">
        
            -55 callgsubr
            hintmask 11101100
            -76 callsubr
            294 return
          
    </CharString>
    
          
    <CharString index="69">
        
            -11 62 154 43 244 60 return
          
    </CharString>
    
          
    <CharString index="70">
        
            rmoveto
            147 -246 59 38 -150 241 246 243 -46 44 -239 -246 rlineto
            243 -72 rmoveto
            144 -248 59 36 -147 244 248 240 -46 45 -240 -243 rlineto
            endchar
          
    </CharString>
    
          
    <CharString index="71">
        
            121 625 rlineto
            221 hlineto
            12 63 rlineto
            -515 hlineto
            -11 -63 rlineto
            220 hlineto
            -121 -625 rlineto
            return
          
    </CharString>
    
          
    <CharString index="72">
        
            -40 53 hstem
            335 64 vstem
            122 -148 rmoveto
            39 -13 rlineto
            -33 callsubr
            64 2 rlineto
            141 9 -55 63 -72 hhcurveto
            -61 -52 -51 -110 -46 hvcurveto
            endchar
          
    </CharString>
    
          
    <CharString index="73">
        
            rmoveto
            -27 callgsubr
            20 37 vvcurveto
            return
          
    </CharString>
    
          
    <CharString index="74">
        
            76 36 36 45 40 hhcurveto
            41 28 -44 -109 -7 hvcurveto
            return
          
    </CharString>
    
          
    <CharString index="75">
        
            -185 -34 callsubr
            return
          
    </CharString>
    
          
    <CharString index="76">
        
            rmoveto
            45 -45 241 242 18 74 -145 248 -59 -36 148 -244 rlineto
            14 -241 rmoveto
            46 -45 238 246 17 74 -147 246 -59 -37 149 -242 rlineto
            endchar
          
    </CharString>
    
          
    <CharString index="77">
        
            rmoveto
            -12 37 rlineto
            -85 -36 -16 8 33 return
          
    </CharString>
    
          
    <CharString index="78">
        
            -10 -72 254 -15 110 42 32 64 rlinecurve
            endchar
          
    </CharString>
    
          
    <CharString index="79">
        
            -16 callsubr
            -23 callgsubr
            return
          
    </CharString>
    
          
    <CharString index="80">
        
            -133 -688 rlineto
            return
          
    </CharString>
    
          
    <CharString index="81">
        
            vvcurveto
            -68 59 -25 127 79 vhcurveto
            return
          
    </CharString>
    
          
    <CharString index="82">
        
            619 206 hstem
            122 375 vstem
            333 753 -93 callsubr
            endchar
          
    </CharString>
    
          
    <CharString index="83">
        
            420 hlineto
            14 63 rlineto
            -348 hlineto
            return
          
    </CharString>
    
          
    <CharString index="84">
        
            hstem
            79 74 364 74 vstem
            return
          
    </CharString>
    
          
    <CharString index="85">
        
            rmoveto
            18 -241 rlineto
            34 hlineto
            110 241 rlineto
            4 hlineto
            -59 -299 rlineto
            50 hlineto
            70 362 rlineto
            -68 hlineto
            -107 -236 rlineto
            -3 hlineto
            -19 237 rlineto
            return
          
    </CharString>
    
          
    <CharString index="86">
        
            rmoveto
            -10 callsubr
            return
          
    </CharString>
    
          
    <CharString index="87">
        
            611 279 hstem
            320 85 vstem
            405 -47 callgsubr
            endchar
          
    </CharString>
    
          
    <CharString index="88">
        
            57 7 55 137 55 return
          
    </CharString>
    
          
    <CharString index="89">
        
            236 658 rmoveto
            -48 -47 rlineto
            return
          
    </CharString>
    
          
    <CharString index="90">
        
            hstem
            96 71 233 71 vstem
            return
          
    </CharString>
    
          
    <CharString index="91">
        
            -12 59 446 59 return
          
    </CharString>
    
          
    <CharString index="92">
        
            193 286 vstem
            193 -49 callgsubr
            endchar
          
    </CharString>
    
          
    <CharString index="93">
        
            hlineto
            356 251 rlineto
            hintmask 10100000
            -60 callgsubr
            rlineto
            hintmask 01100000
            -260 263 rlineto
            return
          
    </CharString>
    
          
    <CharString index="94">
        
            32 -54 422 299 return
          
    </CharString>
    
          
    <CharString index="95">
        
            rlineto
            356 -47 166 218 253 vvcurveto
            return
          
    </CharString>
    
          
    <CharString index="96">
        
            rmoveto
            -188 -966 rlineto
            340 hlineto
            12 58 rlineto
            -272 hlineto
            165 850 rlineto
            271 hlineto
            13 58 rlineto
            endchar
          
    </CharString>
    
          
    <CharString index="97">
        
            12 60 rlineto
            return
          
    </CharString>
    
          
    <CharString index="98">
        
            18 callgsubr
            -392 -276 32 -54 return
          
    </CharString>
    
          
    <CharString index="99">
        
            -3 -66 rlineto
            296 -19 78 79 84 vvcurveto
            return
          
    </CharString>
    
          
    <CharString index="100">
        
            rmoveto
            -65 -2 -191 -979 rlineto
            66 hlineto
            return
          
    </CharString>
    
          
    <CharString index="101">
        
            -193 -150 -222 -236 return
          
    </CharString>
    
          
    <CharString index="102">
        
            hintmask 1000010001001000111100010001000010101100
            return
          
    </CharString>
    
          
    <CharString index="103">
        
            -11 66 434 60 return
          
    </CharString>
    
          
    <CharString index="104">
        
            hlineto
            -12 -58 rlineto
            return
          
    </CharString>
    
          
    <CharString index="105">
        
            677 60 hstem
            127 370 vstem
            485 677 -62 callgsubr
            endchar
          
    </CharString>
    
          
    <CharString index="106">
        
            87 77 99 97 97 vhcurveto
            3 callgsubr
            -46 -28 29 50 hvcurveto
            return
          
    </CharString>
    
          
    <CharString index="107">
        
            -10 63 -60 60 hstemhm
            283 143 20 69 hintmask 10110000
            return
          
    </CharString>
    
          
    <CharString index="108">
        
            -44 callsubr
            -1141 return
          
    </CharString>
    
          
    <CharString index="109">
        
            -19 callgsubr
            537 vstem
            return
          
    </CharString>
    
          
    <CharString index="110">
        
            91 vvcurveto
            95 -62 52 -143 -20 vhcurveto
            -27 callsubr
            61 hlineto
            126 635 rlineto
            60 2 return
          
    </CharString>
    
          
    <CharString index="111">
        
            rlineto
            165 19 91 -68 -167 vvcurveto
            return
          
    </CharString>
    
          
    <CharString index="112">
        
            -208 125 -91 205 62 vhcurveto
            return
          
    </CharString>
    
          
    <CharString index="113">
        
            68 70 252 68 return
          
    </CharString>
    
          
    <CharString index="114">
        
            53 339 50 hstem
            return
          
    </CharString>
    
          
    <CharString index="115">
        
            rmoveto
            40 -53 314 246 19 74 -215 255 -52 -48 204 -238 rlineto
            endchar
          
    </CharString>
    
          
    <CharString index="116">
        
            -11 61 440 61 hstem
            91 70 325 64 vstem
            return
          
    </CharString>
    
          
    <CharString index="117">
        
            -4 -2 -3 -8 -9 2 -3 4 4 2 3 9 return
          
    </CharString>
    
          
    <CharString index="118">
        
            147 -145 147 hstemhm
            return
          
    </CharString>
    
          
    <CharString index="119">
        
            hstem
            6 callsubr
            vstem
            return
          
    </CharString>
    
          
    <CharString index="120">
        
            53 338 50 return
          
    </CharString>
    
          
    <CharString index="121">
        
            hhcurveto
            71 13 -77 -108 -96 hvcurveto
            29 -18 rlineto
            148 149 -26 127 -116 hhcurveto
            return
          
    </CharString>
    
          
    <CharString index="122">
        
            328 rmoveto
            90 callgsubr
            rlineto
            hintmask 10010000
            -32 54 rlineto
            hintmask 01110000
            -253 -179 rlineto
            return
          
    </CharString>
    
          
    <CharString index="123">
        
            27 rmoveto
            -763 290 -2 10 645 284 -32 51 -715 -309 12 -62 return
          
    </CharString>
    
          
    <CharString index="124">
        
            rmoveto
            -10 36 -111 -46 -8 23 17 89 rlinecurve
            return
          
    </CharString>
    
          
    <CharString index="125">
        
            -25 callgsubr
            hstem
            8 return
          
    </CharString>
    
          
    <CharString index="126">
        
            105 hlineto
            23 115 rlineto
            -105 hlineto
            return
          
    </CharString>
    
          
    <CharString index="127">
        
            91 callsubr
            72 vstem
            return
          
    </CharString>
    
          
    <CharString index="128">
        
            51 338 54 hstem
            return
          
    </CharString>
    
          
    <CharString index="129">
        
            rmoveto
            -28 15 rlineto
            -76 -73 -34 -80 -72 vvcurveto
            93 3 -13 63 3 66 55 78 rlinecurve
            return
          
    </CharString>
    
          
    <CharString index="130">
        
            -25 callgsubr
            66 7 callgsubr
            289 53 callgsubr
            return
          
    </CharString>
    
          
    <CharString index="131">
        
            rmoveto
            26 callgsubr
          
    </CharString>
    
          
    <CharString index="132">
        
            rmoveto
            45 callsubr
            45 callgsubr
            hvcurveto
            return
          
    </CharString>
    
          
    <CharString index="133">
        
            6 callgsubr
            hstem
            52 539 vstem
            return
          
    </CharString>
    
          
    <CharString index="134">
        
            -16 65 91 callgsubr
            vstem
            return
          
    </CharString>
    
          
    <CharString index="135">
        
            -248 -21 callsubr
            return
          
    </CharString>
    
          
    <CharString index="136">
        
            47 361 50 return
          
    </CharString>
    
          
    <CharString index="137">
        
            hintmask 10100000
            -18 callsubr
            hintmask 01100000
            254 -258 rlineto
            return
          
    </CharString>
    
          
    <CharString index="138">
        
            -8 callgsubr
            hintmask 00110000
            130 -132 rlineto
            return
          
    </CharString>
    
          
    <CharString index="139">
        
            -13 63 -44 44 588 65 return
          
    </CharString>
    
          
    <CharString index="140">
        
            -19 callsubr
            vstem
            return
          
    </CharString>
    
          
    <CharString index="141">
        
            30 callgsubr
            -366 61 hstemhm
            return
          
    </CharString>
    
          
    <CharString index="142">
        
            hlineto
            -42 -213 rlineto
            return
          
    </CharString>
    
          
    <CharString index="143">
        
            12 59 rlineto
            return
          
    </CharString>
    
          
    <CharString index="144">
        
            -11 59 438 66 hstem
            485 70 vstem
            34 -195 rmoveto
            68 5 return
          
    </CharString>
    
          
    <CharString index="145">
        
            67 callgsubr
            hstem
            152 71 return
          
    </CharString>
    
          
    <CharString index="146">
        
            -70 -6 -150 -774 rlineto
            69 hlineto
            return
          
    </CharString>
    
          
    <CharString index="147">
        
            12 62 -715 309 -32 -51 645 -284 -2 -10 rlineto
            return
          
    </CharString>
    
          
    <CharString index="148">
        
            -131 -20 42 callgsubr
          
    </CharString>
    
          
    <CharString index="149">
        
            hlineto
            hintmask 10010000
            186 -191 48 48 -286 289 rlineto
            return
          
    </CharString>
    
          
    <CharString index="150">
        
            4 2 2 4 1 hvcurveto
            5 hlineto
            -6 -1 -4 -5 -8 hhcurveto
            return
          
    </CharString>
    
          
    <CharString index="151">
        
            96 hlineto
            25 117 rlineto
            -96 hlineto
            return
          
    </CharString>
    
          
    <CharString index="152">
        
            -35 -29 29 35 35 29 29 35 return
          
    </CharString>
    
          
    <CharString index="153">
        
            -9 -7 -7 -9 -9 -7 6 10 return
          
    </CharString>
    
          
    <CharString index="154">
        
            hintmask 1000010001010000111100010000100010101100
            return
          
    </CharString>
    
          
    <CharString index="155">
        
            hintmask 1000010001001000111100010001000010011100
            return
          
    </CharString>
    
          
    <CharString index="156">
        
            61 hstem
            511 72 vstem
            return
          
    </CharString>
    
          
    <CharString index="157">
        
            -236 13 callsubr
            return
          
    </CharString>
    
          
    <CharString index="158">
        
            58 241 58 vstem
            return
          
    </CharString>
    
          
    <CharString index="159">
        
            54 213 56 vstem
            return
          
    </CharString>
    
          
    <CharString index="160">
        
            41 186 47 hstem
            return
          
    </CharString>
    
          
    <CharString index="161">
        
            47 186 42 return
          
    </CharString>
    
          
    <CharString index="162">
        
            178 -18 11 56 -177 19 36 181 -68 7 return
          
    </CharString>
    
          
    <CharString index="163">
        
            -486 rmoveto
            105 hlineto
            24 115 rlineto
            -106 hlineto
            endchar
          
    </CharString>
    
          
    <CharString index="164">
        
            38 callsubr
            306 67 return
          
    </CharString>
    
          
    <CharString index="165">
        
            46 vstem
            56 282 rmoveto
            -172 96 -102 130 return
          
    </CharString>
    
          
    <CharString index="166">
        
            0 62 150 55 55 54 251 61 hstem
            -10 return
          
    </CharString>
    
          
    <CharString index="167">
        
            0 63 562 63 hstem
            36 return
          
    </CharString>
    
          
    <CharString index="168">
        
            0 61 417 61 hstem
            43 return
          
    </CharString>
    
          
    <CharString index="169">
        
            rlineto
            205 return
          
    </CharString>
    
          
    <CharString index="170">
        
            -237 53 339 50 109 48 110 return
          
    </CharString>
    
          
    <CharString index="171">
        
            rmoveto
            104 hlineto
            22 110 rlineto
            -103 hlineto
            endchar
          
    </CharString>
    
          
    <CharString index="172">
        
            -133 -686 rlineto
            return
          
    </CharString>
    
          
    <CharString index="173">
        
            128 534 vstem
            return
          
    </CharString>
    
          
    <CharString index="174">
        
            rlineto
            281 return
          
    </CharString>
    
          
    <CharString index="175">
        
            -80 44 -49 79 70 86 49 92 87 vhcurveto
            return
          
    </CharString>
    
          
    <CharString index="176">
        
            18 -117 -96 -49 -90 -5 -136 rlinecurve
            return
          
    </CharString>
    
          
    <CharString index="177">
        
            -205 1209 hstem
            -20 692 vstem
            return
          
    </CharString>
    
          
    <CharString index="178">
        
            75 -85 114 176 133 221 return
          
    </CharString>
    
          
    <CharString index="179">
        
            38 22 26 41 47 vvcurveto
            71 -57 57 -71 return
          
    </CharString>
    
          
    <CharString index="180">
        
            hintmask 1000010001010000111100010001000010101100
            return
          
    </CharString>
    
          
    <CharString index="181">
        
            hintmask 1100010001001000111100010000100010101100
            return
          
    </CharString>
    
          
    <CharString index="182">
        
            hintmask 1000010001001000111100010000100010101100
            return
          
    </CharString>
    
          
    <CharString index="183">
        
            hlineto
            12 61 rlineto
            return
          
    </CharString>
    
          
    <CharString index="184">
        
            138 60 hstem
            return
          
    </CharString>
    
          
    <CharString index="185">
        
            -197 rmoveto
            return
          
    </CharString>
    
          
    <CharString index="186">
        
            632 -48 callsubr
            rlineto
            return
          
    </CharString>
    
          
    <CharString index="187">
        
            6 -1 3 -4 -3 -2 -2 -7 vhcurveto
            return
          
    </CharString>
    
          
    <CharString index="188">
        
            -230 53 return
          
    </CharString>
    
          
    <CharString index="189">
        
            89 callsubr
            509 72 vstem
            return
          
    </CharString>
    
          
    <CharString index="190">
        
            -85 86 2 10 131 92 rlineto
            return
          
    </CharString>
    
          
    <CharString index="191">
        
            91 77 callgsubr
            return
          
    </CharString>
    
          
    <CharString index="192">
        
            68 69 257 66 return
          
    </CharString>
    
          
    <CharString index="193">
        
            -132 -188 rlineto
            return
          
    </CharString>
    
          
    <CharString index="194">
        
            5 137 rlinecurve
            return
          
    </CharString>
    
          
    <CharString index="195">
        
            hlineto
            -11 -56 rlineto
            return
          
    </CharString>
    
          
    <CharString index="196">
        
            633 62 hstem
            return
          
    </CharString>
    
          
    <CharString index="197">
        
            73 2 75 return
          
    </CharString>
    
          
    <CharString index="198">
        
            hstem
            202 return
          
    </CharString>
    
        
</Subrs>