<GlobalSubrs>
    
      
    <!-- The 'index' attribute is only for humans; it is ignored when parsed. -->
    
      
    <CharString index="0">
        
        rmoveto
        -95 callgsubr
        58 72 48 61 63 hvcurveto
        -4 -116 56 -37 182 109 rrcurveto
        -341 80 -94 callsubr
      
    </CharString>
    
      
    <CharString index="1">
        
        rmoveto
        159 12 -45 callgsubr
        rlinecurve
        -86 callsubr
        1 -58 1 -58 2 -57 rrcurveto
        -23 559 -78 callsubr
      
    </CharString>
    
      
    <CharString index="2">
        
        rmoveto
        -14 78 -261 -47 -68 11 -6 96 rlinecurve
        -75 callgsubr
        -183 165 -121 333 168 vhcurveto
        -188 388 -71 callgsubr
      
    </CharString>
    
      
    <CharString index="3">
        
        rmoveto
        47 -40 39 -97 26 vhcurveto
        162 96 12 97 rlineto
        -308 hlineto
        -20 -99 rlineto
        180 hlineto
        -169 -97 -6 -47 rlineto
        111 -21 54 -24 -23 vvcurveto
        -24 -48 -20 -171 20 vhcurveto
        -14 -104 rlineto
        254 -27 100 85 76 vvcurveto
        return
      
    </CharString>
    
      
    <CharString index="4">
        
        rmoveto
        145 -86 88 -135 -40 callsubr
        -145 86 -89 135 -40 callgsubr
        vhcurveto
        -374 -110 rmoveto
        108 53 109 80 51 33 -45 -81 -107 -53 -109 -80 -51 -33 44 81 vhcurveto
        endchar
      
    </CharString>
    
      
    <CharString index="5">
        
        rmoveto
        -87 53 rlineto
        -63 -55 -43 -36 -46 hhcurveto
        -50 -33 33 73 -33 hvcurveto
        -113 -61 rlineto
        -107 41 72 -57 84 hhcurveto
        87 93 61 104 83 hvcurveto
        return
      
    </CharString>
    
      
    <CharString index="6">
        
        109 85 68 97 106 -114 44 -114 -66 hvcurveto
        27 49 61 48 132 22 -25 97 rcurveline
        -238 -53 -90 -128 -129 vvcurveto
        -102 69 -53 98 vhcurveto
        18 88 rmoveto
        -34 -37 22 61 5 0 6 1 5 hvcurveto
        80 40 53 -25 -50 vvcurveto
        -33 -18 -31 -45 vhcurveto
        endchar
      
    </CharString>
    
      
    <CharString index="7">
        
        rmoveto
        165 1 50 154 -178 -3 rlineto
        -288 -154 rmoveto
        166 2 49 153 -176 -2 rlineto
        return
      
    </CharString>
    
      
    <CharString index="8">
        
        36 133 rlineto
        -284 hlineto
        30 153 rlineto
        233 hlineto
        24 116 rlineto
        -234 hlineto
        30 153 rlineto
        277 hlineto
        25 133 rlineto
        -436 hlineto
        -133 -688 rlineto
        return
      
    </CharString>
    
      
    <CharString index="9">
        
        -67 callgsubr
        -34 callsubr
        vhcurveto
        -81 callsubr
        return
      
    </CharString>
    
      
    <CharString index="10">
        
        -99 callgsubr
        endchar
      
    </CharString>
    
      
    <CharString index="11">
        
        -104 callgsubr
        endchar
      
    </CharString>
    
      
    <CharString index="12">
        
        -12 76 -77 -15 -3 1 9 45 rlinecurve
        75 390 rlineto
        18 -59 -64 9 -53 hhcurveto
        -228 -131 -210 -206 -118 50 -55 66 return
      
    </CharString>
    
      
    <CharString index="13">
        
        rmoveto
        45 hlineto
        -85 callgsubr
        -9 -81 rcurveline
        215 hlineto
        -14 -74 rlineto
        110 hlineto
        return
      
    </CharString>
    
      
    <CharString index="14">
        
        -84 callsubr
        hintmask 11101000
        -98 callsubr
      
    </CharString>
    
      
    <CharString index="15">
        
        -74 callgsubr
        -93 callgsubr
      
    </CharString>
    
      
    <CharString index="16">
        
        rmoveto
        23 -227 rlineto
        147 hlineto
        81 244 45 147 43 170 rrcurveto
        -158 hlineto
        -24 -135 -16 -92 -30 -160 rrcurveto
        -6 hlineto
        -20 234 rlineto
        -90 hlineto
        -112 -234 rlineto
        -3 hlineto
        29 153 18 96 30 138 rrcurveto
        -154 hlineto
        -32 -215 -24 -236 -5 -110 rrcurveto
        142 hlineto
        endchar
      
    </CharString>
    
      
    <CharString index="17">
        
        rmoveto
        -89 callsubr
        451 hlineto
        endchar
      
    </CharString>
    
      
    <CharString index="18">
        
        337 hlineto
        21 100 50 callgsubr
        134 80 74 64 79 vvcurveto
        94 -105 50 -204 -31 vhcurveto
        -14 -103 rlineto
        148 19 45 -22 -38 vvcurveto
        -56 -99 -60 -155 -85 vhcurveto
        return
      
    </CharString>
    
      
    <CharString index="19">
        
        -52 -232 rlineto
        145 -16 50 -22 -27 vvcurveto
        -28 -49 -24 -182 14 vhcurveto
        -12 -105 rlineto
        263 -18 98 84 85 vvcurveto
        return
      
    </CharString>
    
      
    <CharString index="20">
        
        -160 hlineto
        -88 -455 rlineto
        -80 -15 -34 -31 -49 hhcurveto
        -44 -38 25 119 24 hvcurveto
        81 422 -8 callgsubr
        -79 -407 return
      
    </CharString>
    
      
    <CharString index="21">
        
        rmoveto
        25 -97 86 callgsubr
        54 89 127 129 vvcurveto
        102 -68 53 -99 -109 -84 -67 -98 -105 113 -44 115 67 vhcurveto
        -27 -51 -61 -48 -133 -22 rrcurveto
        105 216 rmoveto
        34 19 31 44 34 37 -22 -61 -5 0 -6 -1 -5 vhcurveto
        -79 -40 -54 24 50 vvcurveto
        endchar
      
    </CharString>
    
      
    <CharString index="22">
        
        28 98 rlineto
        -54 hlineto
        25 127 -111 -8 -23 -119 rlineto
        -108 hlineto
        50 72 38 75 42 119 -128 6 rcurveline
        -35 -121 -35 -77 -50 -91 return
      
    </CharString>
    
      
    <CharString index="23">
        
        rmoveto
        -89 callgsubr
        return
      
    </CharString>
    
      
    <CharString index="24">
        
        rmoveto
        -8 78 -138 -32 -19 13 185 437 rlinecurve
        -75 32 -46 -25 -69 -22 -66 -14 rlinecurve
        1 7 0 6 7 vvcurveto
        48 -28 28 -43 -82 -80 -78 -68 -39 30 -23 44 -11 vhcurveto
        -33 -54 -45 -55 -61 -69 53 -56 rcurveline
        83 80 67 77 43 71 34 2 36 6 35 9 -175 -388 76 -94 281 127 rrcurveto
        return
      
    </CharString>
    
      
    <CharString index="25">
        
        10 callsubr
        hintmask 10100000
        -78 callgsubr
        hintmask 11000000
        -34 callgsubr
        return
      
    </CharString>
    
      
    <CharString index="26">
        
        -12 79 -211 -34 -7 10 25 93 rlinecurve
        92 355 rlineto
        -128 hlineto
        -234 -54 11 -77 172 5 -71 -258 return
      
    </CharString>
    
      
    <CharString index="27">
        
        rmoveto
        67 -51 74 53 91 86 53 60 rlinecurve
        -140 74 -34 -64 -63 -96 -48 -62 rlinecurve
        240 -1 rmoveto
        68 -51 74 53 88 84 52 61 rlinecurve
        -144 65 -33 -64 -57 -87 -48 -61 rlinecurve
        return
      
    </CharString>
    
      
    <CharString index="28">
        
        -76 callgsubr
        -106 -184 -66 callgsubr
        return
      
    </CharString>
    
      
    <CharString index="29">
        
        -25 callsubr
        -65 -66 -36 -67 -66 vhcurveto
        12 92 -151 -9 -22 -165 -25 -127 -51 -266 rlinecurve
        149 hlineto
        74 368 rlineto
        41 44 37 -4 callsubr
        return
      
    </CharString>
    
      
    <CharString index="30">
        
        rmoveto
        -70 callsubr
        361 -70 143 120 116 -41 callgsubr
        return
      
    </CharString>
    
      
    <CharString index="31">
        
        172 472 -93 callsubr
        return
      
    </CharString>
    
      
    <CharString index="32">
        
        246 74 callsubr
        79 130 vvcurveto
        91 -66 56 -105 -197 -157 -195 -181 return
      
    </CharString>
    
      
    <CharString index="33">
        
        rmoveto
        44 -35 37 -40 32 vhcurveto
        34 15 40 17 48 19 -34 64 rcurveline
        -60 -24 -51 -22 -42 -19 rrcurveto
        return
      
    </CharString>
    
      
    <CharString index="34">
        
        rmoveto
        9 callgsubr
        -232 158 -97 299 98 hvcurveto
        16 140 rlineto
        -68 callsubr
        endchar
      
    </CharString>
    
      
    <CharString index="35">
        
        rmoveto
        122 -394 rlineto
        132 hlineto
        134 688 83 callgsubr
        -72 -394 rlineto
        -4 hlineto
        -111 396 -144 -4 -134 -686 39 callsubr
        71 394 rlineto
        return
      
    </CharString>
    
      
    <CharString index="36">
        
        rmoveto
        43 26 -24 -35 -64 -83 -34 -141 -11 hvcurveto
        89 20 59 79 76 hhcurveto
        endchar
      
    </CharString>
    
      
    <CharString index="37">
        
        -151 -470 -102 callsubr
      
    </CharString>
    
      
    <CharString index="38">
        
        -64 callsubr
        -451 -219 -66 callgsubr
        return
      
    </CharString>
    
      
    <CharString index="39">
        
        rmoveto
        -13 73 86 callsubr
        -42 -39 14 80 vvcurveto
        19 vlineto
        187 30 68 100 101 vvcurveto
        hintmask 10111100
        74 -46 55 -79 -38 -36 -12 -21 -33 vhcurveto
        hintmask 11011100
        19 -39 -45 9 -42 hhcurveto
        -160 -115 -217 -209 -104 34 -46 62 55 51 33 49 47 hvcurveto
        36 -92 104 -32 191 119 rrcurveto
        -112 382 rmoveto
        18 6 -14 -20 -26 -18 -72 -87 -26 hvcurveto
        85 15 32 73 34 hhcurveto
        -279 -323 rmoveto
        -23 -8 25 46 114 45 137 52 13 16 -2 -13 19 hvcurveto
        -42 -71 -27 -95 -105 vvcurveto
        -8 vlineto
        -18 -14 -15 -10 -16 hhcurveto
        endchar
      
    </CharString>
    
      
    <CharString index="40">
        
        rmoveto
        -20 74 -147 -50 -74 6 -21 92 rlinecurve
        206 155 117 164 142 vvcurveto
        87 -48 47 -75 return
      
    </CharString>
    
      
    <CharString index="41">
        
        rmoveto
        -19 -95 rlineto
        486 hlineto
        19 95 rlineto
        return
      
    </CharString>
    
      
    <CharString index="42">
        
        rmoveto
        -97 -66 -60 -70 -62 52 -51 85 97 68 61 70 61 -54 51 -85 hvcurveto
        return
      
    </CharString>
    
      
    <CharString index="43">
        
        rmoveto
        25 128 rlineto
        -401 hlineto
        -25 -128 rlineto
        return
      
    </CharString>
    
      
    <CharString index="44">
        
        -51 callgsubr
        54 37 25 28 18 hhcurveto
        return
      
    </CharString>
    
      
    <CharString index="45">
        
        rmoveto
        10 hlineto
        248 162 -68 77 return
      
    </CharString>
    
      
    <CharString index="46">
        
        769 -100 callgsubr
        return
      
    </CharString>
    
      
    <CharString index="47">
        
        rmoveto
        189 136 201 243 69 -12 55 -22 43 hvcurveto
        67 93 -90 57 -49 -71 rlineto
        20 -34 -41 10 -45 hhcurveto
        -189 -135 -201 -243 -68 11 -54 21 -42 hvcurveto
        -69 -96 89 -57 52 72 rlineto
        -21 34 41 -10 46 hhcurveto
        81 587 rmoveto
        24 19 -11 -21 13 hvcurveto
        -197 -280 rlineto
        157 54 155 87 vhcurveto
        -63 -453 rmoveto
        -25 -20 11 24 -13 hvcurveto
        199 281 rlineto
        -1 vlineto
        -161 -53 -154 -88 vhcurveto
        endchar
      
    </CharString>
    
      
    <CharString index="48">
        
        -7 8 -8 133 166 109 163 45 callsubr
        hintmask 01111000
        53 callsubr
        -55 -283 rlineto
        -61 hlineto
        -21 -109 rlineto
        61 hlineto
        hintmask 10111000
        -56 -291 3 callsubr
        -353 -141 rmoveto
        93 hlineto
        28 109 rlineto
        -100 92 callgsubr
        98 7 43 -52 -102 vvcurveto
        hintmask 01111000
        20 callgsubr
        endchar
      
    </CharString>
    
      
    <CharString index="49">
        
        916 -102 callgsubr
        return
      
    </CharString>
    
      
    <CharString index="50">
        
        -24 callsubr
        586 51 rmoveto
        -12 76 rlineto
        -82 callgsubr
        return
      
    </CharString>
    
      
    <CharString index="51">
        
        484 hlineto
        27 140 -301 -3 376 417 22 134 74 callgsubr
        -140 298 4 -381 -418 rlineto
        endchar
      
    </CharString>
    
      
    <CharString index="52">
        
        rmoveto
        169 1 50 153 -182 -1 rlineto
        return
      
    </CharString>
    
      
    <CharString index="53">
        
        38 callsubr
        122 631 -152 -11 -38 -197 1 callgsubr
        hintmask 10111000
        -60 callsubr
      
    </CharString>
    
      
    <CharString index="54">
        
        rmoveto
        hintmask 01100000
        -63 callgsubr
        hintmask 10100000
        -69 callsubr
        return
      
    </CharString>
    
      
    <CharString index="55">
        
        -52 callsubr
        107 103 return
      
    </CharString>
    
      
    <CharString index="56">
        
        -33 -48 90 -72 hhcurveto
        -62 -69 -67 -87 -53 hvcurveto
        74 -43 rlineto
        return
      
    </CharString>
    
      
    <CharString index="57">
        
        rmoveto
        -32 -167 rlineto
        288 hlineto
        32 129 rlineto
        -165 92 callgsubr
        124 hlineto
        22 106 rlineto
        -125 hlineto
        31 161 rlineto
        159 hlineto
        26 129 rlineto
        -392 hlineto
        -109 -228 -111 -231 -106 -229 rrcurveto
        154 hlineto
        72 167 rlineto
        164 392 rmoveto
        12 hlineto
        -54 -280 rlineto
        -75 hlineto
        40 94 39 94 38 92 rrcurveto
        endchar
      
    </CharString>
    
      
    <CharString index="58">
        
        -84 callsubr
        hintmask 1111110110000000
        -98 callsubr
      
    </CharString>
    
      
    <CharString index="59">
        
        140 2 rlineto
        160 13 -53 62 -119 hhcurveto
        -192 -160 -173 -203 return
      
    </CharString>
    
      
    <CharString index="60">
        
        133 153 116 153 133 return
      
    </CharString>
    
      
    <CharString index="61">
        
        16 callgsubr
        529 59 -65 callsubr
        return
      
    </CharString>
    
      
    <CharString index="62">
        
        -12 230 -14 227 -15 225 return
      
    </CharString>
    
      
    <CharString index="63">
        
        688 -107 callsubr
        return
      
    </CharString>
    
      
    <CharString index="64">
        
        895 -58 callsubr
        return
      
    </CharString>
    
      
    <CharString index="65">
        
        -66 callgsubr
        -70 callgsubr
      
    </CharString>
    
      
    <CharString index="66">
        
        154 -263 72 101 vvcurveto
        38 33 27 47 51 33 -25 -71 20 vhcurveto
        return
      
    </CharString>
    
      
    <CharString index="67">
        
        181 129 170 192 return
      
    </CharString>
    
      
    <CharString index="68">
        
        132 111 131 return
      
    </CharString>
    
      
    <CharString index="69">
        
        -24 callgsubr
        -36 callgsubr
        return
      
    </CharString>
    
      
    <CharString index="70">
        
        -17 callgsubr
        -31 callgsubr
        return
      
    </CharString>
    
      
    <CharString index="71">
        
        hstem
        40 156 153 147 vstem
        return
      
    </CharString>
    
      
    <CharString index="72">
        
        -13 131 87 82 168 124 return
      
    </CharString>
    
      
    <CharString index="73">
        
        -75 -61 -158 -84 -11 callgsubr
        return
      
    </CharString>
    
      
    <CharString index="74">
        
        167 118 268 135 return
      
    </CharString>
    
      
    <CharString index="75">
        
        rmoveto
        140 -222 125 81 -140 214 217 210 -95 96 -216 -224 rlineto
        249 -149 rmoveto
        137 -228 125 78 -136 219 217 203 -93 99 -217 -217 rlineto
        endchar
      
    </CharString>
    
      
    <CharString index="76">
        
        hstem
        55 167 221 168 vstem
        return
      
    </CharString>
    
      
    <CharString index="77">
        
        rmoveto
        -84 98 rlineto
        -292 -212 -105 -167 -187 vvcurveto
        -137 60 -147 151 -183 vhcurveto
        119 84 rlineto
        -134 155 -45 117 114 vvcurveto
        148 67 133 263 184 vhcurveto
        endchar
      
    </CharString>
    
      
    <CharString index="78">
        
        hlineto
        269 168 -52 callgsubr
        -195 194 rlineto
        return
      
    </CharString>
    
      
    <CharString index="79">
        
        -2 vhcurveto
        150 2 rlineto
        189 return
      
    </CharString>
    
      
    <CharString index="80">
        
        rmoveto
        93 -99 217 216 33 155 -137 227 -125 -78 136 -219 rlineto
        64 -208 rmoveto
        96 -95 215 224 31 154 -140 222 -125 -81 140 -213 rlineto
        endchar
      
    </CharString>
    
      
    <CharString index="81">
        
        626 119 hstem
        114 460 vstem
        574 791 -102 callgsubr
        endchar
      
    </CharString>
    
      
    <CharString index="82">
        
        106 553 rlineto
        182 hlineto
        27 135 rlineto
        -525 hlineto
        -27 -135 93 callsubr
        -106 -553 rlineto
        return
      
    </CharString>
    
      
    <CharString index="83">
        
        -14 132 328 129 return
      
    </CharString>
    
      
    <CharString index="84">
        
        -48 callsubr
        hstem
        47 return
      
    </CharString>
    
      
    <CharString index="85">
        
        -189 141 89 135 1 callsubr
        return
      
    </CharString>
    
      
    <CharString index="86">
        
        31 643 vstem
        323 688 rmoveto
        -158 hlineto
        -134 -688 rlineto
        159 hlineto
        73 343 rmoveto
        131 -353 168 20 -134 330 246 348 rlineto
        -169 hlineto
        return
      
    </CharString>
    
      
    <CharString index="87">
        
        -16 128 321 144 hstem
        429 153 vstem
        -195 vmoveto
        152 11 33 170 rlineto
        -1 16 14 -1 14 hhcurveto
        221 132 208 199 125 -54 61 -67 return
      
    </CharString>
    
      
    <CharString index="88">
        
        151 hstem
        124 12 callgsubr
        vstem
        return
      
    </CharString>
    
      
    <CharString index="89">
        
        454 hlineto
        26 135 rlineto
        -292 hlineto
        return
      
    </CharString>
    
      
    <CharString index="90">
        
        -14 136 443 137 return
      
    </CharString>
    
      
    <CharString index="91">
        
        -16 127 342 126 return
      
    </CharString>
    
      
    <CharString index="92">
        
        -19 callsubr
        -80 153 return
      
    </CharString>
    
      
    <CharString index="93">
        
        623 251 hstem
        155 363 vstem
        155 -44 callgsubr
        endchar
      
    </CharString>
    
      
    <CharString index="94">
        
        782 -64 callgsubr
        return
      
    </CharString>
    
      
    <CharString index="95">
        
        hstemhm
        343 162 -101 165 return
      
    </CharString>
    
      
    <CharString index="96">
        
        vvcurveto
        -91 84 -24 159 99 vhcurveto
        return
      
    </CharString>
    
      
    <CharString index="97">
        
        49 callsubr
        339 hmoveto
        -25 callgsubr
        return
      
    </CharString>
    
      
    <CharString index="98">
        
        0 125 438 125 return
      
    </CharString>
    
      
    <CharString index="99">
        
        rlineto
        -159 hlineto
        return
      
    </CharString>
    
      
    <CharString index="100">
        
        rmoveto
        17 -147 rlineto
        25 hlineto
        75 147 rlineto
        3 hlineto
        -43 -217 rlineto
        89 hlineto
        73 376 rlineto
        -88 hlineto
        -92 -177 rlineto
        -4 hlineto
        -25 178 return
      
    </CharString>
    
      
    <CharString index="101">
        
        hstemhm
        58 -28 callsubr
        return
      
    </CharString>
    
      
    <CharString index="102">
        
        615 243 hstem
        134 435 vstem
        311 615 -82 callsubr
        endchar
      
    </CharString>
    
      
    <CharString index="103">
        
        69 rlineto
        -102 13 callgsubr
        return
      
    </CharString>
    
      
    <CharString index="104">
        
        27 132 rlineto
        return
      
    </CharString>
    
      
    <CharString index="105">
        
        rmoveto
        191 977 rlineto
        -362 hlineto
        -25 -122 94 callgsubr
        -141 -733 rlineto
        -207 hlineto
        -24 -122 rlineto
        endchar
      
    </CharString>
    
      
    <CharString index="106">
        
        -15 144 433 141 21 callgsubr
        return
      
    </CharString>
    
      
    <CharString index="107">
        
        -13 131 81 callgsubr
        19 callgsubr
        return
      
    </CharString>
    
      
    <CharString index="108">
        
        rlineto
        2 -14 -13 0 -12 hhcurveto
        -220 -133 -207 -199 hvcurveto
        return
      
    </CharString>
    
      
    <CharString index="109">
        
        hstem
        178 95 callgsubr
        return
      
    </CharString>
    
      
    <CharString index="110">
        
        hlineto
        31 callsubr
        -179 -22 callsubr
        181 57 callgsubr
        return
      
    </CharString>
    
      
    <CharString index="111">
        
        98 180 95 hstem
        return
      
    </CharString>
    
      
    <CharString index="112">
        
        657 128 hstem
        114 426 vstem
        515 657 -64 callgsubr
        endchar
      
    </CharString>
    
      
    <CharString index="113">
        
        114 134 113 vstem
        return
      
    </CharString>
    
      
    <CharString index="114">
        
        rmoveto
        206 -240 111 106 -181 200 278 193 -87 121 -289 -226 rlineto
        endchar
      
    </CharString>
    
      
    <CharString index="115">
        
        562 134 hstem
        435 160 vstem
        return
      
    </CharString>
    
      
    <CharString index="116">
        
        -197 -162 -213 -236 return
      
    </CharString>
    
      
    <CharString index="117">
        
        hintmask 1000010001001000111100010001000010101100
        return
      
    </CharString>
    
      
    <CharString index="118">
        
        115 -25 115 hstemhm
        return
      
    </CharString>
    
      
    <CharString index="119">
        
        156 189 141 return
      
    </CharString>
    
      
    <CharString index="120">
        
        -29 -40 15 32 vvcurveto
        return
      
    </CharString>
    
      
    <CharString index="121">
        
        -14 24 121 -145 14 38 154 -148 13 -34 -153 -161 15 -25 -122 158 -15 return
      
    </CharString>
    
      
    <CharString index="122">
        
        -7 127 331 118 -117 122 hstemhm
        16 158 76 144 114 141 hintmask 11011100
        return
      
    </CharString>
    
      
    <CharString index="123">
        
        -16 132 324 118 hstem
        146 156 vstem
        return
      
    </CharString>
    
      
    <CharString index="124">
        
        -140 -179 -135 -175 -236 vhcurveto
        87 14 rmoveto
        183 94 136 123 90 69 return
      
    </CharString>
    
      
    <CharString index="125">
        
        hstem
        61 161 218 150 vstem
        return
      
    </CharString>
    
      
    <CharString index="126">
        
        hstem
        59 154 217 140 vstem
        return
      
    </CharString>
    
      
    <CharString index="127">
        
        -155 -77 -142 -149 6 vhcurveto
        return
      
    </CharString>
    
      
    <CharString index="128">
        
        hstem
        63 159 227 150 vstem
        return
      
    </CharString>
    
      
    <CharString index="129">
        
        -66 callgsubr
        -157 return
      
    </CharString>
    
      
    <CharString index="130">
        
        -4 -2 -3 -8 -9 2 -3 4 4 2 3 9 return
      
    </CharString>
    
      
    <CharString index="131">
        
        112 134 114 vstem
        return
      
    </CharString>
    
      
    <CharString index="132">
        
        120 160 66 callgsubr
        return
      
    </CharString>
    
      
    <CharString index="133">
        
        24 11 -32 -90 -4 hvcurveto
        return
      
    </CharString>
    
      
    <CharString index="134">
        
        32 callgsubr
        56 callsubr
        hintmask 01111000
        return
      
    </CharString>
    
      
    <CharString index="135">
        
        vstem
        55 hmoveto
        -41 callsubr
        return
      
    </CharString>
    
      
    <CharString index="136">
        
        -3 callgsubr
        -519 -11 callsubr
        return
      
    </CharString>
    
      
    <CharString index="137">
        
        2 callsubr
        -518 -22 callsubr
        return
      
    </CharString>
    
      
    <CharString index="138">
        
        vstem
        6 callsubr
        64 -63 rlineto
        return
      
    </CharString>
    
      
    <CharString index="139">
        
        -14 144 -142 128 335 127 return
      
    </CharString>
    
      
    <CharString index="140">
        
        -244 40 callgsubr
        72 95 return
      
    </CharString>
    
      
    <CharString index="141">
        
        685 7 hstem
        104 582 vstem
        return
      
    </CharString>
    
      
    <CharString index="142">
        
        hstem
        68 95 callgsubr
        return
      
    </CharString>
    
      
    <CharString index="143">
        
        rlineto
        70 callsubr
        return
      
    </CharString>
    
      
    <CharString index="144">
        
        78 hstem
        50 87 376 87 vstem
        50 269 rmoveto
        -169 92 -92 135 return
      
    </CharString>
    
      
    <CharString index="145">
        
        4 callsubr
        44 194 13 callsubr
        return
      
    </CharString>
    
      
    <CharString index="146">
        
        -235 26 callsubr
        return
      
    </CharString>
    
      
    <CharString index="147">
        
        88 280 95 return
      
    </CharString>
    
      
    <CharString index="148">
        
        164 rlineto
        return
      
    </CharString>
    
      
    <CharString index="149">
        
        95 vvcurveto
        105 -66 51 -178 -25 vhcurveto
        -134 -689 rlineto
        111 hlineto
        return
      
    </CharString>
    
      
    <CharString index="150">
        
        0 133 297 133 return
      
    </CharString>
    
      
    <CharString index="151">
        
        122 733 122 hstem
        return
      
    </CharString>
    
      
    <CharString index="152">
        
        0 139 411 138 return
      
    </CharString>
    
      
    <CharString index="153">
        
        rmoveto
        2 callsubr
        return
      
    </CharString>
    
      
    <CharString index="154">
        
        -7 8 -8 133 438 45 callsubr
        hintmask 01110000
        return
      
    </CharString>
    
      
    <CharString index="155">
        
        -71 68 -56 -39 vvcurveto
        -26 -31 -18 -119 -5 vhcurveto
        -24 -108 rlineto
        return
      
    </CharString>
    
      
    <CharString index="156">
        
        -16 124 348 123 hstem
        48 154 222 155 vstem
        return
      
    </CharString>
    
      
    <CharString index="157">
        
        rlineto
        -180 hlineto
        return
      
    </CharString>
    
      
    <CharString index="158">
        
        rlinecurve
        -191 return
      
    </CharString>
    
      
    <CharString index="159">
        
        164 hstem
        77 152 145 98 34 83 callsubr
        472 return
      
    </CharString>
    
      
    <CharString index="160">
        
        -51 -130 -32 -102 vvcurveto
        -76 77 -58 216 -96 vhcurveto
        endchar
      
    </CharString>
    
      
    <CharString index="161">
        
        4 2 2 4 1 hvcurveto
        5 hlineto
        -6 -1 -4 -5 -8 hhcurveto
        return
      
    </CharString>
    
      
    <CharString index="162">
        
        rmoveto
        26 132 rlineto
        -472 hlineto
        -25 -132 rlineto
        endchar
      
    </CharString>
    
      
    <CharString index="163">
        
        vvcurveto
        -81 102 -51 194 91 vhcurveto
        return
      
    </CharString>
    
      
    <CharString index="164">
        
        hlineto
        -37 -189 rlineto
        139 hlineto
        return
      
    </CharString>
    
      
    <CharString index="165">
        
        -9 -7 -7 -9 -9 -7 6 10 return
      
    </CharString>
    
      
    <CharString index="166">
        
        24 130 rlineto
        -152 -57 rmoveto
        return
      
    </CharString>
    
      
    <CharString index="167">
        
        hintmask 1000010001001000111100010001000010011100
        return
      
    </CharString>
    
      
    <CharString index="168">
        
        hintmask 1100010001001000111100010001010000101100
        return
      
    </CharString>
    
      
    <CharString index="169">
        
        88 119 73 hstem
        return
      
    </CharString>
    
      
    <CharString index="170">
        
        99 263 99 hstem
        return
      
    </CharString>
    
      
    <CharString index="171">
        
        586 51 81 callsubr
        10 callsubr
        return
      
    </CharString>
    
      
    <CharString index="172">
        
        vstem
        229 346 rmoveto
        189 hlineto
        34 187 rlineto
        return
      
    </CharString>
    
      
    <CharString index="173">
        
        118 vstem
        return
      
    </CharString>
    
      
    <CharString index="174">
        
        153 hstem
        return
      
    </CharString>
    
      
    <CharString index="175">
        
        157 -46 147 -128 150 -101 141 return
      
    </CharString>
    
      
    <CharString index="176">
        
        141 -101 150 -128 147 -46 157 return
      
    </CharString>
    
      
    <CharString index="177">
        
        -243 rmoveto
        -3 callgsubr
        return
      
    </CharString>
    
      
    <CharString index="178">
        
        157 vstem
        return
      
    </CharString>
    
      
    <CharString index="179">
        
        26 callsubr
        hstem
        return
      
    </CharString>
    
      
    <CharString index="180">
        
        0 135 hstem
        55 return
      
    </CharString>
    
      
    <CharString index="181">
        
        93 callgsubr
        -27 return
      
    </CharString>
    
      
    <CharString index="182">
        
        -83 89 -123 -188 -141 -213 return
      
    </CharString>
    
      
    <CharString index="183">
        
        -91 50 -61 97 69 73 31 66 76 vhcurveto
        return
      
    </CharString>
    
      
    <CharString index="184">
        
        -205 1209 hstem
        -20 692 vstem
        return
      
    </CharString>
    
      
    <CharString index="185">
        
        hintmask 1000010001010000111100010001000010101100
        return
      
    </CharString>
    
      
    <CharString index="186">
        
        hintmask 1000010100001000111100010001000010101100
        return
      
    </CharString>
    
      
    <CharString index="187">
        
        hintmask 1000010001001000111010010001000010101100
        return
      
    </CharString>
    
      
    <CharString index="188">
        
        329 131 return
      
    </CharString>
    
      
    <CharString index="189">
        
        81 67 callgsubr
        return
      
    </CharString>
    
      
    <CharString index="190">
        
        86 callsubr
        hlineto
        return
      
    </CharString>
    
      
    <CharString index="191">
        
        181 hlineto
        return
      
    </CharString>
    
      
    <CharString index="192">
        
        6 -1 3 -4 -3 -2 -2 -7 vhcurveto
        return
      
    </CharString>
    
      
    <CharString index="193">
        
        rlineto
        239 return
      
    </CharString>
    
      
    <CharString index="194">
        
        rmoveto
        -12 76 return
      
    </CharString>
    
      
    <CharString index="195">
        
        rmoveto
        113 hlineto
        108 285 return
      
    </CharString>
    
      
    <CharString index="196">
        
        hlineto
        74 -73 -2 -13 -40 -25 rlineto
        return
      
    </CharString>
    
      
    <CharString index="197">
        
        rmoveto
        131 3 6 return
      
    </CharString>
    
      
    <CharString index="198">
        
        -174 117 hstem
        return
      
    </CharString>
    
      
    <CharString index="199">
        
        hlineto
        32 163 rlineto
        return
      
    </CharString>
    
      
    <CharString index="200">
        
        rlineto
        -473 hlineto
        return
      
    </CharString>
    
      
    <CharString index="201">
        
        rlineto
        207 hlineto
        return
      
    </CharString>
    
      
    <CharString index="202">
        
        161 vstem
        return
      
    </CharString>
    
    
</GlobalSubrs>