<Subrs>
    
          
    <!-- The 'index' attribute is only for humans; it is ignored when parsed. -->
    
          
    <CharString index="0">
        
            rmoveto
            26 -65 89 20 160 56 88 57 rlinecurve
            -97 118 -73 -65 -122 -83 -71 -38 rlinecurve
            return
          
    </CharString>
    
          
    <CharString index="1">
        
            rmoveto
            -105 callsubr
            58 59 34 64 60 hvcurveto
            -4 -106 68 -30 175 105 rrcurveto
            endchar
          
    </CharString>
    
          
    <CharString index="2">
        
            -12 76 -72 -18 -4 4 9 44 rlinecurve
            79 406 rlineto
            -67 callsubr
            -8 27 52 11 hvcurveto
            77 359 -150 -8 -103 -145 62 -41 -39 -186 rlineto
            -136 -29 40 -69 87 hhcurveto
            return
          
    </CharString>
    
          
    <CharString index="3">
        
            rmoveto
            188 -97 76 -127 -196 -136 -212 -241 -188 96 -75 128 195 137 212 240 vhcurveto
            -389 84 callsubr
            150 58 161 90 44 29 -38 -94 -150 -57 -161 -90 -45 -29 38 94 vhcurveto
            endchar
          
    </CharString>
    
          
    <CharString index="4">
        
            rmoveto
            142 98 64 186 37 hvcurveto
            88 452 rlineto
            -87 callgsubr
            rlineto
            -220 -43 90 -75 149 hhcurveto
            endchar
          
    </CharString>
    
          
    <CharString index="5">
        
            -101 callsubr
            endchar
          
    </CharString>
    
          
    <CharString index="6">
        
            -75 callsubr
            -88 callgsubr
            return
          
    </CharString>
    
          
    <CharString index="7">
        
            rmoveto
            35 70 -22 118 -4 88 rrcurveto
            67 113 41 137 63 vvcurveto
            27 -68 17 -39 -49 -79 -170 -179 -5 vhcurveto
            -35 -44 -40 -15 -27 hhcurveto
            -49 -23 54 335 118 hvcurveto
            -149 -6 rlineto
            -414 -154 62 -104 111 hhcurveto
            68 72 36 48 59 hvcurveto
            5 -72 7 -60 -17 -17 -23 -24 -107 -6 -169 12 -21 -147 rcurveline
            270 -10 130 52 44 89 rrcurveto
            endchar
          
    </CharString>
    
          
    <CharString index="8">
        
            rmoveto
            34 69 -33 89 124 vvcurveto
            9 vlineto
            70 113 52 133 57 vvcurveto
            26 -64 25 -35 -13 -14 -10 -18 -15 vhcurveto
            14 -31 -32 7 -37 hhcurveto
            -193 -128 -191 -182 -117 59 -51 72 60 63 36 50 55 hvcurveto
            6 -68 11 -62 -16 -16 -23 -24 -111 -8 -172 12 -15 -146 rcurveline
            271 -10 137 55 42 84 rrcurveto
            -227 234 rmoveto
            -34 -25 21 57 83 48 119 66 17 31 -7 -20 38 hvcurveto
            -23 -64 -18 -74 -5 -71 rrcurveto
            -29 -34 -32 -15 -29 hhcurveto
            endchar
          
    </CharString>
    
          
    <CharString index="9">
        
            -95 -54 -23 -39 -44 vvcurveto
            -62 59 -43 102 116 79 57 72 vhcurveto
            -173 -41 rmoveto
            -38 -32 15 26 15 11 18 58 32 hvcurveto
            35 -25 29 -23 -21 vvcurveto
            -21 -26 -16 -37 vhcurveto
            endchar
          
    </CharString>
    
          
    <CharString index="10">
        
            349 hlineto
            22 99 rlineto
            -112 hlineto
            72 355 -119 -10 -13 -65 -122 -12 -17 -89 rlineto
            118 hlineto
            -36 -180 rlineto
            -123 hlineto
            return
          
    </CharString>
    
          
    <CharString index="11">
        
            rmoveto
            -101 callgsubr
          
    </CharString>
    
          
    <CharString index="12">
        
            rmoveto
            31 64 -73 45 -110 83 -76 66 rlinecurve
            -87 -121 86 -49 143 -63 86 -25 rlinecurve
            return
          
    </CharString>
    
          
    <CharString index="13">
        
            rmoveto
            -25 -21 17 48 111 57 139 66 19 31 -6 -11 34 hvcurveto
            -15 -81 -21 -107 -10 -51 rrcurveto
            -35 -42 -44 -24 -29 hhcurveto
            endchar
          
    </CharString>
    
          
    <CharString index="14">
        
            rmoveto
            -97 callsubr
            return
          
    </CharString>
    
          
    <CharString index="15">
        
            rmoveto
            -97 callgsubr
          
    </CharString>
    
          
    <CharString index="16">
        
            rmoveto
            -81 callgsubr
            -51 -185 97 -73 317 139 rlinecurve
            endchar
          
    </CharString>
    
          
    <CharString index="17">
        
            rmoveto
            63 -26 83 54 62 93 17 98 51 callgsubr
            -2 6 -68 -13 -83 -27 -66 rlinecurve
            endchar
          
    </CharString>
    
          
    <CharString index="18">
        
            -152 hlineto
            84 438 rlineto
            4 callsubr
            23 125 rlineto
            -451 hlineto
            -24 66 callsubr
            4 callsubr
            -84 -438 13 callsubr
            -25 66 callsubr
            return
          
    </CharString>
    
          
    <CharString index="19">
        
            rmoveto
            106 -107 104 79 -177 41 callgsubr
            -10 hlineto
            -248 -162 68 -76 rlineto
            return
          
    </CharString>
    
          
    <CharString index="20">
        
            -94 callgsubr
            endchar
          
    </CharString>
    
          
    <CharString index="21">
        
            -219 hlineto
            -106 -228 -103 -231 -94 -229 rrcurveto
            161 hlineto
            20 55 22 56 21 56 rrcurveto
            176 hlineto
            return
          
    </CharString>
    
          
    <CharString index="22">
        
            rmoveto
            10 -296 rlineto
            152 hlineto
            43 130 73 262 72 296 rrcurveto
            -155 hlineto
            -102 -468 rlineto
            -5 hlineto
            -7 260 rlineto
            -86 hlineto
            -109 -260 rlineto
            -5 hlineto
            77 468 -8 callgsubr
            -44 -293 -25 -263 -3 -132 rrcurveto
            4 callsubr
            endchar
          
    </CharString>
    
          
    <CharString index="23">
        
            -26 19 -18 17 16 vvcurveto
            24 32 13 117 -33 vhcurveto
            41 109 rlineto
            -196 27 -105 -72 -78 vvcurveto
            -35 25 -30 32 -27 vhcurveto
            return
          
    </CharString>
    
          
    <CharString index="24">
        
            rmoveto
            -73 callsubr
            hintmask 10010000
            50 -57 58 -50 -40 vvcurveto
            hintmask 01010000
            -40 -64 -11 -196 10 vhcurveto
            hintmask 10010000
            -3 -139 rlineto
            322 -3 94 91 99 vvcurveto
            return
          
    </CharString>
    
          
    <CharString index="25">
        
            -62 callgsubr
            -55 callsubr
            return
          
    </CharString>
    
          
    <CharString index="26">
        
            -76 -48 36 -60 55 32 49 -144 146 -18 213 121 rlinecurve
            -119 566 rmoveto
            21 18 -15 -36 -70 -61 -109 -128 -119 hvcurveto
            213 6 79 136 65 hhcurveto
            return
          
    </CharString>
    
          
    <CharString index="27">
        
            vstem
            -79 callgsubr
            return
          
    </CharString>
    
          
    <CharString index="28">
        
            rmoveto
            -112 65 -67 95 130 108 130 150 114 -63 67 -95 -131 -109 -131 -151 vhcurveto
            280 93 rmoveto
            -83 -43 -90 -62 -35 -20 30 58 83 41 92 62 37 20 -30 -60 vhcurveto
            endchar
          
    </CharString>
    
          
    <CharString index="29">
        
            rmoveto
            8 hlineto
            3 -88 3 -90 2 -90 rrcurveto
            -126 hlineto
            37 90 37 89 36 89 rrcurveto
            endchar
          
    </CharString>
    
          
    <CharString index="30">
        
            rmoveto
            144 2 95 396 -150 -5 -31 -138 rlineto
            -115 -30 -51 46 113 vvcurveto
            138 66 159 95 47 12 -42 -97 -28 callgsubr
            11 -51 90 -135 hhcurveto
            -196 -158 -218 -242 -185 104 -97 191 36 hvcurveto
            return
          
    </CharString>
    
          
    <CharString index="31">
        
            rmoveto
            128 -13 67 116 81 122 94 110 rlinecurve
            21 100 rlineto
            -348 hlineto
            -25 -102 rlineto
            224 hlineto
            1 -5 -96 -106 -82 -111 -65 -111 rlinecurve
            return
          
    </CharString>
    
          
    <CharString index="32">
        
            rmoveto
            54 -46 49 -141 24 vhcurveto
            15 64 182 -1 29 99 rlineto
            -300 hlineto
            return
          
    </CharString>
    
          
    <CharString index="33">
        
            rmoveto
            -48 callgsubr
            -175 139 -121 331 147 hvcurveto
            -11 80 rlineto
            -45 callsubr
            endchar
          
    </CharString>
    
          
    <CharString index="34">
        
            91 -92 78 -48 66 vhcurveto
            111 111 -40 74 -96 80 callsubr
            -82 -87 -50 -86 -24 7 -24 12 -22 hvcurveto
            -36 -29 -51 -33 -68 -42 32 -68 rcurveline
            70 34 59 33 48 31 rrcurveto
            return
          
    </CharString>
    
          
    <CharString index="35">
        
            813 -107 callsubr
            return
          
    </CharString>
    
          
    <CharString index="36">
        
            rmoveto
            112 -322 174 22 -115 280 rlineto
            89 57 63 77 96 vvcurveto
            118 -100 91 -328 -46 vhcurveto
            -132 -684 rlineto
            157 hlineto
            108 562 rlineto
            89 11 46 -27 -59 vvcurveto
            -60 -37 -55 -126 -60 vhcurveto
            return
          
    </CharString>
    
          
    <CharString index="37">
        
            137 28 rlineto
            129 -24 -59 73 -129 hhcurveto
            -164 -107 -103 -115 hvcurveto
            -161 257 -69 -83 vvcurveto
            -46 -79 -25 -226 64 vhcurveto
            -31 -154 rlineto
            return
          
    </CharString>
    
          
    <CharString index="38">
        
            32 50 -90 72 hhcurveto
            62 68 66 88 53 hvcurveto
            -73 42 rlineto
            -54 -37 -26 -27 -18 hhcurveto
            return
          
    </CharString>
    
          
    <CharString index="39">
        
            -225 -71 -89 41 145 vvcurveto
            126 67 158 100 51 11 -37 -103 -28 callgsubr
            9 -49 90 -137 hhcurveto
            return
          
    </CharString>
    
          
    <CharString index="40">
        
            -150 hlineto
            -71 -366 rlineto
            -44 -39 -40 -22 -30 hhcurveto
            -34 return
          
    </CharString>
    
          
    <CharString index="41">
        
            161 hlineto
            43 221 300 467 50 callsubr
            -177 -309 -69 313 -165 -7 123 -454 rlineto
            endchar
          
    </CharString>
    
          
    <CharString index="42">
        
            rmoveto
            -7 75 -206 -39 -30 23 22 88 rlinecurve
            51 234 rlineto
            193 hlineto
            22 118 rlineto
            -190 hlineto
            36 165 -116 -9 -105 -156 rlineto
            -64 hlineto
            -29 -118 rlineto
            101 hlineto
            -53 -242 -44 -191 127 -104 292 156 rlinecurve
            return
          
    </CharString>
    
          
    <CharString index="43">
        
            536 605 -104 callgsubr
            return
          
    </CharString>
    
          
    <CharString index="44">
        
            rmoveto
            -40 callgsubr
            47 -9 40 -16 34 hvcurveto
            76 85 -81 60 -62 -69 rlineto
            24 -35 -43 12 -51 hhcurveto
            -40 callsubr
            -48 9 -42 18 -34 hvcurveto
            -75 -83 80 -60 62 68 rlineto
            -23 34 43 -12 50 hhcurveto
            -67 251 rmoveto
            110 55 111 81 24 20 -9 -18 14 vhcurveto
            -193 -214 rlineto
            -1 6 0 7 7 vvcurveto
            87 -127 rmoveto
            -22 -19 8 16 -15 hvcurveto
            191 211 rlineto
            -14 vlineto
            -110 -54 -111 -81 vhcurveto
            endchar
          
    </CharString>
    
          
    <CharString index="45">
        
            -65 callgsubr
            138 -820 -107 callgsubr
          
    </CharString>
    
          
    <CharString index="46">
        
            42 52 43 62 44 73 -123 44 rcurveline
            -24 -48 -24 -41 -22 -35 -23 45 -18 42 -11 40 rrcurveto
            72 67 40 69 51 vvcurveto
            52 -44 33 -62 -82 -86 -62 -134 -17 1 -18 3 -19 vhcurveto
            -152 -118 -48 -108 -92 vvcurveto
            return
          
    </CharString>
    
          
    <CharString index="47">
        
            -125 55 -61 66 58 69 47 59 60 vhcurveto
            -5 -112 55 -35 192 108 rrcurveto
            -344 77 rmoveto
            -29 -23 25 63 101 62 132 65 18 31 -5 -11 34 hvcurveto
            -47 -244 rlineto
            -35 -39 -43 -26 -29 hhcurveto
            endchar
          
    </CharString>
    
          
    <CharString index="48">
        
            -19 callgsubr
            549 69 -98 callgsubr
            return
          
    </CharString>
    
          
    <CharString index="49">
        
            rmoveto
            -164 -6 -2 -90 -11 -83 -27 -89 rlinecurve
            64 -23 72 86 49 87 19 118 rlinecurve
            return
          
    </CharString>
    
          
    <CharString index="50">
        
            -65 callgsubr
            -57 -990 -106 callgsubr
          
    </CharString>
    
          
    <CharString index="51">
        
            454 hlineto
            36 135 -284 -5 332 304 26 129 rlineto
            -445 hlineto
            -37 -136 277 6 -334 -304 rlineto
            endchar
          
    </CharString>
    
          
    <CharString index="52">
        
            -157 -102 -106 106 -104 -79 rlineto
            return
          
    </CharString>
    
          
    <CharString index="53">
        
            744 -95 callsubr
            return
          
    </CharString>
    
          
    <CharString index="54">
        
            rmoveto
            hintmask 11011100
            -63 callgsubr
            hintmask 11101100
            -69 callsubr
            return
          
    </CharString>
    
          
    <CharString index="55">
        
            -63 122 -410 -265 -23 -129 313 -327 return
          
    </CharString>
    
          
    <CharString index="56">
        
            438 140 hstemhm
            37 567 -167 167 hintmask 11000000
            257 215 rmoveto
            146 -225 172 20 -150 215 rlineto
            128 96 51 84 69 vvcurveto
            63 -41 41 -71 -68 -72 -37 -73 -73 vhcurveto
            61 316 -153 -11 -150 -773 rlineto
            151 hlineto
            67 347 rlineto
            55 52 48 36 43 80 callsubr
            25 14 -12 -22 -38 -40 -60 -140 -91 hvcurveto
            return
          
    </CharString>
    
          
    <CharString index="57">
        
            850 -88 callsubr
            return
          
    </CharString>
    
          
    <CharString index="58">
        
            -36 -156 rlineto
            172 -18 86 -23 -61 vvcurveto
            -50 -56 -39 -148 -77 vhcurveto
            48 -81 86 callgsubr
            116 94 94 94 vvcurveto
            109 -126 65 -273 27 vhcurveto
            return
          
    </CharString>
    
          
    <CharString index="59">
        
            0 -47 callgsubr
            return
          
    </CharString>
    
          
    <CharString index="60">
        
            152 -39 callgsubr
            return
          
    </CharString>
    
          
    <CharString index="61">
        
            22 callgsubr
            -501 -74 callgsubr
            return
          
    </CharString>
    
          
    <CharString index="62">
        
            -253 -36 -52 26 111 vvcurveto
            112 67 101 87 47 17 -27 -66 -1 vhcurveto
            return
          
    </CharString>
    
          
    <CharString index="63">
        
            -35 callgsubr
            -31 callsubr
            return
          
    </CharString>
    
          
    <CharString index="64">
        
            632 11 callgsubr
            84 491 hintmask 10100000
            421 747 -53 callgsubr
            endchar
          
    </CharString>
    
          
    <CharString index="65">
        
            51 130 32 102 vvcurveto
            77 -77 58 -216 95 vhcurveto
            -63 -112 rlineto
            136 -58 63 -42 -46 vvcurveto
            hintmask 01000000
            -62 -123 -35 -83 vvcurveto
            -39 25 -37 73 -27 vhcurveto
            hintmask 10010000
            -100 -26 -38 -53 -46 vvcurveto
            hintmask 00100000
            -54 62 -64 -37 vvcurveto
            -46 -78 -31 -185 -31 vhcurveto
            endchar
          
    </CharString>
    
          
    <CharString index="66">
        
            -18 callgsubr
            107 553 36 callgsubr
            return
          
    </CharString>
    
          
    <CharString index="67">
        
            -181 -129 -169 -192 return
          
    </CharString>
    
          
    <CharString index="68">
        
            626 274 hstem
            152 522 vstem
            152 678 -80 callgsubr
            endchar
          
    </CharString>
    
          
    <CharString index="69">
        
            -16 callgsubr
            -32 callsubr
            return
          
    </CharString>
    
          
    <CharString index="70">
        
            hstem
            68 157 127 71 callgsubr
            return
          
    </CharString>
    
          
    <CharString index="71">
        
            -47 callsubr
            hstem
            return
          
    </CharString>
    
          
    <CharString index="72">
        
            -199 229 -107 107 hstemhm
            319 131 hintmask 01100000
            125 -150 rmoveto
            76 -24 rlineto
            25 callsubr
            hintmask 10100000
            26 callgsubr
            131 3 rlineto
            hintmask 01100000
            153 9 -69 73 -84 hhcurveto
            -73 -57 -57 -123 -51 hvcurveto
            endchar
          
    </CharString>
    
          
    <CharString index="73">
        
            -12 callsubr
            -17 1 -15 1 -15 return
          
    </CharString>
    
          
    <CharString index="74">
        
            8 callsubr
            hintmask 10110000
            -132 -683 3 callsubr
            -159 -16 rmoveto
            hintmask 01110000
            20 callgsubr
            85 438 rlineto
            98 7 43 -52 -102 vvcurveto
            endchar
          
    </CharString>
    
          
    <CharString index="75">
        
            hstem
            48 157 217 71 callgsubr
            return
          
    </CharString>
    
          
    <CharString index="76">
        
            hstem
            54 149 230 146 vstem
            return
          
    </CharString>
    
          
    <CharString index="77">
        
            rmoveto
            84 -99 rlineto
            292 212 106 168 186 vvcurveto
            138 -60 146 -151 184 vhcurveto
            -120 -85 rlineto
            134 -154 46 -118 -113 vvcurveto
            -149 -68 -133 -263 -183 vhcurveto
            endchar
          
    </CharString>
    
          
    <CharString index="78">
        
            -33 callgsubr
            11 callsubr
            return
          
    </CharString>
    
          
    <CharString index="79">
        
            113 -52 111 74 110 return
          
    </CharString>
    
          
    <CharString index="80">
        
            83 callsubr
            176 472 -84 callgsubr
            return
          
    </CharString>
    
          
    <CharString index="81">
        
            -236 102 hstem
            121 139 vstem
            454 1 rmoveto
            -42 58 rlineto
            -213 -60 -78 -77 -69 56 callgsubr
            -1 callsubr
            endchar
          
    </CharString>
    
          
    <CharString index="82">
        
            51 64 169 110 vvcurveto
            61 -24 53 -78 return
          
    </CharString>
    
          
    <CharString index="83">
        
            -13 130 -12 callgsubr
            hintmask 11000000
            return
          
    </CharString>
    
          
    <CharString index="84">
        
            -11 137 442 134 hstem
            115 162 95 168 vstem
            return
          
    </CharString>
    
          
    <CharString index="85">
        
            hlineto
            -27 -131 rlineto
            return
          
    </CharString>
    
          
    <CharString index="86">
        
            -13 callsubr
            endchar
          
    </CharString>
    
          
    <CharString index="87">
        
            -16 147 -37 callsubr
            return
          
    </CharString>
    
          
    <CharString index="88">
        
            -11 136 -136 139 hstemhm
            211 261 return
          
    </CharString>
    
          
    <CharString index="89">
        
            -17 callsubr
            24 130 return
          
    </CharString>
    
          
    <CharString index="90">
        
            63 -122 409 264 return
          
    </CharString>
    
          
    <CharString index="91">
        
            643 67 callgsubr
            105 466 vstem
            356 644 -100 callgsubr
            endchar
          
    </CharString>
    
          
    <CharString index="92">
        
            28 -127 rlineto
            hintmask 00100000
            294 70 88 92 85 vvcurveto
            hintmask 10010000
            71 -68 55 39 vvcurveto
            27 31 18 119 4 vhcurveto
            24 109 rlineto
            hintmask 01000000
            -83 14 -42 25 32 vvcurveto
            return
          
    </CharString>
    
          
    <CharString index="93">
        
            -107 -1322 380 hstem
            -849 400 vstem
            -449 -291 -90 callsubr
          
    </CharString>
    
          
    <CharString index="94">
        
            -18 callsubr
            rlineto
            return
          
    </CharString>
    
          
    <CharString index="95">
        
            -177 -186 -247 -306 return
          
    </CharString>
    
          
    <CharString index="96">
        
            hlineto
            -27 -132 rlineto
            return
          
    </CharString>
    
          
    <CharString index="97">
        
            604 291 hstem
            279 204 vstem
            483 -43 callgsubr
            endchar
          
    </CharString>
    
          
    <CharString index="98">
        
            -12 133 314 129 return
          
    </CharString>
    
          
    <CharString index="99">
        
            -9 callsubr
            2 callgsubr
            return
          
    </CharString>
    
          
    <CharString index="100">
        
            616 243 hstem
            186 302 vstem
            349 859 -65 callgsubr
            endchar
          
    </CharString>
    
          
    <CharString index="101">
        
            144 346 vstem
            459 619 -95 callsubr
            endchar
          
    </CharString>
    
          
    <CharString index="102">
        
            rmoveto
            -148 -3 -194 -998 rlineto
            147 hlineto
            return
          
    </CharString>
    
          
    <CharString index="103">
        
            23 29 hhcurveto
            27 11 -19 -29 hvcurveto
            return
          
    </CharString>
    
          
    <CharString index="104">
        
            rmoveto
            -191 -977 rlineto
            362 hlineto
            25 122 rlineto
            -207 hlineto
            141 733 94 callgsubr
            24 122 rlineto
            endchar
          
    </CharString>
    
          
    <CharString index="105">
        
            111 435 vstem
            336 725 -88 callsubr
            endchar
          
    </CharString>
    
          
    <CharString index="106">
        
            -15 -4 callgsubr
            32 52 40 142 30 vhcurveto
            return
          
    </CharString>
    
          
    <CharString index="107">
        
            -23 callgsubr
            569 vstem
            return
          
    </CharString>
    
          
    <CharString index="108">
        
            hstem
            65 155 161 132 vstem
            return
          
    </CharString>
    
          
    <CharString index="109">
        
            26 40 callsubr
            return
          
    </CharString>
    
          
    <CharString index="110">
        
            rlineto
            418 -53 149 235 250 vvcurveto
            return
          
    </CharString>
    
          
    <CharString index="111">
        
            146 hlineto
            return
          
    </CharString>
    
          
    <CharString index="112">
        
            644 67 callgsubr
            215 219 vstem
            215 643 -55 callgsubr
            endchar
          
    </CharString>
    
          
    <CharString index="113">
        
            246 693 rmoveto
            -107 -104 return
          
    </CharString>
    
          
    <CharString index="114">
        
            -28 callsubr
            hintmask 11011000
            return
          
    </CharString>
    
          
    <CharString index="115">
        
            rmoveto
            210 -136 88 -299 -47 vhcurveto
            return
          
    </CharString>
    
          
    <CharString index="116">
        
            -14 136 35 callgsubr
            return
          
    </CharString>
    
          
    <CharString index="117">
        
            -62 -16 -7 3 20 vvcurveto
            return
          
    </CharString>
    
          
    <CharString index="118">
        
            hstem
            36 callsubr
            vstem
            return
          
    </CharString>
    
          
    <CharString index="119">
        
            hlineto
            -3 callgsubr
            return
          
    </CharString>
    
          
    <CharString index="120">
        
            rlineto
            -145 hlineto
            return
          
    </CharString>
    
          
    <CharString index="121">
        
            rmoveto
            87 -121 289 225 38 154 -206 240 -111 -105 180 -201 rlineto
            endchar
          
    </CharString>
    
          
    <CharString index="122">
        
            40 24 53 60 60 vhcurveto
            16 callsubr
            -29 -17 16 38 hvcurveto
            return
          
    </CharString>
    
          
    <CharString index="123">
        
            18 -48 24 -51 30 -53 rrcurveto
            -40 -44 -38 -15 -28 hhcurveto
            return
          
    </CharString>
    
          
    <CharString index="124">
        
            55 -62 63 38 vvcurveto
            45 79 31 184 31 vhcurveto
            -28 127 rlineto
            -294 -70 -88 -92 -84 vvcurveto
            return
          
    </CharString>
    
          
    <CharString index="125">
        
            hstem
            50 153 165 122 vstem
            return
          
    </CharString>
    
          
    <CharString index="126">
        
            -14 120 hstem
            294 160 vstem
            return
          
    </CharString>
    
          
    <CharString index="127">
        
            -9 callgsubr
            hstem
            28 return
          
    </CharString>
    
          
    <CharString index="128">
        
            hlineto
            72 45 -52 callgsubr
            -78 77 rlineto
            return
          
    </CharString>
    
          
    <CharString index="129">
        
            20 callsubr
            583 vstem
            return
          
    </CharString>
    
          
    <CharString index="130">
        
            hintmask 1000010001001000111100010011000010101100
            return
          
    </CharString>
    
          
    <CharString index="131">
        
            95 86 4 callgsubr
            return
          
    </CharString>
    
          
    <CharString index="132">
        
            61 31 29 36 27 hhcurveto
            return
          
    </CharString>
    
          
    <CharString index="133">
        
            101 241 99 return
          
    </CharString>
    
          
    <CharString index="134">
        
            hhcurveto
            55 1 -64 -75 -42 hvcurveto
            65 -23 rlineto
            164 132 -8 162 -140 hhcurveto
            return
          
    </CharString>
    
          
    <CharString index="135">
        
            rmoveto
            -63 27 -83 -55 -63 -93 -16 -98 rlinecurve
            191 2 -6 68 12 83 28 66 rlinecurve
            return
          
    </CharString>
    
          
    <CharString index="136">
        
            rmoveto
            84 callgsubr
            33 168 rlineto
            -181 hlineto
            return
          
    </CharString>
    
          
    <CharString index="137">
        
            26 134 rlineto
            -339 62 callsubr
            return
          
    </CharString>
    
          
    <CharString index="138">
        
            37 187 rlineto
            -140 hlineto
            -36 -187 rlineto
            return
          
    </CharString>
    
          
    <CharString index="139">
        
            -107 -104 270 -267 -2 -13 return
          
    </CharString>
    
          
    <CharString index="140">
        
            0 174 73 callsubr
            return
          
    </CharString>
    
          
    <CharString index="141">
        
            100 240 105 hstem
            return
          
    </CharString>
    
          
    <CharString index="142">
        
            101 244 99 return
          
    </CharString>
    
          
    <CharString index="143">
        
            385 163 return
          
    </CharString>
    
          
    <CharString index="144">
        
            hlineto
            -280 -175 -21 callsubr
          
    </CharString>
    
          
    <CharString index="145">
        
            rmoveto
            -11 74 -83 -18 -4 1 8 43 rlinecurve
            return
          
    </CharString>
    
          
    <CharString index="146">
        
            rlineto
            150 hlineto
            return
          
    </CharString>
    
          
    <CharString index="147">
        
            131 rlineto
            return
          
    </CharString>
    
          
    <CharString index="148">
        
            0 129 38 112 13 106 161 129 hstem
            -39 718 vstem
            return
          
    </CharString>
    
          
    <CharString index="149">
        
            94 callsubr
            523 -19 callgsubr
            return
          
    </CharString>
    
          
    <CharString index="150">
        
            -10 136 435 142 return
          
    </CharString>
    
          
    <CharString index="151">
        
            395 46 callgsubr
            return
          
    </CharString>
    
          
    <CharString index="152">
        
            132 hstemhm
            441 159 return
          
    </CharString>
    
          
    <CharString index="153">
        
            269 134 hstem
            return
          
    </CharString>
    
          
    <CharString index="154">
        
            -47 callsubr
            hstemhm
            -1187 496 -496 return
          
    </CharString>
    
          
    <CharString index="155">
        
            -16 134 453 133 hstem
            58 165 219 166 vstem
            return
          
    </CharString>
    
          
    <CharString index="156">
        
            553 135 hstem
            102 552 vstem
            return
          
    </CharString>
    
          
    <CharString index="157">
        
            rlineto
            -171 hlineto
            return
          
    </CharString>
    
          
    <CharString index="158">
        
            356 88 callsubr
            -258 -167 rlineto
            return
          
    </CharString>
    
          
    <CharString index="159">
        
            301 642 rmoveto
            167 7 47 157 -177 -9 rlineto
            return
          
    </CharString>
    
          
    <CharString index="160">
        
            600 433 8 callsubr
            return
          
    </CharString>
    
          
    <CharString index="161">
        
            30 hhcurveto
            28 24 -26 -62 -101 -62 -132 -66 hvcurveto
            endchar
          
    </CharString>
    
          
    <CharString index="162">
        
            -35 -29 29 35 35 29 29 35 return
          
    </CharString>
    
          
    <CharString index="163">
        
            hstemhm
            41 154 154 149 return
          
    </CharString>
    
          
    <CharString index="164">
        
            -190 141 502 124 return
          
    </CharString>
    
          
    <CharString index="165">
        
            39 callgsubr
            85 95 return
          
    </CharString>
    
          
    <CharString index="166">
        
            hintmask 1000010001001000111100010100000010101100
            return
          
    </CharString>
    
          
    <CharString index="167">
        
            hintmask 1000010001010000111100010000100010101100
            return
          
    </CharString>
    
          
    <CharString index="168">
        
            73 119 87 hstem
            return
          
    </CharString>
    
          
    <CharString index="169">
        
            hlineto
            -27 -134 rlineto
            return
          
    </CharString>
    
          
    <CharString index="170">
        
            vstem
            6 callsubr
            188 -186 rlineto
            return
          
    </CharString>
    
          
    <CharString index="171">
        
            rmoveto
            1723 12 callsubr
            -1723 hlineto
            return
          
    </CharString>
    
          
    <CharString index="172">
        
            rmoveto
            183 hlineto
            34 171 rlineto
            -184 hlineto
            endchar
          
    </CharString>
    
          
    <CharString index="173">
        
            -125 rlineto
            return
          
    </CharString>
    
          
    <CharString index="174">
        
            -88 -2 -73 -375 rlineto
            86 hlineto
            42 217 rlineto
            return
          
    </CharString>
    
          
    <CharString index="175">
        
            -344 -215 63 -122 279 180 rlineto
            return
          
    </CharString>
    
          
    <CharString index="176">
        
            62 123 36 83 vvcurveto
            39 -25 36 -73 27 vhcurveto
            return
          
    </CharString>
    
          
    <CharString index="177">
        
            -162 hlineto
            return
          
    </CharString>
    
          
    <CharString index="178">
        
            40 callgsubr
            hstemhm
            return
          
    </CharString>
    
          
    <CharString index="179">
        
            hlineto
            2 callsubr
            return
          
    </CharString>
    
          
    <CharString index="180">
        
            hstem
            50 597 vstem
            return
          
    </CharString>
    
          
    <CharString index="181">
        
            18 130 return
          
    </CharString>
    
          
    <CharString index="182">
        
            82 -87 123 187 143 214 return
          
    </CharString>
    
          
    <CharString index="183">
        
            -129 50 -662 -991 138 -40 return
          
    </CharString>
    
          
    <CharString index="184">
        
            hintmask 1000010001001000111100010000100010101100
            return
          
    </CharString>
    
          
    <CharString index="185">
        
            hintmask 1100010001001000111100010000100010101100
            return
          
    </CharString>
    
          
    <CharString index="186">
        
            hintmask 1000010001000100111100010011000010101100
            return
          
    </CharString>
    
          
    <CharString index="187">
        
            hhcurveto
            hintmask 10100000
            return
          
    </CharString>
    
          
    <CharString index="188">
        
            87 callgsubr
            rlineto
            return
          
    </CharString>
    
          
    <CharString index="189">
        
            -215 1031 return
          
    </CharString>
    
          
    <CharString index="190">
        
            130 vstem
            return
          
    </CharString>
    
          
    <CharString index="191">
        
            -184 rmoveto
            return
          
    </CharString>
    
          
    <CharString index="192">
        
            142 rlinecurve
            -184 -4 3 -121 return
          
    </CharString>
    
          
    <CharString index="193">
        
            rlineto
            -150 return
          
    </CharString>
    
          
    <CharString index="194">
        
            vvcurveto
            -81 102 -51 193 91 vhcurveto
            return
          
    </CharString>
    
          
    <CharString index="195">
        
            rmoveto
            344 215 -63 122 return
          
    </CharString>
    
          
    <CharString index="196">
        
            186 rlineto
            -188 hlineto
            endchar
          
    </CharString>
    
          
    <CharString index="197">
        
            hvcurveto
            47 242 rlineto
            return
          
    </CharString>
    
          
    <CharString index="198">
        
            271 131 hstem
            return
          
    </CharString>
    
          
    <CharString index="199">
        
            hlineto
            -74 -111 rlineto
            return
          
    </CharString>
    
          
    <CharString index="200">
        
            rlineto
            84 callgsubr
            return
          
    </CharString>
    
          
    <CharString index="201">
        
            -11 123 return
          
    </CharString>
    
        
</Subrs>