<Glyph name="bar_bar.liga" lsb="-265" width="625">
    <CharString>
        -265 85 360 85 vstem
        -180 789 {0a47d65c} callsubr
        445 991 {0a47d65c} callsubr
        endchar
    </CharString>
    <Subrs>
        <CharString index="0" fingerprint="0a47d65c">
            rmoveto
            -85 -8 rlineto
            -983 85 vlineto
            return
        </CharString>
        <CharString index="1" fingerprint="0a47d65c">
            rmoveto
            -85 -8 rlineto
            -983 85 vlineto
            return
        </CharString>
    </Subrs>
    <GlobalSubrs/>
</Glyph>