<Glyph name="equal_less_less.liga" lsb="-1157" width="625">
    <CharString>
        {480b8ca3} callgsubr
        -1157 1680 -771 84 266 84 hintmask 01001100
        -164 330 rmoveto
        332 275 rlineto
        hintmask 10001100
        -50 64 rlineto
        hintmask 01101100
        -213 -178 rlineto
        -1062 -77 970 {f52ca306} callsubr
        -958 -77 1049 hlineto
        hintmask 10001100
        229 -192 52 64 {34825a9a} callgsubr
        350 hmoveto
        {a802daf0} callgsubr
        {4948d217} callgsubr
        rlineto
        hintmask 10010000
        52 64 rlineto
        endchar
    </CharString>
    <Subrs>
        <CharString index="0" fingerprint="95e8401a">
            -501 {2104c6cb} callgsubr
            return
        </CharString>
        <CharString index="1" fingerprint="f52ca306">
            hlineto
            -61 -51 rlineto
            -77 vlineto
            49 -41 rlineto
            return
        </CharString>
    </Subrs>
    <GlobalSubrs>
        <CharString index="0" fingerprint="480b8ca3">
            -24 693 {95e8401a} callsubr
            return
        </CharString>
        <CharString index="1" fingerprint="2104c6cb">
            {5e5f0c6d} callgsubr
            hstemhm
            return
        </CharString>
        <CharString index="2" fingerprint="5e5f0c6d">
            77 169 77 return
        </CharString>
        <CharString index="3" fingerprint="34825a9a">
            -337 279 rlineto
            return
        </CharString>
        <CharString index="4" fingerprint="a802daf0">
            11 vlineto
            332 275 return
        </CharString>
        <CharString index="5" fingerprint="4948d217">
            -50 64 {d6f695ab} callgsubr
            return
        </CharString>
        <CharString index="6" fingerprint="d6f695ab">
            {3136202a} callgsubr
            369 -310 return
        </CharString>
        <CharString index="7" fingerprint="3136202a">
            -366 {3c39be5e} callgsubr
            return
        </CharString>
        <CharString index="8" fingerprint="3c39be5e">
            -306 rlineto
            -77 vlineto
            return
        </CharString>
    </GlobalSubrs>
</Glyph>