<Glyph name="greater_equal_greater.liga" lsb="-1147" width="625">
    <CharString>
        {73b4eeb5} callsubr
        -1147 1671 -1334 84 1166 84 hintmask 10001100
        {68618674} callsubr
        hintmask 01101100
        {6fed55c0} callsubr
        -1123 hlineto
        hintmask 10001100
        -212 178 {518377e0} callsubr
        hintmask 01010000
        230 193 rlineto
        1124 {81b66a3d} callgsubr
        hintmask 10010000
        51 -64 rlineto
        hintmask 10001100
        {17aabf5c} callsubr
        -84 -44 rmoveto
        hintmask 01001100
        -89 -74 rlineto
        -1126 hlineto
        49 41 rlineto
        77 vlineto
        hintmask 01101100
        -61 51 rlineto
        1125 hlineto
        102 -84 rlineto
        endchar
    </CharString>
    <Subrs>
        <CharString index="0" fingerprint="73b4eeb5">
            -25 694 {95e8401a} callsubr
            return
        </CharString>
        <CharString index="1" fingerprint="95e8401a">
            -501 {2104c6cb} callgsubr
            return
        </CharString>
        <CharString index="2" fingerprint="68618674">
            160 {69d40705} callsubr
            -52 -65 rlineto
            return
        </CharString>
        <CharString index="3" fingerprint="69d40705">
            669 rmoveto
            return
        </CharString>
        <CharString index="4" fingerprint="6fed55c0">
            137 -113 rlineto
            return
        </CharString>
        <CharString index="5" fingerprint="518377e0">
            {51c2609d} callgsubr
            hintmask 10010000
            -337 -280 51 -64 rlineto
            return
        </CharString>
        <CharString index="6" fingerprint="17aabf5c">
            {7d1d3dc1} callsubr
            77 vlineto
            return
        </CharString>
        <CharString index="7" fingerprint="7d1d3dc1">
            370 311 rlineto
            return
        </CharString>
    </Subrs>
    <GlobalSubrs>
        <CharString index="0" fingerprint="2104c6cb">
            {5e5f0c6d} callgsubr
            hstemhm
            return
        </CharString>
        <CharString index="1" fingerprint="5e5f0c6d">
            77 169 77 return
        </CharString>
        <CharString index="2" fingerprint="51c2609d">
            -52 -65 332 -274 rlineto
            -11 vlineto
            return
        </CharString>
        <CharString index="3" fingerprint="81b66a3d">
            hlineto
            -155 -129 rlineto
            return
        </CharString>
    </GlobalSubrs>
</Glyph>