<Glyph name="less_hyphen_hyphen.liga" lsb="-1148" width="625">
    <CharString>
        -24 693 -383 78 hstemhm
        -1148 84 -84 1639 hintmask 01010000
        491 364 rmoveto
        -1514 {65ab9a81} callsubr
        1509 hlineto
        endchar
    </CharString>
    <Subrs>
        <CharString index="0" fingerprint="65ab9a81">
            hlineto
            291 241 rlineto
            hintmask 10010000
            -50 64 rlineto
            hintmask 01100000
            {3136202a} callgsubr
            hintmask 10100000
            369 -310 52 64 rlineto
            hintmask 01100000
            -297 246 rlineto
            return
        </CharString>
    </Subrs>
    <GlobalSubrs>
        <CharString index="0" fingerprint="3136202a">
            -366 {3c39be5e} callgsubr
            return
        </CharString>
        <CharString index="1" fingerprint="3c39be5e">
            -306 rlineto
            -77 vlineto
            return
        </CharString>
    </GlobalSubrs>
</Glyph>