<Glyph name="less_equal_equal.liga" lsb="-1148" width="625">
    <CharString>
        {100ccab2} callsubr
        -84 1680 hintmask 01010000
        -1064 319 rmoveto
        11 vlineto
        hintmask 01110000
        101 84 rlineto
        1493 {2baa6024} callgsubr
        -1401 {4f917770} callsubr
        hintmask 10010000
        {a6f54b4d} callgsubr
        1412 {2baa6024} callgsubr
        -1506 hlineto
        endchar
    </CharString>
    <Subrs>
        <CharString index="0" fingerprint="100ccab2">
            {480b8ca3} callgsubr
            -1148 84 return
        </CharString>
        <CharString index="1" fingerprint="95e8401a">
            -501 {2104c6cb} callgsubr
            return
        </CharString>
        <CharString index="2" fingerprint="4f917770">
            hlineto
            138 114 rlineto
            return
        </CharString>
    </Subrs>
    <GlobalSubrs>
        <CharString index="0" fingerprint="480b8ca3">
            -24 693 {95e8401a} callsubr
            return
        </CharString>
        <CharString index="1" fingerprint="2104c6cb">
            {5e5f0c6d} callgsubr
            hstemhm
            return
        </CharString>
        <CharString index="2" fingerprint="5e5f0c6d">
            77 169 77 return
        </CharString>
        <CharString index="3" fingerprint="2baa6024">
            hlineto
            {ab181b74} callgsubr
            return
        </CharString>
        <CharString index="4" fingerprint="ab181b74">
            1 77 rlineto
            return
        </CharString>
        <CharString index="5" fingerprint="a6f54b4d">
            -50 64 rlineto
            hintmask 10001000
            {ec1485d5} callgsubr
            rlineto
            hintmask 01001000
            -155 128 rlineto
            return
        </CharString>
        <CharString index="6" fingerprint="ec1485d5">
            {d6f695ab} callgsubr
            52 64 return
        </CharString>
        <CharString index="7" fingerprint="d6f695ab">
            {3136202a} callgsubr
            369 -310 return
        </CharString>
        <CharString index="8" fingerprint="3136202a">
            -366 {3c39be5e} callgsubr
            return
        </CharString>
        <CharString index="9" fingerprint="3c39be5e">
            -306 rlineto
            -77 vlineto
            return
        </CharString>
    </GlobalSubrs>
</Glyph>