<Glyph name="less_equal_greater.liga" lsb="-1148" width="625">
    <CharString>
        {100ccab2} callsubr
        1504 84 hintmask 10011000
        {68618674} callsubr
        hintmask 01111000
        {6fed55c0} callsubr
        -1115 {4f917770} callsubr
        {31c0401c} callgsubr
        -155 128 rlineto
        1140 {81b66a3d} callgsubr
        hintmask 10011000
        {0ebde8d9} callsubr
        -84 -44 rmoveto
        hintmask 01111000
        -89 -74 rlineto
        -1326 hlineto
        -89 74 rlineto
        11 vlineto
        101 84 rlineto
        1301 hlineto
        102 -84 rlineto
        endchar
    </CharString>
    <Subrs>
        <CharString index="0" fingerprint="100ccab2">
            {480b8ca3} callgsubr
            -1148 84 return
        </CharString>
        <CharString index="1" fingerprint="95e8401a">
            -501 {2104c6cb} callgsubr
            return
        </CharString>
        <CharString index="2" fingerprint="68618674">
            160 {69d40705} callsubr
            -52 -65 rlineto
            return
        </CharString>
        <CharString index="3" fingerprint="69d40705">
            669 rmoveto
            return
        </CharString>
        <CharString index="4" fingerprint="6fed55c0">
            137 -113 rlineto
            return
        </CharString>
        <CharString index="5" fingerprint="4f917770">
            hlineto
            138 114 rlineto
            return
        </CharString>
        <CharString index="6" fingerprint="0ebde8d9">
            51 -64 {17aabf5c} callsubr
            return
        </CharString>
        <CharString index="7" fingerprint="17aabf5c">
            {7d1d3dc1} callsubr
            77 vlineto
            return
        </CharString>
        <CharString index="8" fingerprint="7d1d3dc1">
            370 311 rlineto
            return
        </CharString>
    </Subrs>
    <GlobalSubrs>
        <CharString index="0" fingerprint="480b8ca3">
            -24 693 {95e8401a} callsubr
            return
        </CharString>
        <CharString index="1" fingerprint="2104c6cb">
            {5e5f0c6d} callgsubr
            hstemhm
            return
        </CharString>
        <CharString index="2" fingerprint="5e5f0c6d">
            77 169 77 return
        </CharString>
        <CharString index="3" fingerprint="31c0401c">
            hintmask 10011000
            -50 64 {ec1485d5} callgsubr
            rlineto
            hintmask 01111000
            return
        </CharString>
        <CharString index="4" fingerprint="ec1485d5">
            {d6f695ab} callgsubr
            52 64 return
        </CharString>
        <CharString index="5" fingerprint="d6f695ab">
            {3136202a} callgsubr
            369 -310 return
        </CharString>
        <CharString index="6" fingerprint="3136202a">
            -366 {3c39be5e} callgsubr
            return
        </CharString>
        <CharString index="7" fingerprint="3c39be5e">
            -306 rlineto
            -77 vlineto
            return
        </CharString>
        <CharString index="8" fingerprint="81b66a3d">
            hlineto
            -155 -129 rlineto
            return
        </CharString>
    </GlobalSubrs>
</Glyph>