<Glyph name="less_equal.2.liga" lsb="-429" width="625">
    <CharString>
        -161 536 {4094d862} callsubr
        801 -324 rlineto
        3 -129 rmoveto
        73 -804 -73 vlineto
        endchar
    </CharString>
    <Subrs>
        <CharString index="0" fingerprint="4094d862">
            vstem
            372 47 rmoveto
            -699 272 rlineto
            14 vlineto
            702 266 -40 70 -764 {3c39be5e} callgsubr
            return
        </CharString>
    </Subrs>
    <GlobalSubrs>
        <CharString index="0" fingerprint="3c39be5e">
            -306 rlineto
            -77 vlineto
            return
        </CharString>
    </GlobalSubrs>
</Glyph>