<Glyph name="less_exclam_hyphen_hyphen.liga" lsb="-1773" width="625">
    <CharString>
        -24 693 -669 123 163 78 hstemhm
        -1773 84 685 127 hintmask 01011000
        -964 {3e9f41a0} callsubr
        -393 345 rmoveto
        {31c0401c} callgsubr
        -297 246 rlineto
        540 hlineto
        6 78 rlineto
        -545 hlineto
        887 hmoveto
        -78 1246 vlineto
        6 78 rlineto
        -1496 -364 {a36b40b4} callsubr
    </CharString>
    <Subrs>
        <CharString index="0" fingerprint="3e9f41a0">
            260 rmoveto
            60 hlineto
            2 95 28 295 5 101 rrcurveto
            -116 hlineto
            2 -101 19 -295 -95 vvcurveto
            return
        </CharString>
        <CharString index="1" fingerprint="a36b40b4">
            rmoveto
            127 hlineto
            3 123 rlineto
            -127 hlineto
            endchar
        </CharString>
    </Subrs>
    <GlobalSubrs>
        <CharString index="0" fingerprint="31c0401c">
            hintmask 10011000
            -50 64 {ec1485d5} callgsubr
            rlineto
            hintmask 01111000
            return
        </CharString>
        <CharString index="1" fingerprint="ec1485d5">
            {d6f695ab} callgsubr
            52 64 return
        </CharString>
        <CharString index="2" fingerprint="d6f695ab">
            {3136202a} callgsubr
            369 -310 return
        </CharString>
        <CharString index="3" fingerprint="3136202a">
            -366 {3c39be5e} callgsubr
            return
        </CharString>
        <CharString index="4" fingerprint="3c39be5e">
            -306 rlineto
            -77 vlineto
            return
        </CharString>
    </GlobalSubrs>
</Glyph>