<Glyph name="percent.alt" lsb="32" width="625">
    <CharString>
        -61 72 200 72 138 72 200 72 hstem
        32 73 132 72 5 73 132 72 vstem
        166 421 {d1415a9f} callgsubr
        381 292 rmoveto
        -78 37 -403 -771 80 -32 rlineto
        24 746 {3da6b216} callsubr
        278 -754 {d1415a9f} callgsubr
        4 272 {3da6b216} callsubr
        endchar
    </CharString>
    <Subrs>
        <CharString index="0" fingerprint="3da6b216">
            rmoveto
            44 23 -38 -65 -60 -21 -37 -44 -44 -23 38 65 61 21 36 44 hvcurveto
            return
        </CharString>
        <CharString index="1" fingerprint="3da6b216">
            rmoveto
            44 23 -38 -65 -60 -21 -37 -44 -44 -23 38 65 61 21 36 44 hvcurveto
            return
        </CharString>
    </Subrs>
    <GlobalSubrs>
        <CharString index="0" fingerprint="d1415a9f">
            rmoveto
            87 56 72 106 102 -48 64 -85 -87 -57 -73 -104 -103 49 -64 85 hvcurveto
            return
        </CharString>
        <CharString index="1" fingerprint="d1415a9f">
            rmoveto
            87 56 72 106 102 -48 64 -85 -87 -57 -73 -104 -103 49 -64 85 hvcurveto
            return
        </CharString>
    </GlobalSubrs>
</Glyph>