<GlobalSubrs>
    
      
    <!-- The 'index' attribute is only for humans; it is ignored when parsed. -->
    
      
    <CharString index="0">
        
        -3 callsubr
        8 -59 229 -60 227 -68 229 rlinecurve
        -176 hlineto
        -69 -230 -60 -230 -59 -229 rrcurveto
        126 hlineto
        15 64 15 64 16 64 rrcurveto
        204 hlineto
        16 -66 16 -65 15 -65 rrcurveto
        -153 589 rmoveto
        9 hlineto
        26 -99 25 -101 24 -101 rrcurveto
        -160 hlineto
        25 101 25 101 26 99 rrcurveto
        endchar
      
    </CharString>
    
      
    <CharString index="1">
        
        rmoveto
        31 -54 81 31 133 68 74 59 rlinecurve
        -91 93 -60 -66 -104 -88 -64 -43 rlinecurve
        return
      
    </CharString>
    
      
    <CharString index="2">
        
        240 5 87 62 74 vvcurveto
        51 -49 43 -132 22 vhcurveto
        170 118 -7 76 rlineto
        -308 -82 hlineto
        200 2 rlineto
        -4 vlineto
        -164 -113 rlineto
        -49 vlineto
        139 -13 57 -23 -29 vvcurveto
        -30 -58 -18 -182 -5 vhcurveto
        return
      
    </CharString>
    
      
    <CharString index="3">
        
        rmoveto
        60 -57 51 -175 17 vhcurveto
        7 83 rlineto
        203 hlineto
        9 82 rlineto
        -291 hlineto
        -17 -230 rlineto
        166 -12 63 -22 -32 vvcurveto
        -37 -63 -19 -177 -11 vhcurveto
        6 -88 rlineto
        224 13 102 63 82 vvcurveto
        return
      
    </CharString>
    
      
    <CharString index="4">
        
        -7 126 -2 174 248 vvcurveto
        -123 hlineto
        -179 2 -142 2 -103 vhcurveto
        -23 -34 -36 -15 -42 hhcurveto
        -57 -35 31 99 hvcurveto
        336 vlineto
        -123 -7 rlineto
        -373 vlineto
        -135 61 -55 97 76 56 35 39 44 vhcurveto
        endchar
      
    </CharString>
    
      
    <CharString index="5">
        
        17 callsubr
        179 -97 101 -138 -147 -122 -126 -179 -180 97 -101 137 hvcurveto
        22 100 rmoveto
        -81 -50 69 134 122 49 61 74 80 52 -69 -133 -122 -49 -62 -75 hvcurveto
        endchar
      
    </CharString>
    
      
    <CharString index="6">
        
        rmoveto
        141 -114 75 72 -204 156 rlineto
        -7 hlineto
        -202 -169 59 -58 rlineto
        return
      
    </CharString>
    
      
    <CharString index="7">
        
        17 120 26 223 11 209 rrcurveto
        -115 hlineto
        -4 -146 -5 -114 -5 -148 rrcurveto
        -4 hlineto
        -15 48 -53 156 -13 40 rrcurveto
        -71 hlineto
        -12 -40 -51 -153 -15 -49 rrcurveto
        -5 hlineto
        -6 149 -5 112 -5 145 rrcurveto
        -119 hlineto
        10 -209 24 -223 19 -120 rrcurveto
        108 hlineto
        endchar
      
    </CharString>
    
      
    <CharString index="8">
        
        rmoveto
        10 -111 199 19 59 52 79 222 rlinecurve
        62 165 55 166 39 125 rrcurveto
        -118 hlineto
        -14 -37 -75 -264 -35 -106 rrcurveto
        -12 hlineto
        -51 123 -59 166 -45 123 -125 -9 rcurveline
        42 -110 115 -293 51 -117 21 -8 rcurveline
        -31 -75 -35 -13 -132 -18 rrcurveto
        endchar
      
    </CharString>
    
      
    <CharString index="9">
        
        15 130 23 262 15 296 rrcurveto
        -119 hlineto
        -3 -70 -13 -416 -4 -35 rrcurveto
        -4 hlineto
        -30 112 -24 91 -31 112 rrcurveto
        -67 hlineto
        -29 -111 -19 -84 -31 -120 rrcurveto
        -4 hlineto
        -4 35 -18 416 -3 70 rrcurveto
        -123 hlineto
        14 -296 22 -262 16 -130 rrcurveto
        121 hlineto
        endchar
      
    </CharString>
    
      
    <CharString index="10">
        
        rmoveto
        8 hlineto
        201 169 -58 59 -138 -114 -141 115 -76 -73 rlineto
        return
      
    </CharString>
    
      
    <CharString index="11">
        
        rmoveto
        124 hlineto
        3 156 rlineto
        -126 hlineto
        245 -156 rmoveto
        124 hlineto
        4 156 rlineto
        -126 hlineto
        return
      
    </CharString>
    
      
    <CharString index="12">
        
        rmoveto
        12 -111 rlineto
        314 16 76 127 201 vvcurveto
        90 -1 239 -2 61 vhcurveto
        17 -56 -55 10 -56 hhcurveto
        -163 -136 -112 -175 -142 88 -88 115 59 48 20 27 36 hvcurveto
        -3 -140 -31 -20 -245 -20 rrcurveto
        184 229 rmoveto
        -73 -57 52 110 102 55 53 79 30 30 -5 -10 31 hvcurveto
        -278 vlineto
        -15 -29 -33 -9 -33 hhcurveto
        endchar
      
    </CharString>
    
      
    <CharString index="13">
        
        -75 callsubr
        -76 -57 -35 -40 -44 vhcurveto
        -7 63 -114 -6 rlineto
        7 -126 2 -175 -248 vvcurveto
        123 hlineto
        178 -2 143 -3 103 vhcurveto
        23 34 36 15 44 hhcurveto
        return
      
    </CharString>
    
      
    <CharString index="14">
        
        rmoveto
        62 -19 63 64 30 96 -4 83 rlinecurve
        -147 -7 21 -66 3 -78 -28 -73 rlinecurve
        endchar
      
    </CharString>
    
      
    <CharString index="15">
        
        131 86 72 67 79 vvcurveto
        75 -72 60 -239 -1 vhcurveto
        -7 -85 rlineto
        170 -6 50 -23 -46 vvcurveto
        -59 -83 -59 -154 -95 vhcurveto
        return
      
    </CharString>
    
      
    <CharString index="16">
        
        78 34 -54 -90 3 hvcurveto
        -69 -1 -113 -4 -59 -1 rrcurveto
        103 6 45 47 75 hhcurveto
        endchar
      
    </CharString>
    
      
    <CharString index="17">
        
        rmoveto
        -1 89 0 105 141 vvcurveto
        -116 hlineto
        -85 3 -100 2 -70 vhcurveto
        -179 -3 -63 93 167 vvcurveto
        142 44 100 282 -11 vhcurveto
        -7 121 rlineto
        -343 -10 -105 -162 -200 vvcurveto
        -248 154 -141 329 72 vhcurveto
        return
      
    </CharString>
    
      
    <CharString index="18">
        
        164 -321 46 103 vvcurveto
        50 56 31 224 -16 vhcurveto
        -8 114 rlineto
        -285 15 -119 -108 -103 -160 322 -39 -113 vvcurveto
        -57 -84 -41 -235 18 vhcurveto
        return
      
    </CharString>
    
      
    <CharString index="19">
        
        rmoveto
        126 -250 136 17 -162 297 rlineto
        64 47 48 60 87 vvcurveto
        142 -107 91 -340 -44 vhcurveto
        -687 125 237 vlineto
        89 vmoveto
        265 vlineto
        135 18 62 -48 -91 vvcurveto
        -61 -30 -48 -47 -32 vhcurveto
        return
      
    </CharString>
    
      
    <CharString index="20">
        
        rmoveto
        102 -10 48 124 68 122 81 119 rlinecurve
        81 -340 vlineto
        -8 -84 20 callgsubr
        247 hlineto
        2 -5 -84 -114 -66 -113 -50 -120 rlinecurve
        endchar
      
    </CharString>
    
      
    <CharString index="21">
        
        rmoveto
        230 -460 rlineto
        109 688 -117 hlineto
        5 -455 rlineto
        -5 hlineto
        -221 455 rlineto
        -119 -688 117 hlineto
        -5 460 rlineto
        return
      
    </CharString>
    
      
    <CharString index="22">
        
        rmoveto
        10 108 rlineto
        -263 -13 -75 79 181 vvcurveto
        150 48 81 283 -5 vhcurveto
        -7 121 rlineto
        -341 -7 -114 -165 -192 vvcurveto
        -208 103 -159 356 29 vhcurveto
        endchar
      
    </CharString>
    
      
    <CharString index="23">
        
        rmoveto
        -171 92 -129 344 29 vhcurveto
        12 101 rlineto
        -249 -14 -77 58 142 vvcurveto
        107 42 63 276 -9 vhcurveto
        -8 117 rlineto
        -330 -2 -102 -138 -154 vvcurveto
        endchar
      
    </CharString>
    
      
    <CharString index="24">
        
        rmoveto
        -91 -58 -53 -70 -66 60 -52 89 90 59 52 70 64 -61 55 -88 hvcurveto
        return
      
    </CharString>
    
      
    <CharString index="25">
        
        17 callsubr
        81 -20 64 -34 47 hvcurveto
        48 68 -70 46 -40 -57 rlineto
        20 -34 -40 11 -45 hhcurveto
        -147 -122 -126 -179 -82 20 -65 35 -48 hvcurveto
        -47 -65 70 -47 39 56 rlineto
        -20 34 39 -10 44 hhcurveto
        -112 303 rmoveto
        123 51 61 75 31 27 -10 -19 21 vhcurveto
        -188 -269 rlineto
        -11 30 -6 38 46 vvcurveto
        134 -204 rmoveto
        -30 -27 10 19 -21 hvcurveto
        188 268 rlineto
        11 -30 6 -37 -45 vvcurveto
        -124 -52 -61 -75 vhcurveto
        endchar
      
    </CharString>
    
      
    <CharString index="26">
        
        rmoveto
        59 55 65 92 40 hvcurveto
        -64 30 rlineto
        -60 -30 -25 -28 -22 hhcurveto
        return
      
    </CharString>
    
      
    <CharString index="27">
        
        rmoveto
        55 -16 63 93 26 87 -5 103 rlinecurve
        -132 -2 17 -86 3 -84 -27 -95 rlinecurve
        return
      
    </CharString>
    
      
    <CharString index="28">
        
        455 hlineto
        11 92 rlineto
        -172 684 -278 hlineto
        -10 -88 165 -8 rlineto
        -588 -171 vlineto
        return
      
    </CharString>
    
      
    <CharString index="29">
        
        rmoveto
        7 -56 114 6 rlineto
        -7 122 -2 171 258 vvcurveto
        235 -43 callgsubr
        -212 vlineto
        1 -8 -9 0 -8 hhcurveto
        -175 -144 -116 -204 -165 86 -96 117 64 51 30 37 37 hvcurveto
        -102 34 rmoveto
        -77 -54 59 132 121 59 63 85 24 26 -5 -9 28 hvcurveto
        1 -134 1 -107 2 -86 rrcurveto
        -21 -27 -31 -13 -37 hhcurveto
        endchar
      
    </CharString>
    
      
    <CharString index="30">
        
        469 hlineto
        9 110 -339 -2 330 473 rlineto
        107 -458 vlineto
        -9 -110 330 2 -332 -473 rlineto
        endchar
      
    </CharString>
    
      
    <CharString index="31">
        
        -12 -115 rlineto
        263 -19 54 -34 -44 vvcurveto
        -66 -178 -52 -8 -161 vhcurveto
        87 -3 rlineto
        15 142 216 47 125 vvcurveto
        89 -97 75 -340 16 vhcurveto
        return
      
    </CharString>
    
      
    <CharString index="32">
        
        rmoveto
        57 36 -31 -98 hvcurveto
        -333 123 376 vlineto
        return
      
    </CharString>
    
      
    <CharString index="33">
        
        rmoveto
        -183 283 vlineto
        8 106 rlineto
        -186 194 147 93 -147 190 180 105 -366 hlineto
        -69 -227 -75 -233 -65 -228 rrcurveto
        121 hlineto
        16 61 17 61 17 61 rrcurveto
        113 400 rmoveto
        6 -307 -92 hlineto
        29 103 30 103 27 101 rrcurveto
        endchar
      
    </CharString>
    
      
    <CharString index="34">
        
        -70 callgsubr
        -410 -239 rmoveto
        -79 477 79 vlineto
        return
      
    </CharString>
    
      
    <CharString index="35">
        
        -71 callsubr
        hstem
        72 123 217 120 vstem
        return
      
    </CharString>
    
      
    <CharString index="36">
        
        hstem
        86 123 200 -42 callgsubr
        return
      
    </CharString>
    
      
    <CharString index="37">
        
        484 617 -104 callgsubr
        return
      
    </CharString>
    
      
    <CharString index="38">
        
        vstem
        293 238 rmoveto
        165 -246 131 16 -192 284 63 81 59 87 55 86 rlinecurve
        -126 9 -48 -81 -50 -75 -56 -73 rlinecurve
        -67 -1 rlineto
        464 -43 callgsubr
        -778 123 236 vlineto
        return
      
    </CharString>
    
      
    <CharString index="39">
        
        hstem
        80 127 211 15 callsubr
        return
      
    </CharString>
    
      
    <CharString index="40">
        
        80 301 79 hstem
        118 98 192 97 vstem
        304 return
      
    </CharString>
    
      
    <CharString index="41">
        
        -17 100 386 100 hstem
        61 125 255 21 callgsubr
        return
      
    </CharString>
    
      
    <CharString index="42">
        
        rmoveto
        84 -75 rlineto
        237 201 93 163 161 vvcurveto
        158 -92 159 -233 200 vhcurveto
        -85 -77 rlineto
        214 -174 74 -135 -136 vvcurveto
        -135 -72 -133 -220 -177 vhcurveto
        endchar
      
    </CharString>
    
      
    <CharString index="43">
        
        -14 99 518 100 hstem
        61 117 268 117 vstem
        304 -14 rmoveto
        160 99 147 222 217 -81 131 -161 -160 -100 -148 -222 -216 81 -131 162 hvcurveto
        return
      
    </CharString>
    
      
    <CharString index="44">
        
        -249 97 hstem
        180 16 callgsubr
        431 hmoveto
        -32 48 rlineto
        -157 -70 -62 -58 -56 -28 callsubr
        11 97 -19 callsubr
        24 31 32 104 46 vhcurveto
        endchar
      
    </CharString>
    
      
    <CharString index="45">
        
        rmoveto
        105 -385 -105 vlineto
        return
      
    </CharString>
    
      
    <CharString index="46">
        
        vstem
        277 296 rmoveto
        178 -304 138 16 -211 346 195 334 rlineto
        -135 hlineto
        -160 -288 rlineto
        -62 288 -127 -688 127 296 hlineto
        return
      
    </CharString>
    
      
    <CharString index="47">
        
        81 217 154 hstem
        284 94 vstem
        152 return
      
    </CharString>
    
      
    <CharString index="48">
        
        hintmask 10010000
        168 680 rmoveto
        -69 -88 rlineto
        hintmask 00110000
        105 -84 rlineto
        return
      
    </CharString>
    
      
    <CharString index="49">
        
        77 140 64 hstem
        132 92 178 91 vstem
        311 return
      
    </CharString>
    
      
    <CharString index="50">
        
        192 92 301 104 hstem
        37 551 vstem
        return
      
    </CharString>
    
      
    <CharString index="51">
        
        -27 707 -520 -43 callsubr
        return
      
    </CharString>
    
      
    <CharString index="52">
        
        0 167 hstem
        50 123 284 119 vstem
        return
      
    </CharString>
    
      
    <CharString index="53">
        
        hlineto
        hintmask 10010000
        -209 172 -69 -88 322 -258 rlineto
        -12 vlineto
        -325 -262 66 -87 rlineto
        hintmask 01010000
        228 187 rlineto
        return
      
    </CharString>
    
      
    <CharString index="54">
        
        34 62 35 84 23 86 -104 12 rcurveline
        -12 -57 -18 -61 -20 -53 rrcurveto
        return
      
    </CharString>
    
      
    <CharString index="55">
        
        -44 callsubr
        hstem
        275 21 callgsubr
        return
      
    </CharString>
    
      
    <CharString index="56">
        
        vlineto
        331 -47 149 136 268 vvcurveto
        return
      
    </CharString>
    
      
    <CharString index="57">
        
        -8 110 482 110 hstem
        93 132 return
      
    </CharString>
    
      
    <CharString index="58">
        
        128 vstem
        return
      
    </CharString>
    
      
    <CharString index="59">
        
        hstem
        92 123 203 -42 callgsubr
        325 462 -75 callgsubr
        return
      
    </CharString>
    
      
    <CharString index="60">
        
        239 89 267 103 hstem
        97 125 return
      
    </CharString>
    
      
    <CharString index="61">
        
        rmoveto
        90 -332 rlineto
        124 hlineto
        return
      
    </CharString>
    
      
    <CharString index="62">
        
        hintmask 1000010001001000111100010001000010101100
        return
      
    </CharString>
    
      
    <CharString index="63">
        
        hstem
        249 15 callsubr
        return
      
    </CharString>
    
      
    <CharString index="64">
        
        vlineto
        -123 -11 rlineto
        return
      
    </CharString>
    
      
    <CharString index="65">
        
        123 vstem
        return
      
    </CharString>
    
      
    <CharString index="66">
        
        rmoveto
        261 -237 82 86 -244 212 250 212 -81 86 -260 -239 rlineto
        endchar
      
    </CharString>
    
      
    <CharString index="67">
        
        271 rmoveto
        81 hlineto
        2 50 41 378 2 53 rrcurveto
        -157 hlineto
        1 -53 30 -378 -50 vvcurveto
        return
      
    </CharString>
    
      
    <CharString index="68">
        
        43 53 -96 71 hhcurveto
        return
      
    </CharString>
    
      
    <CharString index="69">
        
        60 rmoveto
        -655 262 rlineto
        12 vlineto
        642 258 -39 88 -754 -300 rlineto
        -103 vlineto
        return
      
    </CharString>
    
      
    <CharString index="70">
        
        63 -101 54 51 vvcurveto
        44 83 39 187 51 vhcurveto
        -39 100 rlineto
        -262 -83 -88 -81 -80 vvcurveto
        return
      
    </CharString>
    
      
    <CharString index="71">
        
        -4 -2 -3 -8 -9 2 -3 4 4 2 3 9 return
      
    </CharString>
    
      
    <CharString index="72">
        
        hintmask 1000010001001000111100010011000010101100
        return
      
    </CharString>
    
      
    <CharString index="73">
        
        160 -3 callgsubr
        return
      
    </CharString>
    
      
    <CharString index="74">
        
        662 105 hstem
        120 385 vstem
        505 662 -62 callgsubr
        endchar
      
    </CharString>
    
      
    <CharString index="75">
        
        -6 102 362 100 -100 103 hstemhm
        107 127 return
      
    </CharString>
    
      
    <CharString index="76">
        
        0 92 369 91 hstem
        215 121 vstem
        return
      
    </CharString>
    
      
    <CharString index="77">
        
        347 117 hstem
        87 122 return
      
    </CharString>
    
      
    <CharString index="78">
        
        171 19 57 -86 -185 vvcurveto
        return
      
    </CharString>
    
      
    <CharString index="79">
        
        -184 -59 -80 -169 25 vhcurveto
        return
      
    </CharString>
    
      
    <CharString index="80">
        
        87 283 81 return
      
    </CharString>
    
      
    <CharString index="81">
        
        rmoveto
        -251 hlineto
        -7 -98 rlineto
        375 974 -371 -98 254 hlineto
        endchar
      
    </CharString>
    
      
    <CharString index="82">
        
        rlineto
        103 vlineto
        -754 300 -39 -88 642 -258 rlineto
        -12 vlineto
        151 return
      
    </CharString>
    
      
    <CharString index="83">
        
        0 107 339 107 hstem
        82 469 vstem
        return
      
    </CharString>
    
      
    <CharString index="84">
        
        hintmask 10100000
        168 680 rmoveto
        -69 -88 rlineto
        hintmask 01100000
        261 -209 rlineto
        return
      
    </CharString>
    
      
    <CharString index="85">
        
        84 -85 51 -258 83 vhcurveto
        -41 -98 rlineto
        179 -53 82 -41 -55 vvcurveto
        return
      
    </CharString>
    
      
    <CharString index="86">
        
        37 18 -33 -55 -51 -17 -30 -36 -36 -19 32 56 51 16 30 37 hvcurveto
        return
      
    </CharString>
    
      
    <CharString index="87">
        
        87 hstemhm
        248 109 -109 117 -22 123 -116 118 return
      
    </CharString>
    
      
    <CharString index="88">
        
        84 115 228 115 return
      
    </CharString>
    
      
    <CharString index="89">
        
        104 -517 -104 vlineto
        return
      
    </CharString>
    
      
    <CharString index="90">
        
        150 125 132 209 209 -118 122 -151 return
      
    </CharString>
    
      
    <CharString index="91">
        
        rmoveto
        -13 callgsubr
      
    </CharString>
    
      
    <CharString index="92">
        
        197 -110 -197 -188 -103 188 -198 110 return
      
    </CharString>
    
      
    <CharString index="93">
        
        -47 callgsubr
        197 125 vstem
        return
      
    </CharString>
    
      
    <CharString index="94">
        
        -63 callsubr
        endchar
      
    </CharString>
    
      
    <CharString index="95">
        
        -17 103 516 104 hstem
        52 128 264 129 vstem
        return
      
    </CharString>
    
      
    <CharString index="96">
        
        -17 99 388 99 3 callgsubr
        261 121 vstem
        return
      
    </CharString>
    
      
    <CharString index="97">
        
        4 2 2 4 1 hvcurveto
        5 hlineto
        -6 -1 -4 -5 -8 hhcurveto
        return
      
    </CharString>
    
      
    <CharString index="98">
        
        hhcurveto
        75 54 -65 -127 -122 -65 -61 -85 hvcurveto
        endchar
      
    </CharString>
    
      
    <CharString index="99">
        
        -9 -7 -7 -9 -9 -7 6 10 return
      
    </CharString>
    
      
    <CharString index="100">
        
        hintmask 1000010001010000111100010000100010101100
        return
      
    </CharString>
    
      
    <CharString index="101">
        
        hintmask 1000010001001000111100010100000010101100
        return
      
    </CharString>
    
      
    <CharString index="102">
        
        -244 71 318 71 return
      
    </CharString>
    
      
    <CharString index="103">
        
        -10 99 488 121 return
      
    </CharString>
    
      
    <CharString index="104">
        
        -55 callsubr
        hstem
        return
      
    </CharString>
    
      
    <CharString index="105">
        
        -18 callgsubr
        1109 hmoveto
        -18 callgsubr
        return
      
    </CharString>
    
      
    <CharString index="106">
        
        -14 101 375 105 3 callgsubr
        222 123 return
      
    </CharString>
    
      
    <CharString index="107">
        
        98 778 98 hstem
        150 118 vstem
        150 return
      
    </CharString>
    
      
    <CharString index="108">
        
        98 778 98 hstem
        358 117 vstem
        358 return
      
    </CharString>
    
      
    <CharString index="109">
        
        -20 callsubr
        202 -42 callgsubr
        return
      
    </CharString>
    
      
    <CharString index="110">
        
        hstem
        61 122 return
      
    </CharString>
    
      
    <CharString index="111">
        
        -117 1 rlineto
        -165 vlineto
        -173 3 -5 return
      
    </CharString>
    
      
    <CharString index="112">
        
        0 92 592 92 hstem
        255 -42 callgsubr
        return
      
    </CharString>
    
      
    <CharString index="113">
        
        hintmask 01010000
        -72 -58 rlineto
        return
      
    </CharString>
    
      
    <CharString index="114">
        
        49 96 317 104 return
      
    </CharString>
    
      
    <CharString index="115">
        
        -136 -206 vhcurveto
        69 4 rmoveto
        174 return
      
    </CharString>
    
      
    <CharString index="116">
        
        29 39 21 126 12 vhcurveto
        5 87 rlineto
        return
      
    </CharString>
    
      
    <CharString index="117">
        
        hintmask 1000010001000100111100010011000010101100
        return
      
    </CharString>
    
      
    <CharString index="118">
        
        hintmask 1000010001010000111100010001000010101100
        return
      
    </CharString>
    
      
    <CharString index="119">
        
        hintmask 1100010001001000111100010000100010101100
        return
      
    </CharString>
    
      
    <CharString index="120">
        
        -1163 1701 return
      
    </CharString>
    
      
    <CharString index="121">
        
        -89 8 -33 17 return
      
    </CharString>
    
      
    <CharString index="122">
        
        462 105 hstem
        return
      
    </CharString>
    
      
    <CharString index="123">
        
        116 vstem
        return
      
    </CharString>
    
      
    <CharString index="124">
        
        hlineto
        -30 -25 rlineto
        -103 vlineto
        15 -12 rlineto
        return
      
    </CharString>
    
      
    <CharString index="125">
        
        -244 77 140 64 262 79 return
      
    </CharString>
    
      
    <CharString index="126">
        
        -246 -27 callgsubr
        94 79 94 return
      
    </CharString>
    
      
    <CharString index="127">
        
        rlineto
        hintmask 10100000
        return
      
    </CharString>
    
      
    <CharString index="128">
        
        124 vstem
        return
      
    </CharString>
    
      
    <CharString index="129">
        
        rmoveto
        169 107 134 247 return
      
    </CharString>
    
      
    <CharString index="130">
        
        0 143 496 115 hstem
        return
      
    </CharString>
    
      
    <CharString index="131">
        
        -246 rmoveto
        11 96 rlineto
        -89 8 return
      
    </CharString>
    
      
    <CharString index="132">
        
        -105 50 -508 -996 106 -48 return
      
    </CharString>
    
      
    <CharString index="133">
        
        156 71 132 return
      
    </CharString>
    
      
    <CharString index="134">
        
        hstem
        122 128 return
      
    </CharString>
    
      
    <CharString index="135">
        
        322 260 return
      
    </CharString>
    
    
</GlobalSubrs>